SKU,(Child) ASIN,(Parent) ASIN,Brand,Model,Units Ordered,Units Ordered B2B,Ordered Product Sales,Ordered Product Sales B2B,Sessions,Page Views,Buy Box Percentage,Seller Account,Month,WindowStart,WindowEnd
FBA75673,B0B4DPX2J2,B0B4DPX2J2,Audio Array,AM-C1,13,0,24392.37,0.0,64226,87033,1.98,AUDIOARRAY,Aug26,2026-08-01,2026-08-31
FBA75673,B0B4DPX2J2,B0H75LGV59,Audio Array,AM-C1,4,0,6861.86,0.0,2007,2669,0.5,AUDIOARRAY,Aug26,2026-08-01,2026-08-31
FBA75676,B0B4DS678Q,B0B4DS678Q,Audio Array,AM-C4,0,0,0.0,0.0,722,957,18.0,AUDIOARRAY,Aug26,2026-08-01,2026-08-31
FBA75676,B0B4DS678Q,B0G12WL1Q1,Audio Array,AM-C4,2,0,3218.64,0.0,16,20,6.25,AUDIOARRAY,Aug26,2026-08-01,2026-08-31
FBA75674,B0B4G19R58,B0B4G19R58,Audio Array,AM-C2,7,2,21416.45,6134.84,1738,2600,8.07,AUDIOARRAY,Aug26,2026-08-01,2026-08-31
FBA75674,B0B4G19R58,B0H75NGQQS,Audio Array,AM-C2,6,0,18930.61,0.0,40,55,32.69,AUDIOARRAY,Aug26,2026-08-01,2026-08-31
FBA75692,B0B4G1HPL5,B0B4G1HPL5,Audio Array,AM-C11,2,0,7794.92,0.0,9613,11652,34.13,AUDIOARRAY,Aug26,2026-08-01,2026-08-31
FBA75692,B0B4G1HPL5,B0H7CN7MKJ,Audio Array,AM-C11,1,0,0.0,0.0,33,42,8.33,AUDIOARRAY,Aug26,2026-08-01,2026-08-31
FBA75689,B0B4G59Y8W,B0B4G59Y8W,Audio Array,AM-W13,25,4,37522.88,6437.29,4207,6019,54.39,AUDIOARRAY,Aug26,2026-08-01,2026-08-31
FBA75689,B0B4G59Y8W,B0H9VBY8XH,Audio Array,AM-W13,24,1,37269.49,1694.07,96,141,47.2,AUDIOARRAY,Aug26,2026-08-01,2026-08-31
FBA75691,B0B4G5JG4P,B0B4G5JG4P,Audio Array,AM-W14,11,0,52686.44,0.0,8849,12797,14.82,AUDIOARRAY,Aug26,2026-08-01,2026-08-31
FBA75691,B0B4G5JG4P,B0H8DQZSK8,Audio Array,AM-W14,0,0,0.0,0.0,263,401,0.59,AUDIOARRAY,Aug26,2026-08-01,2026-08-31
FBA75688,B0B4G763WS,B0B4G763WS,Audio Array,AM-W12,0,0,0.0,0.0,2938,4066,4.71,AUDIOARRAY,Aug26,2026-08-01,2026-08-31
FBA75688,B0B4G763WS,B0H9VBY8XH,Audio Array,AM-W12,0,0,0.0,0.0,80,139,14.78,AUDIOARRAY,Aug26,2026-08-01,2026-08-31
FBA75684,B0B4G7VWXD,B0B4G7VWXD,Audio Array,AA-04,3,0,4252.54,0.0,1045,1532,13.37,AUDIOARRAY,Aug26,2026-08-01,2026-08-31
FBA75678,B0B4G8PH2P,B0B4G8PH2P,Audio Array,AA-01,0,0,0.0,0.0,468,569,1.64,AUDIOARRAY,Aug26,2026-08-01,2026-08-31
FBA75678,B0B4G8PH2P,B0HB3VYQFH,Audio Array,AA-01,0,0,0.0,0.0,22,32,0.0,AUDIOARRAY,Aug26,2026-08-01,2026-08-31
FBA75675,B0B4G8ZB64,B0B4G8ZB64,Audio Array,AM-C3,5,0,3926.77,0.0,1355,1939,8.79,AUDIOARRAY,Aug26,2026-08-01,2026-08-31
FBA75675,B0B4G8ZB64,B0F8NTF8S6,Audio Array,AM-C3,2,0,846.61,0.0,0,0,0.0,AUDIOARRAY,Aug26,2026-08-01,2026-08-31
FBA75683,B0B4G94VP3,B0B4G94VP3,Audio Array,AA-03,8,0,3383.05,0.0,1061,1296,3.93,AUDIOARRAY,Aug26,2026-08-01,2026-08-31
FBA75679,B0B4JRQP22,B0B4JRQP22,Audio Array,AA-02,0,0,0.0,0.0,1437,1915,1.25,AUDIOARRAY,Aug26,2026-08-01,2026-08-31
FBA75690,B0B4K87PR4,B0B4K87PR4,Audio Array,AM-C10,1,0,3185.59,0.0,3480,4178,16.52,AUDIOARRAY,Aug26,2026-08-01,2026-08-31
FBA75690,B0B4K87PR4,B0H8QH7D62,Audio Array,AM-C10,1,1,3388.98,3388.98,116,138,6.15,AUDIOARRAY,Aug26,2026-08-01,2026-08-31
FBA75677,B0B4KC7VBM,B0B4KC7VBM,Audio Array,AM-C5,7,0,13733.05,0.0,2230,2744,57.59,AUDIOARRAY,Aug26,2026-08-01,2026-08-31
FBA75677,B0B4KC7VBM,B0H8QH7D62,Audio Array,AM-C5,8,0,16264.41,0.0,77,91,92.05,AUDIOARRAY,Aug26,2026-08-01,2026-08-31
FBA76414,B0BLJVJ2GN,B0BLJVJ2GN,Audio Array,AA-05,4,0,1971.19,0.0,2672,3614,4.41,AUDIOARRAY,Aug26,2026-08-01,2026-08-31
FBA76414,B0BLJVJ2GN,B0HB3VYQFH,Audio Array,AA-05,1,0,550.0,0.0,91,125,4.31,AUDIOARRAY,Aug26,2026-08-01,2026-08-31
FBA76716,B0BLK8DNPD,B0BLK8DNPD,Audio Array,AM-C13,0,0,0.0,0.0,19,24,100.0,AUDIOARRAY,Aug26,2026-08-01,2026-08-31
FBA76730,B0BLKB6FRR,B0BLKB6FRR,Audio Array,AM-C27,0,0,0.0,0.0,29,30,20.69,AUDIOARRAY,Aug26,2026-08-01,2026-08-31
FBA76742,B0BLKBJ5HN,B0BLKBJ5HN,Audio Array,AM-K1,3,0,23133.05,0.0,475,639,99.83,AUDIOARRAY,Aug26,2026-08-01,2026-08-31
FBA76742,B0BLKBJ5HN,B0CLDPNHQ1,Audio Array,AM-K1,1,0,7880.51,0.0,13,18,100.0,AUDIOARRAY,Aug26,2026-08-01,2026-08-31
FBA76725,B0BLKCSJ7Z,B0BLKCSJ7Z,Audio Array,AM-C22,1,0,1016.1,0.0,488,569,28.16,AUDIOARRAY,Aug26,2026-08-01,2026-08-31
FBA76720,B0BLKCWZQD,B0BLKCWZQD,Audio Array,AM-C17,1,0,380.51,0.0,110,135,92.86,AUDIOARRAY,Aug26,2026-08-01,2026-08-31
FBA76726,B0BLKD4815,B0BLKD4815,Audio Array,AM-C23,0,0,0.0,0.0,19,21,89.47,AUDIOARRAY,Aug26,2026-08-01,2026-08-31
FBA76739,B0BLRK37TB,B0BLRK37TB,Audio Array,AA-12,0,0,0.0,0.0,3,3,100.0,AUDIOARRAY,Aug26,2026-08-01,2026-08-31
FBA76736,B0BLS63XCL,B0BLS63XCL,Audio Array,AA-09,1,0,1778.81,0.0,40,76,94.64,AUDIOARRAY,Aug26,2026-08-01,2026-08-31
FBA76862,B0BPLWW72Y,B0BPLWW72Y,Audio Array,AM-C28,0,0,0.0,0.0,4009,5284,5.43,AUDIOARRAY,Aug26,2026-08-01,2026-08-31
FBA76862,B0BPLWW72Y,B0H8QH7D62,Audio Array,AM-C28,16,15,22125.81,20702.92,123,160,6.04,AUDIOARRAY,Aug26,2026-08-01,2026-08-31
FBA76864,B0BPLZ5CGV,B0BPLZ5CGV,Audio Array,AI-04 Red,14,2,51791.39,7716.43,34636,50090,2.64,AUDIOARRAY,Aug26,2026-08-01,2026-08-31
FBA76864,B0BPLZ5CGV,B0HFSGKBPF,Audio Array,AI-04 Red,5,0,19968.72,0.0,952,1327,0.41,AUDIOARRAY,Aug26,2026-08-01,2026-08-31
FBA76863,B0BPM2T7BQ,B0BPM2T7BQ,Audio Array,AI-03,1,0,3388.98,0.0,4080,5259,2.11,AUDIOARRAY,Aug26,2026-08-01,2026-08-31
FBA76863,B0BPM2T7BQ,B0DRVY37P2,Audio Array,AI-03,3,0,10166.95,0.0,148,204,5.08,AUDIOARRAY,Aug26,2026-08-01,2026-08-31
FBA77011,B0BPMN89NG,B0BPMN89NG,Audio Array,AM-C29,4,0,4192.37,0.0,276,380,97.94,AUDIOARRAY,Aug26,2026-08-01,2026-08-31
FBA77011,B0BPMN89NG,B0DRW14WZF,Audio Array,AM-C29,1,0,1482.2,0.0,5,9,88.89,AUDIOARRAY,Aug26,2026-08-01,2026-08-31
FBA76597,B0BQ7H7418,B0BQ7H7418,Audio Array,AA-06,4,0,4338.14,0.0,1152,1599,3.89,AUDIOARRAY,Aug26,2026-08-01,2026-08-31
FBA76597,B0BQ7H7418,B0HB3VYQFH,Audio Array,AA-06,0,0,0.0,0.0,42,57,1.85,AUDIOARRAY,Aug26,2026-08-01,2026-08-31
FBA78203,B0C4YTNJG7,B0C4YTNJG7,Audio Array,AM-C30,1,0,1694.07,0.0,341,430,38.83,AUDIOARRAY,Aug26,2026-08-01,2026-08-31
FBA78203,B0C4YTNJG7,B0DRVVKKQZ,Audio Array,AM-C30,0,0,0.0,0.0,2,2,50.0,AUDIOARRAY,Aug26,2026-08-01,2026-08-31
FBA78205,B0C539RBGL,B0C539RBGL,Audio Array,AM-C32,3,0,4319.49,0.0,186,261,62.45,AUDIOARRAY,Aug26,2026-08-01,2026-08-31
FBA78205,B0C539RBGL,B0DRW14WZF,Audio Array,AM-C32,0,0,0.0,0.0,0,0,0.0,AUDIOARRAY,Aug26,2026-08-01,2026-08-31
FBA78420,B0C5957W3P,B0C5957W3P,Audio Array,AM-C33,2,0,761.02,0.0,113,156,99.3,AUDIOARRAY,Aug26,2026-08-01,2026-08-31
FBA78423,B0C598Q6PT,B0C598Q6PT,Audio Array,AM-C36,0,0,0.0,0.0,23,25,64.0,AUDIOARRAY,Aug26,2026-08-01,2026-08-31
FBA76737,B0C59G1C4N,B0C59G1C4N,Audio Array,AA-10,0,0,0.0,0.0,38,53,100.0,AUDIOARRAY,Aug26,2026-08-01,2026-08-31
FBA78925,B0CBC7QMNV,B0CBC7QMNV,Audio Array,AM-C11X,1,0,3092.37,0.0,761,1066,3.81,AUDIOARRAY,Aug26,2026-08-01,2026-08-31
FBA78925,B0CBC7QMNV,B0H7CN7MKJ,Audio Array,AM-C11X,0,0,0.0,0.0,18,20,0.0,AUDIOARRAY,Aug26,2026-08-01,2026-08-31
FBA78960,B0CBCB82MT,B0CBCB82MT,Audio Array,AM-C39,3,0,4018.64,0.0,10680,13072,21.95,AUDIOARRAY,Aug26,2026-08-01,2026-08-31
FBA78960,B0CBCB82MT,B0H75NGQQS,Audio Array,AM-C39,2,0,2710.17,0.0,32,54,9.62,AUDIOARRAY,Aug26,2026-08-01,2026-08-31
FBA78973,B0CF5R3V95,B0CF5R3V95,Audio Array,AA-19,4,2,12823.73,6300.0,3319,4826,4.28,AUDIOARRAY,Aug26,2026-08-01,2026-08-31
FBA78973,B0CF5R3V95,B0D95RYNSF,Audio Array,AA-19,1,0,3261.86,0.0,121,176,1.82,AUDIOARRAY,Aug26,2026-08-01,2026-08-31
FBA78974,B0CF5RRTDJ,B0CF5RRTDJ,Audio Array,AA-20,1,0,1694.07,0.0,598,842,9.32,AUDIOARRAY,Aug26,2026-08-01,2026-08-31
FBA78974,B0CF5RRTDJ,B0HB3VYQFH,Audio Array,AA-20,0,0,0.0,0.0,20,21,14.29,AUDIOARRAY,Aug26,2026-08-01,2026-08-31
FBA78976,B0CF5SHL15,B0CF5SHL15,Audio Array,AA-22,2,0,6269.49,0.0,528,662,43.32,AUDIOARRAY,Aug26,2026-08-01,2026-08-31
FBA78975,B0CF5TCQKL,B0CF5TCQKL,Audio Array,AA-21,7,0,21832.75,0.0,7181,9701,3.65,AUDIOARRAY,Aug26,2026-08-01,2026-08-31
FBA78975,B0CF5TCQKL,B0CNZ71466,Audio Array,AA-21,4,0,12395.04,0.0,204,315,1.92,AUDIOARRAY,Aug26,2026-08-01,2026-08-31
FBA79016,B0CH4R1V6S,B0CH4R1V6S,Audio Array,AM-C3a,2,0,677.12,0.0,861,1201,5.95,AUDIOARRAY,Aug26,2026-08-01,2026-08-31
FBA79016,B0CH4R1V6S,B0F8NTF8S6,Audio Array,AM-C3a,0,0,0.0,0.0,14,17,0.0,AUDIOARRAY,Aug26,2026-08-01,2026-08-31
FBA79011,B0CH4RNWJX,B0CH4RNWJX,Audio Array,AM-C43,2,0,4235.59,0.0,4243,6359,1.83,AUDIOARRAY,Aug26,2026-08-01,2026-08-31
FBA79011,B0CH4RNWJX,B0H75NGQQS,Audio Array,AM-C43,0,0,0.0,0.0,117,175,0.0,AUDIOARRAY,Aug26,2026-08-01,2026-08-31
FBA79008,B0CH4RT4P8,B0CH4RT4P8,Audio Array,AI-06,1,0,2280.51,0.0,16297,19459,10.94,AUDIOARRAY,Aug26,2026-08-01,2026-08-31
FBA79008,B0CH4RT4P8,B0H8F62B53,Audio Array,AI-06,1,0,2965.25,0.0,102,125,20.87,AUDIOARRAY,Aug26,2026-08-01,2026-08-31
FBA79010,B0CH4T2BJD,B0CH4T2BJD,Audio Array,AM-C42,3,0,5972.03,0.0,539,708,38.29,AUDIOARRAY,Aug26,2026-08-01,2026-08-31
FBA79010,B0CH4T2BJD,B0G12NY3R2,Audio Array,AM-C42,1,0,1905.93,0.0,15,15,73.33,AUDIOARRAY,Aug26,2026-08-01,2026-08-31
FBA77171,B0CH4VCD6R,B0CH4VCD6R,Audio Array,AC-6XL,12,0,5498.31,0.0,3455,5318,7.34,AUDIOARRAY,Aug26,2026-08-01,2026-08-31
FBA77171,B0CH4VCD6R,B0H9YT5YP7,Audio Array,AC-6XL,5,0,2326.27,0.0,93,145,0.0,AUDIOARRAY,Aug26,2026-08-01,2026-08-31
FBA79064,B0CJR76Y7G,B0CJR76Y7G,Audio Array,AA-25,1,0,689.83,0.0,2496,3324,3.52,AUDIOARRAY,Aug26,2026-08-01,2026-08-31
FBA79064,B0CJR76Y7G,B0FRG56B8K,Audio Array,AA-25,0,0,0.0,0.0,76,103,0.0,AUDIOARRAY,Aug26,2026-08-01,2026-08-31
FBA79005,B0CKHVHVQ1,B0CKHVHVQ1,Audio Array,AM-W45,7,1,31721.19,4575.42,12341,17273,4.1,AUDIOARRAY,Aug26,2026-08-01,2026-08-31
FBA79005,B0CKHVHVQ1,B0H8QH7D62,Audio Array,AM-W45,5,2,22877.12,9150.85,392,544,0.61,AUDIOARRAY,Aug26,2026-08-01,2026-08-31
FBA79103,B0CM6NTWBP,B0CM6NTWBP,Audio Array,AI-10,7,0,17761.02,0.0,4860,7095,8.45,AUDIOARRAY,Aug26,2026-08-01,2026-08-31
FBA79103,B0CM6NTWBP,B0H8DS9CHF,Audio Array,AI-10,1,1,2626.27,2626.27,123,171,0.0,AUDIOARRAY,Aug26,2026-08-01,2026-08-31
FBA79104,B0CM6NVLT9,B0CM6NVLT9,Audio Array,AI-11,7,0,6664.43,0.0,7155,10346,10.97,AUDIOARRAY,Aug26,2026-08-01,2026-08-31
FBA79104,B0CM6NVLT9,B0H8DS9CHF,Audio Array,AI-11,6,0,8089.86,0.0,229,338,2.63,AUDIOARRAY,Aug26,2026-08-01,2026-08-31
FBA79105,B0CM6WH4ZT,B0CM6WH4ZT,Audio Array,AI-12,18,1,18390.31,1185.59,11376,14948,10.0,AUDIOARRAY,Aug26,2026-08-01,2026-08-31
FBA79109,B0CM9HYVDM,B0CM9HYVDM,Audio Array,AM-W18,0,0,0.0,0.0,1533,2032,3.34,AUDIOARRAY,Aug26,2026-08-01,2026-08-31
FBA79109,B0CM9HYVDM,B0H337K6R2,Audio Array,AM-W18,2,0,2015.25,0.0,42,60,3.7,AUDIOARRAY,Aug26,2026-08-01,2026-08-31
FBA79106,B0CM9KJZWQ,B0CM9KJZWQ,Audio Array,AM-C44,1,0,3982.2,0.0,653,991,9.08,AUDIOARRAY,Aug26,2026-08-01,2026-08-31
FBA79106,B0CM9KJZWQ,B0H8DMYBXH,Audio Array,AM-C44,1,0,3982.2,0.0,24,31,25.93,AUDIOARRAY,Aug26,2026-08-01,2026-08-31
FBA79108,B0CM9L1QZG,B0CM9L1QZG,Audio Array,AM-W16,3,0,3429.66,0.0,1135,1470,24.23,AUDIOARRAY,Aug26,2026-08-01,2026-08-31
FBA79108,B0CM9L1QZG,B0H8T546FX,Audio Array,AM-W16,0,0,0.0,0.0,13,13,30.77,AUDIOARRAY,Aug26,2026-08-01,2026-08-31
FBA79107,B0CM9P5CCK,B0CM9P5CCK,Audio Array,AM-W17,1,0,1439.83,0.0,1278,1563,17.76,AUDIOARRAY,Aug26,2026-08-01,2026-08-31
FBA79107,B0CM9P5CCK,B0H8T5CTK3,Audio Array,AM-W17,0,0,0.0,0.0,25,27,7.41,AUDIOARRAY,Aug26,2026-08-01,2026-08-31
FBA79230,B0CX1XK5R6,B0CX1XK5R6,Audio Array,AM-W46,0,0,0.0,0.0,595,668,21.21,AUDIOARRAY,Aug26,2026-08-01,2026-08-31
FBA79230,B0CX1XK5R6,B0H2MP379K,Audio Array,AM-W46,0,0,0.0,0.0,12,14,50.0,AUDIOARRAY,Aug26,2026-08-01,2026-08-31
FBA79379,B0D3LZWTHV,B0D3LZWTHV,Audio Array,AM-C45,0,0,0.0,0.0,1028,1418,1.06,AUDIOARRAY,Aug26,2026-08-01,2026-08-31
FBA79379,B0D3LZWTHV,B0H8DD57Z6,Audio Array,AM-C45,0,0,0.0,0.0,26,32,0.0,AUDIOARRAY,Aug26,2026-08-01,2026-08-31
FBA79380,B0D3M1B4Z8,B0D3M1B4Z8,Audio Array,AM-C46,1,0,2965.25,0.0,6709,8423,0.82,AUDIOARRAY,Aug26,2026-08-01,2026-08-31
FBA79380,B0D3M1B4Z8,B0H75LGV59,Audio Array,AM-C46,0,0,0.0,0.0,253,319,0.33,AUDIOARRAY,Aug26,2026-08-01,2026-08-31
FBA79355,B0D3M86SH1,B0D3M86SH1,Audio Array,AA-19BL,3,0,8124.58,0.0,2557,2964,4.92,AUDIOARRAY,Aug26,2026-08-01,2026-08-31
FBA79355,B0D3M86SH1,B0D95RYNSF,Audio Array,AA-19BL,0,0,0.0,0.0,67,70,2.94,AUDIOARRAY,Aug26,2026-08-01,2026-08-31
FBA79356,B0D3Q2T5XX,B0D3Q2T5XX,Audio Array,AA-19WL,1,0,3727.97,0.0,7459,8572,44.26,AUDIOARRAY,Aug26,2026-08-01,2026-08-31
FBA79356,B0D3Q2T5XX,B0D95RYNSF,Audio Array,AA-19WL,0,0,0.0,0.0,25,26,11.54,AUDIOARRAY,Aug26,2026-08-01,2026-08-31
FBA79448,B0DFMKY4TT,B0DFMKY4TT,Audio Array,AM-W35,0,0,0.0,0.0,957,1195,6.62,AUDIOARRAY,Aug26,2026-08-01,2026-08-31
FBA79448,B0DFMKY4TT,B0H9VBY8XH,Audio Array,AM-W35,0,0,0.0,0.0,28,42,2.7,AUDIOARRAY,Aug26,2026-08-01,2026-08-31
FBA79445,B0DFMLS8JG,B0DFMLS8JG,Audio Array,AM-W32,3,0,9150.0,0.0,971,1356,46.93,AUDIOARRAY,Aug26,2026-08-01,2026-08-31
FBA79445,B0DFMLS8JG,B0H9VBY8XH,Audio Array,AM-W32,3,0,10166.95,0.0,31,52,0.0,AUDIOARRAY,Aug26,2026-08-01,2026-08-31
FBA79447,B0DFMLXD9S,B0DFMLXD9S,Audio Array,AM-W34,0,0,0.0,0.0,1806,2473,14.42,AUDIOARRAY,Aug26,2026-08-01,2026-08-31
FBA79447,B0DFMLXD9S,B0H9VBY8XH,Audio Array,AM-W34,0,0,0.0,0.0,40,60,5.66,AUDIOARRAY,Aug26,2026-08-01,2026-08-31
FBA79446,B0DFMMTWLY,B0DFMMTWLY,Audio Array,AM-W33,6,0,8419.52,0.0,822,1123,31.59,AUDIOARRAY,Aug26,2026-08-01,2026-08-31
FBA79446,B0DFMMTWLY,B0H9VBY8XH,Audio Array,AM-W33,5,0,6725.45,0.0,26,43,48.84,AUDIOARRAY,Aug26,2026-08-01,2026-08-31
FBA79449,B0DFMNGFTD,B0DFMNGFTD,Audio Array,AM-W36,1,0,5338.14,0.0,1518,2080,17.65,AUDIOARRAY,Aug26,2026-08-01,2026-08-31
FBA79449,B0DFMNGFTD,B0H8DQZSK8,Audio Array,AM-W36,2,0,5338.14,0.0,53,65,16.13,AUDIOARRAY,Aug26,2026-08-01,2026-08-31
FBA79465,B0DFMQCGT1,B0DFMQCGT1,Audio Array,AM-W21,0,0,0.0,0.0,54,64,33.33,AUDIOARRAY,Aug26,2026-08-01,2026-08-31
FBA79653,B0DN6LJZBR,B0DN6LJZBR,Audio Array,AM-C45 Pro,0,0,0.0,0.0,1445,1963,32.19,AUDIOARRAY,Aug26,2026-08-01,2026-08-31
FBA79653,B0DN6LJZBR,B0H8DD57Z6,Audio Array,AM-C45 Pro,0,0,0.0,0.0,45,55,41.18,AUDIOARRAY,Aug26,2026-08-01,2026-08-31
FBA79654,B0DN6MNS1X,B0DN6MNS1X,Audio Array,AM-C11 Pro,0,0,0.0,0.0,900,1306,2.39,AUDIOARRAY,Aug26,2026-08-01,2026-08-31
FBA79654,B0DN6MNS1X,B0H7CN7MKJ,Audio Array,AM-C11 Pro,0,0,0.0,0.0,27,39,0.0,AUDIOARRAY,Aug26,2026-08-01,2026-08-31
FBA79655,B0DN6PFWNK,B0DN6PFWNK,Audio Array,AM-C44 Pro,0,0,0.0,0.0,480,675,6.26,AUDIOARRAY,Aug26,2026-08-01,2026-08-31
FBA79655,B0DN6PFWNK,B0H8DMYBXH,Audio Array,AM-C44 Pro,0,0,0.0,0.0,5,5,0.0,AUDIOARRAY,Aug26,2026-08-01,2026-08-31
FBA79694,B0DT6T6N6B,B0DT6T6N6B,Audio Array,AA-26,31,2,14794.92,1015.25,8573,11891,7.31,AUDIOARRAY,Aug26,2026-08-01,2026-08-31
FBA79482,B0DXFPM4N2,B0DXFPM4N2,Audio Array,AM-S1,5,0,37570.34,0.0,23816,33467,4.95,AUDIOARRAY,Aug26,2026-08-01,2026-08-31
FBA79482,B0DXFPM4N2,B0H9F2DDLF,Audio Array,AM-S1,8,1,61010.17,7626.27,727,994,1.77,AUDIOARRAY,Aug26,2026-08-01,2026-08-31
FBA79722,B0F2HYY7JF,B0F2HYY7JF,Audio Array,AM-W21,0,0,0.0,0.0,43,67,36.67,AUDIOARRAY,Aug26,2026-08-01,2026-08-31
FBA79783,B0FF9R3GKK,B0FF9R3GKK,Audio Array,AM-C47,0,0,0.0,0.0,160,244,24.41,AUDIOARRAY,Aug26,2026-08-01,2026-08-31
FBA79708,B0FFB6YJM1,B0FFB6YJM1,Audio Array,SB-01,8,0,8108.47,0.0,17552,23838,6.26,AUDIOARRAY,Aug26,2026-08-01,2026-08-31
FBA79708,B0FFB6YJM1,B0H337K6R2,Audio Array,SB-01,4,0,4064.41,0.0,435,601,4.5,AUDIOARRAY,Aug26,2026-08-01,2026-08-31
FBA79813,B0FG88HVQ8,B0FG88HVQ8,Audio Array,AH-50,21,0,34945.27,0.0,13738,20317,6.14,AUDIOARRAY,Aug26,2026-08-01,2026-08-31
FBA79825,B0FJ2DT13L,B0FJ2DT13L,Audio Array,GB-02 (AM-C43 + AI-11),1,0,3261.86,0.0,4419,5787,12.7,AUDIOARRAY,Aug26,2026-08-01,2026-08-31
FBA79825,B0FJ2DT13L,B0H8DS9CHF,Audio Array,GB-02 (AM-C43 + AI-11),4,0,13047.46,0.0,107,149,6.99,AUDIOARRAY,Aug26,2026-08-01,2026-08-31
FBA79823,B0FJ2HZCVN,B0FJ2HZCVN,Audio Array,PB-01 (AM-C11 + AI-04),0,0,0.0,0.0,345,381,25.14,AUDIOARRAY,Aug26,2026-08-01,2026-08-31
FBA79823,B0FJ2HZCVN,B0GYZBSPQT,Audio Array,PB-01 (AM-C11 + AI-04),0,0,0.0,0.0,9,11,60.0,AUDIOARRAY,Aug26,2026-08-01,2026-08-31
FBA79822,B0FJ2J6MTF,B0FJ2J6MTF,Audio Array,KB-01 (AM-W32 + AI-12),0,0,0.0,0.0,586,843,5.94,AUDIOARRAY,Aug26,2026-08-01,2026-08-31
FBA79821,B0FJ2JJZL3,B0FJ2JJZL3,Audio Array,"UB-01 (AI-04, AM-S1, AA-21, AM-C2)",0,0,0.0,0.0,2355,2809,31.02,AUDIOARRAY,Aug26,2026-08-01,2026-08-31
FBA79821,B0FJ2JJZL3,B0H9F2DDLF,Audio Array,"UB-01 (AI-04, AM-S1, AA-21, AM-C2)",1,0,17795.76,0.0,115,145,14.89,AUDIOARRAY,Aug26,2026-08-01,2026-08-31
FBA79824,B0FJ2K95XT,B0FJ2K95XT,Audio Array,GB-01 (AM-C43 +AI-10),0,0,0.0,0.0,967,1171,5.44,AUDIOARRAY,Aug26,2026-08-01,2026-08-31
FBA79824,B0FJ2K95XT,B0H8DS9CHF,Audio Array,GB-01 (AM-C43 +AI-10),0,0,0.0,0.0,19,26,0.0,AUDIOARRAY,Aug26,2026-08-01,2026-08-31
FBA79826,B0FJ2LQT7K,B0FJ2LQT7K,Audio Array,PB-02 (AI-04 Red + AM-C11 + AA-05),0,0,0.0,0.0,4864,5663,52.47,AUDIOARRAY,Aug26,2026-08-01,2026-08-31
FBA79826,B0FJ2LQT7K,B0FR9H2QQY,Audio Array,PB-02 (AI-04 Red + AM-C11 + AA-05),0,0,0.0,0.0,4,4,0.0,AUDIOARRAY,Aug26,2026-08-01,2026-08-31
FBA79833,B0FJ8PZ9H7,B0FJ8PZ9H7,Audio Array,PB-04 (AI-04 Red + AM-C44 x 2),1,0,11524.58,0.0,794,962,5.13,AUDIOARRAY,Aug26,2026-08-01,2026-08-31
FBA79833,B0FJ8PZ9H7,B0GYZBSPQT,Audio Array,PB-04 (AI-04 Red + AM-C44 x 2),0,0,0.0,0.0,20,25,4.0,AUDIOARRAY,Aug26,2026-08-01,2026-08-31
FBA79832,B0FJ8S53GW,B0FJ8S53GW,Audio Array,GB-05 (AM-C43 + AI-06),0,0,0.0,0.0,1069,1273,25.27,AUDIOARRAY,Aug26,2026-08-01,2026-08-31
FBA79832,B0FJ8S53GW,B0H8F62B53,Audio Array,GB-05 (AM-C43 + AI-06),0,0,0.0,0.0,24,27,11.54,AUDIOARRAY,Aug26,2026-08-01,2026-08-31
FBA79827,B0FJ8S5XJ8,B0FJ8S5XJ8,Audio Array,PB-03 (AI-04 Red + AM-C11 x 2),0,0,0.0,0.0,12546,15187,38.01,AUDIOARRAY,Aug26,2026-08-01,2026-08-31
FBA79827,B0FJ8S5XJ8,B0GYZBSPQT,Audio Array,PB-03 (AI-04 Red + AM-C11 x 2),0,0,0.0,0.0,42,51,0.0,AUDIOARRAY,Aug26,2026-08-01,2026-08-31
FBA79834,B0FJ8T4WXM,B0FJ8T4WXM,Audio Array,PB-05 (AA-05 + AM-C11 + AI-04),0,0,0.0,0.0,51,58,7.14,AUDIOARRAY,Aug26,2026-08-01,2026-08-31
FBA79830,B0FJ8TSQK1,B0FJ8TSQK1,Audio Array,GB-03 (AI-12 + AM-C43),15,2,38367.61,5321.0,10178,15695,26.38,AUDIOARRAY,Aug26,2026-08-01,2026-08-31
FBA79830,B0FJ8TSQK1,B0H75LGV59,Audio Array,GB-03 (AI-12 + AM-C43),34,0,82727.97,0.0,438,728,10.24,AUDIOARRAY,Aug26,2026-08-01,2026-08-31
FBA79835,B0FJ8TWCQZ,B0FJ8TWCQZ,Audio Array,PB-06 (AA-05 + AM-C44 + AI-04),0,0,0.0,0.0,73,87,21.18,AUDIOARRAY,Aug26,2026-08-01,2026-08-31
FBA79835,B0FJ8TWCQZ,B0FR9H2QQY,Audio Array,PB-06 (AA-05 + AM-C44 + AI-04),0,0,0.0,0.0,2,2,0.0,AUDIOARRAY,Aug26,2026-08-01,2026-08-31
FBA79831,B0FJ8W5Y9Q,B0FJ8W5Y9Q,Audio Array,GB-04 (AM-C45 + AI-06),0,0,0.0,0.0,133,171,27.65,AUDIOARRAY,Aug26,2026-08-01,2026-08-31
FBA79831,B0FJ8W5Y9Q,B0FRGCJMPY,Audio Array,GB-04 (AM-C45 + AI-06),0,0,0.0,0.0,30,30,16.67,AUDIOARRAY,Aug26,2026-08-01,2026-08-31
FBA79836,B0FJ8Z1W81,B0FJ8Z1W81,Audio Array,PB-07 (AA-05 + AM-C45 + AI-04),0,0,0.0,0.0,81,108,0.0,AUDIOARRAY,Aug26,2026-08-01,2026-08-31
FBA79836,B0FJ8Z1W81,B0FR9H2QQY,Audio Array,PB-07 (AA-05 + AM-C45 + AI-04),0,0,0.0,0.0,1,1,0.0,AUDIOARRAY,Aug26,2026-08-01,2026-08-31
FBM79783,B0FJS57732,B0FJS57732,Audio Array,AM-C47,43,3,100388.14,7158.47,6371,8380,99.72,AUDIOARRAY,Aug26,2026-08-01,2026-08-31
FBM79783,B0FJS57732,B0H75LGV59,Audio Array,AM-C47,48,0,106226.53,0.0,245,309,99.31,AUDIOARRAY,Aug26,2026-08-01,2026-08-31
FBK79708,B0FJS7JZ4V,B0FJS7JZ4V,Audio Array,SB-01,1,0,1016.1,0.0,255,370,100.0,AUDIOARRAY,Aug26,2026-08-01,2026-08-31
FBK79009,B0FLYHJ6DK,B0FLYHJ6DK,Audio Array,AM-C41,0,0,0.0,0.0,557,747,21.28,AUDIOARRAY,Aug26,2026-08-01,2026-08-31
FBK79009,B0FLYHJ6DK,B0G12T1GSK,Audio Array,AM-C41,0,0,0.0,0.0,15,17,23.53,AUDIOARRAY,Aug26,2026-08-01,2026-08-31
FBK79010,B0FLYJFC22,B0FLYJFC22,Audio Array,AM-C42,0,0,0.0,0.0,196,249,24.9,AUDIOARRAY,Aug26,2026-08-01,2026-08-31
FBK79010,B0FLYJFC22,B0G12T1GSK,Audio Array,AM-C42,0,0,0.0,0.0,2,2,50.0,AUDIOARRAY,Aug26,2026-08-01,2026-08-31
FBA79845,B0FN7B3KWS,B0FN7B3KWS,Audio Array,UB-02 (AM-S1 + AA-21),2,0,18303.39,0.0,10930,12974,9.07,AUDIOARRAY,Aug26,2026-08-01,2026-08-31
FBA79845,B0FN7B3KWS,B0H9F2DDLF,Audio Array,UB-02 (AM-S1 + AA-21),0,0,0.0,0.0,292,336,6.13,AUDIOARRAY,Aug26,2026-08-01,2026-08-31
FBA79846,B0FN7C25VS,B0FN7C25VS,Audio Array,AM-C11X Pro,1,0,3274.58,0.0,292,363,17.37,AUDIOARRAY,Aug26,2026-08-01,2026-08-31
FBA79847,B0FN7FYZM3,B0FN7FYZM3,Audio Array,PB-09 (AM-C45 + AI-06 + AA-05),0,0,0.0,0.0,925,1203,1.96,AUDIOARRAY,Aug26,2026-08-01,2026-08-31
FBA79847,B0FN7FYZM3,B0FRGCJMPY,Audio Array,PB-09 (AM-C45 + AI-06 + AA-05),0,0,0.0,0.0,741,833,0.0,AUDIOARRAY,Aug26,2026-08-01,2026-08-31
FBA79815,B0FPR7VFCH,B0FPR7VFCH,Audio Array,AM-W19,0,0,0.0,0.0,105,144,2.92,AUDIOARRAY,Aug26,2026-08-01,2026-08-31
FBA79841,B0FQBTRM28,B0FQBTRM28,Audio Array,AH-60-BL,0,0,0.0,0.0,1147,1634,0.33,AUDIOARRAY,Aug26,2026-08-01,2026-08-31
FBA79841,B0FQBTRM28,B0HFSWZ483,Audio Array,AH-60-BL,0,0,0.0,0.0,38,48,0.0,AUDIOARRAY,Aug26,2026-08-01,2026-08-31
FBA79840,B0FQBWV1ST,B0FQBWV1ST,Audio Array,AH-60-RD,2,0,3345.76,0.0,1574,2103,15.86,AUDIOARRAY,Aug26,2026-08-01,2026-08-31
FBA79840,B0FQBWV1ST,B0HFSWZ483,Audio Array,AH-60-RD,0,0,0.0,0.0,68,95,11.76,AUDIOARRAY,Aug26,2026-08-01,2026-08-31
FBA79838,B0FQBX8J17,B0FQBX8J17,Audio Array,AH-40 SL,29,5,29341.53,5288.98,4058,5669,15.16,AUDIOARRAY,Aug26,2026-08-01,2026-08-31
FBA79838,B0FQBX8J17,B0HFSWZ483,Audio Array,AH-40 SL,28,26,28423.88,26222.19,131,186,10.18,AUDIOARRAY,Aug26,2026-08-01,2026-08-31
FBA79839,B0FQBXS6Y2,B0FQBXS6Y2,Audio Array,AH-45 BK,18,1,21044.07,1191.53,7375,10714,4.33,AUDIOARRAY,Aug26,2026-08-01,2026-08-31
FBA79839,B0FQBXS6Y2,B0HFSWZ483,Audio Array,AH-45 BK,0,0,0.0,0.0,244,355,0.0,AUDIOARRAY,Aug26,2026-08-01,2026-08-31
FBA79820,B0FQJWWDVK,B0FQJWWDVK,Audio Array,AC-3XL,10,1,3716.1,367.8,863,1094,31.8,AUDIOARRAY,Aug26,2026-08-01,2026-08-31
FBA79820,B0FQJWWDVK,B0H9YT5YP7,Audio Array,AC-3XL,12,0,4566.1,0.0,14,18,53.33,AUDIOARRAY,Aug26,2026-08-01,2026-08-31
FBA79903,B0FR5DLXH9,B0FR5DLXH9,Audio Array,AA-25M,16,0,10939.01,0.0,1070,1418,99.85,AUDIOARRAY,Aug26,2026-08-01,2026-08-31
FBA79903,B0FR5DLXH9,B0FRG56B8K,Audio Array,AA-25M,12,0,9142.37,0.0,48,56,100.0,AUDIOARRAY,Aug26,2026-08-01,2026-08-31
FBA79904,B0FTVQQVDC,B0FTVQQVDC,Audio Array,PB-10 (AM-C2+AI-04+AH-60-BL),4,0,32959.32,0.0,44929,59378,8.31,AUDIOARRAY,Aug26,2026-08-01,2026-08-31
FBA79904,B0FTVQQVDC,B0HFSGKBPF,Audio Array,PB-10 (AM-C2+AI-04+AH-60-BL),1,0,8473.73,0.0,1164,1572,8.02,AUDIOARRAY,Aug26,2026-08-01,2026-08-31
FBA79907,B0FTVS34SD,B0FTVS34SD,Audio Array,PB-13 (AM-C43+AH-40-SL+AI-11),0,0,0.0,0.0,483,654,56.66,AUDIOARRAY,Aug26,2026-08-01,2026-08-31
FBA79905,B0FTVSH458,B0FTVSH458,Audio Array,PB-11 (AM-C44+AA-05+AH-45-BK),1,0,4914.41,0.0,10550,12798,42.02,AUDIOARRAY,Aug26,2026-08-01,2026-08-31
FBA79905,B0FTVSH458,B0HFSNM15W,Audio Array,PB-11 (AM-C44+AA-05+AH-45-BK),0,0,0.0,0.0,36,48,57.14,AUDIOARRAY,Aug26,2026-08-01,2026-08-31
FBA79908,B0FTVV1QJY,B0FTVV1QJY,Audio Array,PB-14 (AM-C43+AH-40-SL+AI-12),4,0,14420.34,0.0,5811,7926,52.28,AUDIOARRAY,Aug26,2026-08-01,2026-08-31
FBA79908,B0FTVV1QJY,B0HFSNM15W,Audio Array,PB-14 (AM-C43+AH-40-SL+AI-12),3,0,11692.37,0.0,214,316,50.18,AUDIOARRAY,Aug26,2026-08-01,2026-08-31
FBA79906,B0FTVVLNS9,B0FTVVLNS9,Audio Array,PB-12 (AM-C11+AA-05+AI-04+AH-60-RD),3,0,28811.02,0.0,9488,11966,51.97,AUDIOARRAY,Aug26,2026-08-01,2026-08-31
FBA79909,B0FVM17Q4W,B0FVM17Q4W,Audio Array,AM-W20,10,0,13467.8,0.0,2954,3627,72.38,AUDIOARRAY,Aug26,2026-08-01,2026-08-31
FBA79967,B0G2C2RCXN,B0G2C2RCXN,Audio Array,AM-W19,2,0,3388.14,0.0,437,573,37.36,AUDIOARRAY,Aug26,2026-08-01,2026-08-31
FBA79967,B0G2C2RCXN,B0H8T546FX,Audio Array,AM-W19,1,0,1694.07,0.0,11,11,72.73,AUDIOARRAY,Aug26,2026-08-01,2026-08-31
FBA79959,B0G39ZHDYP,B0G39ZHDYP,Audio Array,AM-W47 Wired,13,2,12807.63,2032.2,9124,13533,9.09,AUDIOARRAY,Aug26,2026-08-01,2026-08-31
FBA79959,B0G39ZHDYP,B0H45ZRGW2,Audio Array,AM-W47 Wired,28,4,28450.85,4064.41,373,561,10.88,AUDIOARRAY,Aug26,2026-08-01,2026-08-31
FBA79960,B0G3B152FR,B0G3B152FR,Audio Array,AM-W47 Wireless,27,0,41587.29,0.0,3958,5911,40.48,AUDIOARRAY,Aug26,2026-08-01,2026-08-31
FBA79960,B0G3B152FR,B0H45ZRGW2,Audio Array,AM-W47 Wireless,20,3,32186.44,4827.97,0,0,0.0,AUDIOARRAY,Aug26,2026-08-01,2026-08-31
FBA79969,B0G3B677Z5,B0G3B677Z5,Audio Array,UB-03 (AM-S1 + AA-22),1,0,9574.58,0.0,1834,2189,18.66,AUDIOARRAY,Aug26,2026-08-01,2026-08-31
FBA79969,B0G3B677Z5,B0H9F2DDLF,Audio Array,UB-03 (AM-S1 + AA-22),0,0,0.0,0.0,46,47,0.0,AUDIOARRAY,Aug26,2026-08-01,2026-08-31
FBA79957,B0G3Q517Y2,B0G3Q517Y2,Audio Array,AM-W23,0,0,0.0,0.0,11497,15141,41.89,AUDIOARRAY,Aug26,2026-08-01,2026-08-31
FBA79957,B0G3Q517Y2,B0H8T5CTK3,Audio Array,AM-W23,1,0,2541.53,0.0,25,32,0.0,AUDIOARRAY,Aug26,2026-08-01,2026-08-31
FBA79958,B0G3Q59X8C,B0G3Q59X8C,Audio Array,AM-W24,2,0,2540.68,0.0,1582,2323,11.76,AUDIOARRAY,Aug26,2026-08-01,2026-08-31
FBA79958,B0G3Q59X8C,B0H8T546FX,Audio Array,AM-W24,1,0,1609.32,0.0,34,40,8.11,AUDIOARRAY,Aug26,2026-08-01,2026-08-31
FBA79842,B0G4DNF8RZ,B0G4DNF8RZ,Audio Array,AM-C48,4,0,10774.58,0.0,1567,2612,8.57,AUDIOARRAY,Aug26,2026-08-01,2026-08-31
FBA79842,B0G4DNF8RZ,B0H8DD57Z6,Audio Array,AM-C48,0,0,0.0,0.0,40,72,2.82,AUDIOARRAY,Aug26,2026-08-01,2026-08-31
FBA79963,B0G53CB72D,B0G53CB72D,Audio Array,AM-Pro8,0,0,0.0,0.0,693,950,43.32,AUDIOARRAY,Aug26,2026-08-01,2026-08-31
FBA79963,B0G53CB72D,B0H499N5Y4,Audio Array,AM-Pro8,0,0,0.0,0.0,0,0,0.0,AUDIOARRAY,Aug26,2026-08-01,2026-08-31
FBA79961,B0G53H49BS,B0G53H49BS,Audio Array,AI-13,25,1,58045.47,2372.03,30468,43174,7.9,AUDIOARRAY,Aug26,2026-08-01,2026-08-31
FBA79961,B0G53H49BS,B0H6WSSCLQ,Audio Array,AI-13,2,0,4744.07,0.0,972,1403,7.64,AUDIOARRAY,Aug26,2026-08-01,2026-08-31
FBA79966,B0G53KWRVW,B0G53KWRVW,Audio Array,AM-Mix10,2,1,16986.44,8512.71,25251,33363,22.18,AUDIOARRAY,Aug26,2026-08-01,2026-08-31
FBA79966,B0G53KWRVW,B0H11MS6ZV,Audio Array,AM-Mix10,2,0,16947.46,0.0,326,504,21.49,AUDIOARRAY,Aug26,2026-08-01,2026-08-31
FBA79962,B0G53LZNY3,B0G53LZNY3,Audio Array,BE-4T,4,0,17454.24,0.0,6369,8234,30.29,AUDIOARRAY,Aug26,2026-08-01,2026-08-31
FBA79962,B0G53LZNY3,B0H6WSSCLQ,Audio Array,BE-4T,2,0,8981.36,0.0,204,259,19.22,AUDIOARRAY,Aug26,2026-08-01,2026-08-31
FBA79968,B0G53M9258,B0G53M9258,Audio Array,AI-14,14,1,71551.69,5083.9,25852,35014,11.08,AUDIOARRAY,Aug26,2026-08-01,2026-08-31
FBA79968,B0G53M9258,B0H6WSSCLQ,Audio Array,AI-14,1,1,5083.9,5083.9,627,838,4.69,AUDIOARRAY,Aug26,2026-08-01,2026-08-31
FBA79965,B0G53PRM34,B0G53PRM34,Audio Array,AM-Mix6,1,0,6679.66,0.0,3626,4608,22.52,AUDIOARRAY,Aug26,2026-08-01,2026-08-31
FBA79965,B0G53PRM34,B0H11MS6ZV,Audio Array,AM-Mix6,1,0,7033.05,0.0,129,161,27.85,AUDIOARRAY,Aug26,2026-08-01,2026-08-31
FBA79972,B0GCP1J2HC,B0GCP1J2HC,Audio Array,M8,0,0,0.0,0.0,4174,5561,13.95,AUDIOARRAY,Aug26,2026-08-01,2026-08-31
FBA79974,B0GD8JSPB1,B0GD8JSPB1,Audio Array,AM-S1,10,1,73720.34,7202.54,2668,3601,99.88,AUDIOARRAY,Aug26,2026-08-01,2026-08-31
FBA79974,B0GD8JSPB1,B0H2MP379K,Audio Array,AM-S1,2,1,15252.54,7626.27,81,108,98.97,AUDIOARRAY,Aug26,2026-08-01,2026-08-31
FBA80016,B0GKPXQ8G3,B0GKPXQ8G3,Audio Array,AM-W22,2,0,5674.6,0.0,18033,23960,37.75,AUDIOARRAY,Aug26,2026-08-01,2026-08-31
FBA80016,B0GKPXQ8G3,B0H8T5CTK3,Audio Array,AM-W22,0,0,0.0,0.0,188,244,4.37,AUDIOARRAY,Aug26,2026-08-01,2026-08-31
FBA79956,B0GMPGNXX3,B0GMPGNXX3,Audio Array,A3-XLR,6,0,2876.27,0.0,539,617,99.84,AUDIOARRAY,Aug26,2026-08-01,2026-08-31
FBA79956,B0GMPGNXX3,B0H9YT5YP7,Audio Array,A3-XLR,4,0,2030.51,0.0,14,16,100.0,AUDIOARRAY,Aug26,2026-08-01,2026-08-31
FBA80007,B0GN2LHJY4,B0GN2LHJY4,Audio Array,MT-12,0,0,0.0,0.0,11800,14807,28.63,AUDIOARRAY,Aug26,2026-08-01,2026-08-31
FBA80007,B0GN2LHJY4,B0H11MS6ZV,Audio Array,MT-12,0,0,0.0,0.0,148,205,14.43,AUDIOARRAY,Aug26,2026-08-01,2026-08-31
FBA79981,B0GN8MFDGZ,B0GN8MFDGZ,Audio Array,AK-61 Neo,0,0,0.0,0.0,3899,5218,21.22,AUDIOARRAY,Aug26,2026-08-01,2026-08-31
FBA79981,B0GN8MFDGZ,B0HBB4SLKH,Audio Array,AK-61 Neo,1,0,4236.44,0.0,113,147,33.58,AUDIOARRAY,Aug26,2026-08-01,2026-08-31
FBA79980,B0GN8MMKY1,B0GN8MMKY1,Audio Array,AK-37-W,1,0,2965.25,0.0,2868,3878,19.97,AUDIOARRAY,Aug26,2026-08-01,2026-08-31
FBA79980,B0GN8MMKY1,B0HBB4SLKH,Audio Array,AK-37-W,0,0,0.0,0.0,99,150,21.8,AUDIOARRAY,Aug26,2026-08-01,2026-08-31
FBA79982,B0GN8MPYPG,B0GN8MPYPG,Audio Array,AK-61 Pro,4,0,18640.68,0.0,13310,17005,38.8,AUDIOARRAY,Aug26,2026-08-01,2026-08-31
FBA79982,B0GN8MPYPG,B0HBB4SLKH,Audio Array,AK-61 Pro,1,0,4660.17,0.0,45,63,32.79,AUDIOARRAY,Aug26,2026-08-01,2026-08-31
FBA79979,B0GN8RQJRG,B0GN8RQJRG,Audio Array,AK-37-B,2,0,5816.1,0.0,2855,3663,9.25,AUDIOARRAY,Aug26,2026-08-01,2026-08-31
FBA79979,B0GN8RQJRG,B0HBB4SLKH,Audio Array,AK-37-B,2,0,5930.51,0.0,54,71,6.25,AUDIOARRAY,Aug26,2026-08-01,2026-08-31
FBA79848,B0GN97RFPR,B0GN97RFPR,Audio Array,AM-S2,26,1,162122.16,6355.08,71844,103041,35.49,AUDIOARRAY,Aug26,2026-08-01,2026-08-31
FBA79848,B0GN97RFPR,B0H9FB1W8W,Audio Array,AM-S2,8,0,50205.17,0.0,1223,1622,5.44,AUDIOARRAY,Aug26,2026-08-01,2026-08-31
FBA79814,B0GNM35G8X,B0GNM35G8X,Audio Array,AH-50 Ear Cushion,4,0,1750.05,0.0,67,75,100.0,AUDIOARRAY,Aug26,2026-08-01,2026-08-31
FBA80011,B0GTZND3ZN,B0GTZND3ZN,Audio Array,AM-Pro16,0,0,0.0,0.0,33,57,83.64,AUDIOARRAY,Aug26,2026-08-01,2026-08-31
FBA80009,B0GW8R2RYM,B0F8NTF8S6,Audio Array,AM-C51,0,0,0.0,0.0,10,10,20.0,AUDIOARRAY,Aug26,2026-08-01,2026-08-31
FBA80009,B0GW8R2RYM,B0GW8R2RYM,Audio Array,AM-C51,1,0,1355.08,0.0,315,377,15.95,AUDIOARRAY,Aug26,2026-08-01,2026-08-31
FBA79995,B0GW8VBCBL,B0F8NTF8S6,Audio Array,AM-C50,1,0,761.86,0.0,5,6,33.33,AUDIOARRAY,Aug26,2026-08-01,2026-08-31
FBA79995,B0GW8VBCBL,B0GW8VBCBL,Audio Array,AM-C50,6,1,4316.95,719.49,286,356,38.87,AUDIOARRAY,Aug26,2026-08-01,2026-08-31
FBA80000,B0GW8XGPB2,B0GW8XGPB2,Audio Array,DP-718H,0,0,0.0,0.0,43,50,100.0,AUDIOARRAY,Aug26,2026-08-01,2026-08-31
FBA79998,B0GW8YC59C,B0GW8YC59C,Audio Array,W5,1,0,2880.51,0.0,143,190,100.0,AUDIOARRAY,Aug26,2026-08-01,2026-08-31
FBA79998,B0GW8YC59C,B0H2ZBCKYN,Audio Array,W5,0,0,0.0,0.0,4,6,100.0,AUDIOARRAY,Aug26,2026-08-01,2026-08-31
FBA79996,B0GW8Z556N,B0F8NTF8S6,Audio Array,AM-C49,9,0,6094.92,0.0,39,55,58.0,AUDIOARRAY,Aug26,2026-08-01,2026-08-31
FBA79996,B0GW8Z556N,B0GW8Z556N,Audio Array,AM-C49,10,1,5840.68,719.49,1069,1584,58.69,AUDIOARRAY,Aug26,2026-08-01,2026-08-31
FBA80010,B0GW8ZQRFK,B0F8NTF8S6,Audio Array,AM-C52,2,0,1355.08,0.0,8,9,55.56,AUDIOARRAY,Aug26,2026-08-01,2026-08-31
FBA80010,B0GW8ZQRFK,B0GW8ZQRFK,Audio Array,AM-C52,1,0,1270.34,0.0,321,415,24.56,AUDIOARRAY,Aug26,2026-08-01,2026-08-31
FBA80004,B0GW92316G,B0GW92316G,Audio Array,AM-W36 Pro,2,2,13260.17,13260.17,6922,8967,38.21,AUDIOARRAY,Aug26,2026-08-01,2026-08-31
FBA80004,B0GW92316G,B0H8DQZSK8,Audio Array,AM-W36 Pro,1,0,6778.81,0.0,48,63,5.26,AUDIOARRAY,Aug26,2026-08-01,2026-08-31
FBA80003,B0GW92TTMS,B0GW92TTMS,Audio Array,AM-W32 Pro,2,1,8980.51,4660.17,774,905,38.02,AUDIOARRAY,Aug26,2026-08-01,2026-08-31
FBA80003,B0GW92TTMS,B0H8DQZSK8,Audio Array,AM-W32 Pro,0,0,0.0,0.0,26,27,37.04,AUDIOARRAY,Aug26,2026-08-01,2026-08-31
FBA79999,B0GW92TVVC,B0GW92TVVC,Audio Array,JTG800,2,0,8472.88,0.0,304,387,98.84,AUDIOARRAY,Aug26,2026-08-01,2026-08-31
FBA80005,B0GW96CQMG,B0GW96CQMG,Audio Array,T-835,0,0,0.0,0.0,94,122,25.96,AUDIOARRAY,Aug26,2026-08-01,2026-08-31
FBA80002,B0GW96SHSK,B0GW96SHSK,Audio Array,AM-W33 Pro,0,0,0.0,0.0,567,679,7.61,AUDIOARRAY,Aug26,2026-08-01,2026-08-31
FBA80002,B0GW96SHSK,B0H9VBY8XH,Audio Array,AM-W33 Pro,0,0,0.0,0.0,18,26,0.0,AUDIOARRAY,Aug26,2026-08-01,2026-08-31
FBA79975,B0GXP7LJ75,B0GXP7LJ75,Audio Array,AE831,2,0,5591.53,0.0,52,80,97.06,AUDIOARRAY,Aug26,2026-08-01,2026-08-31
FBA80084,B0GXP97CZG,B0GXP97CZG,Audio Array,BE-4,15,0,40327.97,0.0,10459,14915,32.59,AUDIOARRAY,Aug26,2026-08-01,2026-08-31
FBA80084,B0GXP97CZG,B0H6WSSCLQ,Audio Array,BE-4,13,0,28975.42,0.0,387,509,49.9,AUDIOARRAY,Aug26,2026-08-01,2026-08-31
FBA80085,B0GXPBHDRF,B0GXPBHDRF,Audio Array,M6,9,2,52643.22,11677.97,31506,40889,23.04,AUDIOARRAY,Aug26,2026-08-01,2026-08-31
FBA80085,B0GXPBHDRF,B0H2B6J1Z3,Audio Array,M6,4,0,17794.07,0.0,604,806,14.11,AUDIOARRAY,Aug26,2026-08-01,2026-08-31
FBA80075,B0GXPGBQB1,B0GXPGBQB1,Audio Array,PB-16 (AH-50+AI-13+AM-C2),0,0,0.0,0.0,74,90,100.0,AUDIOARRAY,Aug26,2026-08-01,2026-08-31
FBA80074,B0GY827J9C,B0GY827J9C,Audio Array,PB-15 (AH-50+AM-C2+AI-04),8,0,67196.61,0.0,1333,1962,98.41,AUDIOARRAY,Aug26,2026-08-01,2026-08-31
FBA80074,B0GY827J9C,B0HFSNM15W,Audio Array,PB-15 (AH-50+AM-C2+AI-04),6,1,42368.64,8473.73,52,89,100.0,AUDIOARRAY,Aug26,2026-08-01,2026-08-31
FBA80076,B0GY857139,B0GY857139,Audio Array,PB-17 (AH-40-SL+AM-C43+AI-13),5,0,26436.44,0.0,351,518,98.53,AUDIOARRAY,Aug26,2026-08-01,2026-08-31
FBA80077,B0GY86ZT1X,B0GY86ZT1X,Audio Array,PB-18 (AH-45-BK+AI-03+AM-C39),0,0,0.0,0.0,29,36,100.0,AUDIOARRAY,Aug26,2026-08-01,2026-08-31
FBA80128,B0H1H3K6B2,B0H1H3K6B2,Audio Array,AI-13,2,0,4744.07,0.0,644,819,100.0,AUDIOARRAY,Aug26,2026-08-01,2026-08-31
FBA80143,B0H1MTP2ZP,B0H1MTP2ZP,Audio Array,AM-S2,3,0,18641.53,0.0,809,968,100.0,AUDIOARRAY,Aug26,2026-08-01,2026-08-31
FBA80143,B0H1MTP2ZP,B0H2MP379K,Audio Array,AM-S2,0,0,0.0,0.0,21,22,100.0,AUDIOARRAY,Aug26,2026-08-01,2026-08-31
FBA80106,B0H2FCK54H,B0H2FCK54H,Audio Array,UB-06 (AM-S2+AA-22),1,0,8897.46,0.0,2000,2143,99.81,AUDIOARRAY,Aug26,2026-08-01,2026-08-31
FBA80106,B0H2FCK54H,B0H9FB1W8W,Audio Array,UB-06 (AM-S2+AA-22),0,0,0.0,0.0,0,0,0.0,AUDIOARRAY,Aug26,2026-08-01,2026-08-31
FBA80110,B0H2Z6R6V8,B0H2Z6R6V8,Audio Array,X5,2,0,29659.32,0.0,4686,5243,99.67,AUDIOARRAY,Aug26,2026-08-01,2026-08-31
FBA80110,B0H2Z6R6V8,B0H9FB1W8W,Audio Array,X5,1,0,15253.39,0.0,111,121,99.17,AUDIOARRAY,Aug26,2026-08-01,2026-08-31
FBA80109,B0H2ZCQFTZ,B0H2ZCQFTZ,Audio Array,M5,0,0,0.0,0.0,2591,3183,99.81,AUDIOARRAY,Aug26,2026-08-01,2026-08-31
FBA80109,B0H2ZCQFTZ,B0H9F2DDLF,Audio Array,M5,1,0,15253.39,0.0,67,96,100.0,AUDIOARRAY,Aug26,2026-08-01,2026-08-31
FBA80142,B0H3LHF2WW,B0H3LHF2WW,Audio Array,AM-C5 White,14,3,28557.63,5885.59,1335,1550,99.61,AUDIOARRAY,Aug26,2026-08-01,2026-08-31
FBA80142,B0H3LHF2WW,B0H8QH7D62,Audio Array,AM-C5 White,8,4,16942.37,8471.19,42,50,100.0,AUDIOARRAY,Aug26,2026-08-01,2026-08-31
FBA75683,B0B4G94VP3,B0B4G94VP3,Audio Array,AA-03,2,0,845.76,0.0,1292,1564,3.81,VIOMI,Aug26,2026-08-01,2026-08-31
FBA75690,B0B4K87PR4,B0B4K87PR4,Audio Array,AM-C10,0,0,0.0,0.0,3480,4178,0.28,VIOMI,Aug26,2026-08-01,2026-08-31
FBA75690,B0B4K87PR4,B0H8QH7D62,Audio Array,AM-C10,0,0,0.0,0.0,116,138,0.0,VIOMI,Aug26,2026-08-01,2026-08-31
FBA75677,B0B4KC7VBM,B0B4KC7VBM,Audio Array,AM-C5,1,0,1990.68,0.0,1448,1753,10.49,VIOMI,Aug26,2026-08-01,2026-08-31
FBA75677,B0B4KC7VBM,B0H8QH7D62,Audio Array,AM-C5,1,0,2033.05,0.0,0,0,0.0,VIOMI,Aug26,2026-08-01,2026-08-31
FBA78423,B0C598Q6PT,B0C598Q6PT,Audio Array,AM-C36,1,0,380.51,0.0,38,46,57.78,VIOMI,Aug26,2026-08-01,2026-08-31
FBA78960,B0CBCB82MT,B0CBCB82MT,Audio Array,AM-C39,0,0,0.0,0.0,10680,13072,3.38,VIOMI,Aug26,2026-08-01,2026-08-31
FBA78960,B0CBCB82MT,B0H75NGQQS,Audio Array,AM-C39,0,0,0.0,0.0,32,54,0.0,VIOMI,Aug26,2026-08-01,2026-08-31
FBA79106,B0CM9KJZWQ,B0CM9KJZWQ,Audio Array,AM-C44,1,0,3982.2,0.0,653,991,6.42,VIOMI,Aug26,2026-08-01,2026-08-31
FBA79106,B0CM9KJZWQ,B0H8DMYBXH,Audio Array,AM-C44,0,0,0.0,0.0,24,31,0.0,VIOMI,Aug26,2026-08-01,2026-08-31
FBA79380,B0D3M1B4Z8,B0D3M1B4Z8,Audio Array,AM-C46,1,0,2753.39,0.0,3205,4045,2.38,VIOMI,Aug26,2026-08-01,2026-08-31
FBA79380,B0D3M1B4Z8,B0H75LGV59,Audio Array,AM-C46,1,0,2753.39,0.0,253,319,9.6,VIOMI,Aug26,2026-08-01,2026-08-31
FBA79355,B0D3M86SH1,B0D3M86SH1,Audio Array,AA-19BL,1,0,4236.44,0.0,241,279,5.97,VIOMI,Aug26,2026-08-01,2026-08-31
FBA79445,B0DFMLS8JG,B0DFMLS8JG,Audio Array,AM-W32,0,0,0.0,0.0,971,1356,12.53,VIOMI,Aug26,2026-08-01,2026-08-31
FBA79445,B0DFMLS8JG,B0H9VBY8XH,Audio Array,AM-W32,2,0,6777.97,0.0,31,52,4.17,VIOMI,Aug26,2026-08-01,2026-08-31
FBA79722,B0F2HYY7JF,B0F2HYY7JF,Audio Array,AM-W21,0,0,0.0,0.0,43,67,36.67,VIOMI,Aug26,2026-08-01,2026-08-31
FBA79816,B0FPR962YS,B0FPR962YS,Audio Array,AM-W22,1,0,2795.76,0.0,248,342,10.2,VIOMI,Aug26,2026-08-01,2026-08-31
FBA76864,B0BPLZ5CGV,B0BPLZ5CGV,Audio Array,AI-04 Red,0,0,0.0,0.0,2761,3941,1.27,WHITEMULBERRY,Aug26,2026-08-01,2026-08-31
