"sku","fnsku","asin","product-name","condition","your-price","mfn-listing-exists","mfn-fulfillable-quantity","afn-listing-exists","afn-warehouse-quantity","afn-fulfillable-quantity","afn-unsellable-quantity","afn-reserved-quantity","afn-total-quantity","per-unit-volume","afn-inbound-working-quantity","afn-inbound-shipped-quantity","afn-inbound-receiving-quantity","afn-researching-quantity","afn-reserved-future-supply","afn-future-supply-buyable","store"
"FBA62411","X00284G9RR","B01EN0G8AI","Nektar Impact GX49 49-Key Full-Size Velocity-Sensitive USB Midi Keyboard Controller with Nektar DAW Integration and Free Professional Recording Software","New","10490.00","No",,"Yes","0","0","0","0","0","37854.12","0","0","0","0","0","0",
"FBA62963","X001SVNVNV","B072F5J32C","Lewitt LCT-240 Pro Cardioid Condenser Microphone for Professional Recording (Black)","New","9989.00","No",,"Yes","0","0","0","0","0","10181.77","0","0","0","0","0","0",
"FBA73725","X00284CF3T","B07NC254QQ","Arturia MicroFreak 25-key Paraphonic Hybrid Hardware Synth with Poly-aftertouch Flat Keyboard, Wavetable and Digital Oscillators, Analog Filters, Modulation Matrix, Arpeggiator, and Sequencer Black","New","35990.00","No",,"Yes","0","0","0","0","0","10009.55","0","0","0","0","0","0",
"FBA73738","X00284K4AZ","B07TS7J7S3","Lewitt 441 Flex Multi-Pattern 1"" Large-Diaphragm Studio Condenser Microphone","New","34490.00","No",,"Yes","0","0","0","0","0","11338.21","0","0","0","0","0","0",
"FBA73741","X0028LK6CT","B00AAEQIH0","SE ELECTRONICS Reflexion Filter RF-X (Black)","New","8990.00","No",,"Yes","0","0","0","0","0","29296.79","0","0","0","0","0","0",
"FBA73742","X00284JE3D","B01MF9VM2N","SE ELECTRONICS X1 A Professional Large-Diaphragm Condenser Microphone for Recording Vocals & All Instruments, with -20dB Pad and 100Hz Highpass Filter - Black","New","9490.00","No",,"Yes","1","1","0","0","1","3399.17","0","0","0","0","0","0",
"FBA73749","X002CO1DQP","B01MCVTGVL","SE ELECTRONICS V7 Premium Dynamic Supercardioid Microphone for Speech, Singers, Voice-Overs Artists, and Performers Intended for Live Stage and Professional Studio Recordings with 3 Years Warranty","New","9490.00","No",,"Yes","0","0","0","0","0","1908.6","0","0","0","0","0","0",
"FBA73755","X00284JPZF","B07JNK3HHH","SE Electronics DM1 Dynamite - Active Inline Preamp for Passive Dynamic/Ribbon Mics, +28dB Clean Gain for Studio, Podcasts, Streaming, Recording - Perfect for Musicians, Broadcasters, and creators.","New","8490.00","No",,"Yes","0","0","0","0","0","188.12","0","0","0","0","0","0",
"FBA74874","X0029RB0DB","B09CLKBXS4","Nektar Impact GX Mini 25 Velocity-sensitive Mini Keys Portable USB Midi Controller","New","4999.00","No",,"Yes","1","0","1","0","1","5713.51","0","0","0","0","0","0",
"FBA75374","X00284CEVH","B09HL5WPP6","Arturia MiniFuse 1, 1in / 2out USB-C Audio Interface, with 1 Mic/Line/Instrument Preamp, Built-in USB Hub, Loopback and Included Software Bundle - Mac/PC (Black)","New","9990.00","No",,"Yes","0","0","0","0","0","1192.98","0","0","0","0","0","0",
"FBA75375","X001SVNVSL","B09HL4T36F","Arturia MiniFuse 1, 1in / 2out USB-C Audio Interface, with 1 Mic/Line/Instrument Preamp, Built-in USB Hub, Loopback and Included Software Bundle - Mac/PC (White)","New","9990.00","No",,"Yes","0","0","0","0","0","1217.56","0","0","0","0","0","0",
"FBA75376","X00284JGPJ","B09HL3GD7G","Arturia MiniFuse 2, 2in / 2out USB-C Audio Interface with 2 Mic/Line/Instrument Preamps, Built-in USB Hub, Loopback and Included Software Bundle - Mac/PC (Black)","New","13990.00","No",,"Yes","0","0","0","0","0","1482.37","0","0","0","0","0","0",
"FBA75377","X001SVNO8D","B09HL4GZF9","Arturia MiniFuse 2, 2in / 2out USB-C Audio Interface with 2 Mic/Line/Instrument Preamps, Built-in USB Hub, Loopback and Included Software Bundle - Mac/PC (White)","New","13990.00","No",,"Yes","0","0","0","0","0","10316.64","0","0","0","0","0","0",
"FBA75378","X001JNDDGX","B092W2QN1V","VIOMI SE Robot Vacuum Cleaner and Mop with Intelligent Laser Navigation, 2200Pa Strong Suction, 200ml Smart Water Tank, 3200mAH Long Lasting Battery, Works with MiHome App (Black) for Hard Floor","New","19990.00","No",,"Yes","0","0","0","0","0","27786.56","0","0","0","0","0","0",
"FBA75551","X00299O5GX","B08SJZK21C","Audient EVO Start Recording Bundle with EVO 4 Audio Interface, Condenser Microphone, Headphones, Shock Mount & XLR Cable","New","23990.00","No",,"Yes","0","0","0","0","0","20194.27","0","0","0","0","0","0",
"FBA75552","X002FOE91D","B09KLHYW1T","Nektar Impact LX Mini 25-key USB MIDI Controller Keyboard with Nektar DAW Integration, 8 Velocity-Sensitive Pads, Arpeggiator and Note Repeat Mode and Software Bundle","New","12490.00","No",,"Yes","1","1","0","0","1","8061.45","0","0","0","0","0","0",
"FBA75673","X00298DE3T","B0B4DPX2J2","Audio Array AM-C1 USB Condenser Microphone Kit | for Podcasting, Online Meeting, Gaming, Singing & Live Streaming | Boom Arm, Pop Filter, Mic Cover, Spider Shock Mount, Tripod & 2.5M USB Cable","New","2676.00","No",,"Yes","0","0","0","0","0","7540.51","0","0","0","0","0","0",
"FBA75675","X001XK1503","B0B4G8ZB64","Audio Array AM-C3 XLR to TRS Dynamic Handheld Karaoke Microphone | Premium Metal Built with 3M Cable | Singing, Public Meetings, Studio Recording, Live Show, Party, Church, Wedding","New","1009.00","No",,"Yes","0","0","0","0","0","1861.57","0","0","0","0","0","0",
"FBA75677","X0029OG5IJ","B0B4KC7VBM","Audio Array AM-C5 USB Plug & Play Conference Mic for Mac OS & Windows | Conference, Recording, Skype, Online Class with Range Upto 5M | One Touch Mute Button & Light Indicator (NOT A Speaker)","New","2373.00","No",,"Yes","0","0","0","0","0","2202.26","0","0","0","0","0","0",
"FBA75679","X0029GXNYL","B0B4JRQP22","Audio Array AA-02 3-Panel Curved Isolation Shield with Insulation, Absorption & Reflection Filter | 3/8"" and 5/8"" Universal Mic Mount for Recording Studio, Podcasts, Singing & Broadcasting","New","2524.00","No",,"Yes","0","0","0","0","0","10111.64","0","0","0","0","0","0",
"FBA75683","X0029GXNYB","B0B4G94VP3","Audio Array AA-03 Double Layer Professional Pop Filter | Flexible 360° Free Angle Adjustable, Durable Windshield | Metal Gooseneck Stabilizing Arm Holder with 32cm Arm Length | Suitable for Recording.","New","499.00","No",,"Yes","2","2","0","0","2","1326.7","0","0","0","0","0","0",
"FBA75684","X0029GUPRJ","B0B4G7VWXD","Audio Array AA-04 Metal Spider Shock Mount for Condenser Microphone | Anti Vibration, Suspension, Isolation | 4 Size Bottom Screws & Extra Replacement Elastic Bands | Recommended For Rode, Samson, etc","New","1699.00","No",,"Yes","0","0","0","0","0","2578.67","0","0","0","0","0","0",
"FBA75690","X0029GQN39","B0B4K87PR4","Audio Array AM-C10 USB Plug & Play Conference Microphone with Speaker | Omni Directional Pickup Upto 4M | Speaker and Mic Mute Buttons | Volume Control & Mute Button | Ideal for Meeting & Video Call","New","4039.00","No",,"Yes","0","0","0","0","0","932.92","0","0","0","0","0","0",
"FBA75693","X0028YIKTH","B074CC1M7T","Nektar IMPACT GX61 61-Key Full-Size Velocity-Sensitive USB Midi Keyboard Controller with Nektar DAW Integration and Free Professional Recording Software","New","12490.00","No",,"Yes","1","0","1","0","1","6912.06","0","0","0","0","0","0",
"FBA75694","X001SVNO01","B089C2L66M","Lewitt LCT 240 PRO Condenser Microphone Shock Mount, Magnetic Pop Filter and Windscreen, Black (Vocal Set)","New","13249.00","No",,"Yes","66","62","0","4","66","10886.42","0","0","0","0","0","0",
"FBA75707","X001SVK18J","B01MF9EJPG","Nektar SE49 49-Key Full-Size Velocity-Sensitive USB Midi Keyboard Controller with Nektar DAW Integration and Free Professional Recording Software","New","9490.00","No",,"Yes","0","0","0","0","0","30418.49","0","0","0","0","0","0",
"FBA75708","X001SVMKUB","B0979PJSCV","Nektar SE61 61-Key Full-Size Velocity-Sensitive USB Midi Keyboard Controller with Nektar DAW Integration and Free Professional Recording Software","New","10990.00","No",,"Yes","0","0","0","0","0","33841.75","0","0","0","0","0","0",
"FBA75976","X001R0XYAN","B08FW1Q676","MAONO AU-PM421 Condenser USB Microphone, Professional Studio Recording Mic with 1-Touch Mute and Mic Gain Knob for PC, Singing, Podcast, Gaming, YouTube","New","4299.00","No",,"Yes","0","0","0","0","0","6088.45","0","0","0","0","0","0",
"FBA76414","X0029B3GS9","B0BLJVJ2GN","Audio Array Boom Arm | Suspension Scissor Mic Arm Stand | Universal clamp with mic Holder & 3/8″ to 5/8″ Adapter for Shock mounts | Suitable for Stages, Studios, Broadcasting, TV Stations | AA-05","New","656.00","No",,"Yes","0","0","0","0","0","2222.74","0","0","0","0","0","0",
"FBA76661","X001NSDR3D","B0987JXLGG","NPET Cat Bowl WB10, 2L Double Tilted Raised Cat Bowls for Food and Water Set with 2 Replacement Filters, No-Spill Feeding Drinking Dish Suitable for Indoor Cats & Small Dogs (WB10)","New","849.00","No",,"Yes","1","1","0","0","1","5566.69","0","0","0","0","0","0",
"FBA76665","X001SVNVJZ","B0BGMNKCNT","Arturia MiniLab 3, 25 Slim-Key USB-C Midi Controller with 5-Year Warranty, 8 Backlit LED Pads, 8 Knobs, 4 Faders, Midi Out, Built-in Arpeggiator, Chord mode and Music Production Software Bundle","New","9989.00","No",,"Yes","4","3","0","1","4","9533.17","0","0","0","0","0","0",
"FBA76723","X001XK183R","B0BLKF46QG","Audio Array AM-C20 USB Microphone | Unique Tilt Stand & one Touch Mute | Plug n Play, No Latency Cardioid Pickup | for PC, Smartphones, iOS | Gaming, Streaming, Podcasts, Twitch, YouTube, Discord","New","1349.00","No",,"Yes","0","0","0","0","0","1699.99","0","0","0","0","0","0",
"FBA76730","X0029GXWKV","B0BLKB6FRR","Audio Array AM-C27 XLR to TRS Cardioid Dynamic Handheld Microphone Sound for Live Events | Premium Built with 4.5M Cable | Singing, Public Meetings, Studio Recording, Live Sound, Party","New","1299.00","No",,"Yes","0","0","0","0","0","2524.43","0","0","0","0","0","0",
"FBA76745","X001R0ZRO9","B08CF614NK","MAONO AU-PM422 Podcast Microphone with Zero Latency Monitoring, 192KHZ/24BIT Professional Cardioid Condenser Mic with Touch Mute Button and Mic Gain Knob for Recording, Podcasting, Gaming, YouTube","New","5299.00","No",,"Yes","1","0","0","0","1","8240.4","0","0","0","1","0","0",
"FBA76864","X0029B968D","B0BPLZ5CGV","Audio Array AI-04 HD 2x2 Gen 3 Audio Interface | Premium Mic Pre-Amps | 48V Phantom Power | 24bit/192kHz Hi-Fi Recording | XLR/MIC/LINE inputs | Plug & Play-No Drivers | 2 in 3 out | Metal Body | Red","New","4847.00","No",,"Yes","0","0","0","0","0","17914.99","0","0","0","0","0","0",
"FBA77009","X001OOWGYR","B0BPSFLT1B","NPET Replacement Filters for WB10 Pet Bowl (4 PCS) - Quadruple Filtration System with Activated Carbon","New","319.00","No",,"Yes","1","1","0","0","1","235.65","0","0","0","0","0","0",
"FBA77101","X001OTC2K5","B07WLWN2ZT","TONOR USB Gaming Microphone, Computer Condenser PC Mic with Tripod Stand & Pop for Streaming, Podcasting, Vocal Recording, Compatible with iMac PC Laptop Desktop Windows Computer, TC-777","New","2019.00","No",,"Yes","6","6","0","0","6","2275.18","0","0","0","0","0","0",
"FBA77103","X001OTC2HD","B09Z5Q194D","TONOR USB Microphone Computer Gaming Condenser Mic, Noise-Canceling Zero Latency Monitoring for Podcast/Recording/Livestreaming/Teleconferencing on PC/Mac/Android Device, Plug and Play, ORCA001","New","3799.00","No",,"Yes","1","1","0","0","1","5085.4","0","0","0","0","0","0",
"FBA77104","X001OTDYK7","B089SJGQBH","TONOR XLR Condenser Microphone, Professional Cardioid Studio Mic Kit with T20 Boom Arm, Shock Mount, Pop Filter for Recording, Podcasting, Voice Over, Streaming, Home Studio, YouTube (TC20)","New","4899.00","No",,"Yes","0","0","0","0","5","14446.67","5","0","0","0","0","0",
"FBA77105","X001OTDYGL","B089FVQD3Z","Microphone Stand Extension Arm, TONOR Studio Suspension Scissor Boom Arm with Pop Filter, 3/8"" to 5/8"" Adapter, Mic Clip, Upgraded Heavy Duty Clamp for Blue Yeti Snowball Ice and Other Mics(T30)","New","2799.00","No",,"Yes","0","0","0","0","0","9865.01","0","0","0","0","0","0",
"FBA77106","X001OTC273","B082W4B7SX","TONOR Microphone Arm Stand, TONOR Adjustable Suspension Boom Scissor Mic Stand with Pop , 3/8"" to 5/8"" Adapter, Mic Clip, Upgraded Heavy Duty Clamp for Blue Yeti Nano Snowball Ice and Other Mics(T20)","New","2449.00","No",,"Yes","8","7","0","1","8","6686.74","0","0","0","0","0","0",
"FBA77110","X001OTAQ4J","B08NDB5NWP","TONOR USB Conference Microphone, 360 Omnidirectional PC Computer Condenser Mic with Mute Button for Online Meeting/Class, Zoom Call, Skype Chatting, Plug & Play (TM20,Red)","New","2999.00","No",,"Yes","20","20","0","0","25","1127.27","0","5","0","0","0","0",
"FBA77111","X001OTC1L5","B08CVP2HXP","TONOR USB Microphone, Condenser Computer PC Mic with Tripod Stand, Metal,Pop Filter, Shock Mount for Gaming,Streaming,Podcasting,YouTube, Voice Over,Skype, Twitch,Compatible with Laptop Desktop, TC30","New","2221.00","No",,"Yes","21","20","1","0","21","4065.3","0","0","0","0","0","0",
"FBA77113","X001OT9X4X","B01ISNU3X4","TONOR Dynamic Karaoke Microphone for Singing with 4.5m XLR Cable, Metal Handheld Mic Compatible with Karaoke Machine/Speaker/Amp/Mixer for Karaoke Singing, Speech, Wedding, Stage and Outdoor Activity","New","1899.00","No",,"Yes","120","120","0","0","140","8421.64","0","20","0","0","0","0",
"FBA77114","X001OT9V0J","B07TSN2H9D","TONOR Cardioid Condenser Microphone, USB Computer Mic Kit with 24mm Diaphragm/Spider Shock Mount for Podcasting, Gaming, Streaming, YouTube, Voice Over, Studio/Home Recording, TC-2030","New","4099.00","No",,"Yes","0","0","0","0","0","14647.25","0","0","0","0","0","0",
"FBA77115","X001Q08S3R","B08V1JS3NY","TONOR USB Microphone Kit, Streaming Podcast PC Cardioid Condenser Computer Mic for Gaming, YouTube Video, Recording Music, Voice Over, Studio Mic Bundle with Adjustment Arm Stand(TC40)","New","3299.00","No",,"Yes","1","1","0","0","5","11407.04","4","0","0","0","0","0",
"FBA77116","X001OTAL5D","B0BBL47VR5","TONOR RGB USB Gaming Microphone Kit, Podcast Microphone for PC, One-tap Mute for Streaming, Cardioid Condenser Microphone for PS4/5 Gamer Youtuber, Studio Mic Bundle with Adjustment Arm Stand","New","3499.00","No",,"Yes","2","2","0","0","14","6809.48","12","0","0","0","0","0",
"FBA77117","X001OT9TL5","B078WNW4YW","TONOR Wireless Microphone Isolation Shield, Mic Sound Absorbing Foam Reflector for Any Condenser Recording Equipment Studio (Black)","New","2599.00","No",,"Yes","41","40","0","1","41","5026.57","0","0","0","0","0","0",
"FBA77134","X001R12T71","B09L7ZXKKF","MAONO Compact Wireless Lavalier Microphone, 2.4GHz Dual Lapel Mics with Real-time Monitoring, Gain Adjustment and Mute for Interview, Vlogging, Live Streaming, Phone, Camera (WM820 A2)","New","5499.00","No",,"Yes","0","0","0","0","0","2851.19","0","0","0","0","0","0",
"FBA77135","X001R0Y03X","B09LCDJMS5","Audio Interface-Podcast Equipment-MAONO-MaonoCaster-All in One - Portable Podcast production Studio with premium mic preamp for Podcast Recording, Streaming, Youtube, DJ, PC, Smartphone (AME2)","New","6999.00","No",,"Yes","1","0","1","0","1","5602.74","0","0","0","0","0","0",
"FBA77216","X00299ADWD","B0BJSB3M9W","SE ELECTRONICS DM3 Dynamite Active Direct Box with -15dB/-30dB Pads, Ground Lift Switch, Perfect for for Live & Studio.","New","7990.00","No",,"Yes","0","0","0","0","0","151.25","0","0","0","0","0","0",
"FBA77218","X002DFV70P","B0BPHWH5KV","SE ELECTRONICS DynaCaster DCM3 Dynamic Broadcast Cardioid Microphone","New","8890.00","No",,"Yes","1","1","0","0","1","1318.18","0","0","0","0","0","0",
"FBA77224","X00284G6JX","B0BHCNWTMZ","Arturia MiniFuse 4, 4-in/4-out USB-C Audio Interface with 2 Mic/Line/Instrument Preamps, 2 Line Inputs, 2 x 250mA USB-A Hub Ports, and Included Software Suite - Mac/PC (White)","New","22900.00","No",,"Yes","0","0","0","0","0","2729.27","0","0","0","0","0","0",
"FBA77225","X0028LK6HT","B0BHC6V1KT","Arturia MiniFuse 4, 4-in/4-out USB-C Audio Interface with 2 Mic/Line/Instrument Preamps, 2 Line Inputs, 2 x 250mA USB-A Hub Ports, and Included Software Suite - Mac/PC (Black)","New","22990.00","No",,"Yes","0","0","0","0","0","2509.19","0","0","0","0","0","0",
"FBA78206","X0028Y2LDN","B0C4YSV3XL","Audio Array AM-W15 Dual Wireless Mic with Charging Case | Upto 16hr Battery Backup & 100m Range | Active Noise Cancellation | Informative LCD Screen | BIS & WPC Certified | 2 Yr Warranty","New","5290.00","No",,"Yes","0","0","0","0","0","1286.55","0","0","0","0","0","0",
"FBA78278","X002ACPLWV","B0BTTWTLZD","Audient iD24 10-in/14-out USB-C Audio Interface with 3 Year Warranty 24-bit/96kHz Resolution, 2 Mic Preamps, Instrument Input, 16-channel ADAT I/O, DSP Mixer, and Dual Headphones Output - Mac/PC","New","39990.00","No",,"Yes","0","0","0","0","0","4426.31","0","0","0","0","0","0",
"FBA78423","X0028Y2LC9","B0C598Q6PT","Audio Array AM-C36 Lapel Microphone | 1M Long & Strong Cable | 3.5mm TRRS| 3.5mm TRRS Port, TRRS to TRS & TRRS to USB Type C adapters | Omnidirectional Pickup | Mic Cover & Leather Bag Included","New","599.00","No",,"Yes","1","1","0","0","1","411.81","0","0","0","0","0","0",
"FBA78930","X00284CEYT","B0C325NVBQ","Arturia KeyLab Essential 49 mk3 MIDI Controller with 49 Velocity-Sensitive keys, 9 Encoders, 9 Sliders, 8 RGB Pads - USB-C, Midi Out, LCD Screen, Bundled Software and DAW Integration - White","New","22900.00","No",,"Yes","1","0","1","0","1","34450.69","0","0","0","0","0","0",
"FBA78932","X002CNYDRR","B0C624Y9YC","Arturia KeyLab Essential 49 mk3 MIDI Controller with 49 Velocity-Sensitive keys, 9 Encoders, 9 Sliders, 8 RGB Pads - USB-C, Midi Out, LCD Screen, Bundled Software and DAW Integration - Black","New","22990.00","No",,"Yes","0","0","0","0","0","35712","0","0","0","0","0","0",
"FBA78933","X00284JQHR","B0C62DNLSB","Arturia KeyLab Essential 61 mk3 MIDI Controller with 61 Velocity-Sensitive Keys, 9 Encoders, 9 Sliders, 8 RGB Pads - USB-C, Midi Out, LCD Screen, Bundled Software and DAW Integration - Black","New","27990.00","No",,"Yes","0","0","0","0","0","39800.08","0","0","0","0","0","0",
"FBA78960","X0029BAEI9","B0CBCB82MT","Audio Array AM-C39 XLR to 3.5mm Condenser Microphone Kit | Tripod, 2M Cable & Foam Filter | Compatible with Audio Interface, Mixer | Recording, Podcast, Streaming, Home Studio (Black)","New","1649.00","No",,"Yes","1","1","0","0","1","3006.37","0","0","0","0","0","0",
"FBA78976","X0029O2VOL","B0CF5SHL15","Audio Array AA-22 Desktop Mount Speaker Stands | 15KG Capacity | Height, Tilt & Rotation Adjustable | Smart Cable Management | for Sound Editing, Gaming, Music Production | Red (Set of 2)","New","3699.00","No",,"Yes","0","0","0","0","0","8489.32","0","0","0","0","0","0",
"FBA78980","X0028X4EED","B0CDPMX152","Nexlev Steam Iron Handheld For Clothes | Hand Iron Steamer For Clothes 1500W Garment Steamer | 300ML Tank | Vertical & Horizontal Steam Press for Clothes | 25s Quick Heat | Travel Friendly GS-02","New","2399.00","No",,"Yes","72","69","3","0","72","9311.62","0","0","0","0","0","0",
"FBA78981","X0028K610L","B0CDPP45BM","NexLev Steam Cleaner For Home | For Complete Home Kitchen Bathroom Car Sofa & Office | Steam Cleaner With 9 Accessories | 300 ML | Window Pane, Sink, Chimney Grease, Water Stain Cleaner | 1000W","New","4899.00","No",,"Yes","10","6","4","0","10","13042.3","0","0","0","0","0","0",
"FBA78994","X0028X1YHD","B0CDQ98FDM","nexlev Travel Neck Pillow | Orthopedic Premium Memory Foam | for Airplane, Car, Train, Office use & Cervical Pain | Machine Washable | 360 Support | Carry Pouch for Storage | NP-01","New","713.00","No",,"Yes","0","0","0","0","0","3263.65","0","0","0","0","0","0",
"FBA78996","X0028X1WHZ","B0CDQ6G4TC","nexlev Travel Neck Pillow | Orthopedic Premium Memory Foam | for Airplane, Car, Train, Office use & Cervical Pain | Machine Washable | 360 Support | Carry Pouch for Storage | NP-03","New","713.00","No",,"Yes","0","0","0","0","0","3373.11","0","0","0","0","0","0",
"FBA79005","X0028Y21QF","B0CKHVHVQ1","Audio Array AM-W45 Wireless Conference Microphone with Speaker | Bluetooth, USB & 4 Mics | 360° Pickup Upto 4M | Noise Reduction & Enhanced Voice | Portable Speakerphone for Video Calls/Zoom Meeting","New","5251.00","No",,"Yes","0","0","0","0","0","1957.11","0","0","0","0","0","0",
"FBA79016","X0028Y2LKB","B0CH4R1V6S","Audio Array AM-C3a Unidirectional Dynamic Handheld Karaoke Microphone | 20Hz - 20kHz Response | Karaoke Singing, Public Meetings, Studio Recording, Live Sound, Party (no Cable Included)","New","807.00","No",,"Yes","0","0","0","0","0","1932.36","0","0","0","0","0","0",
"FBA79054","X00284K9YB","B087MMY6T8","SE Electronics RF-X Portable Vocal Booth - Studio-Grade Isolation Shield for Singers, Podcasters and Musicians - Ideal for Home Recordings, Podcasting - Achieve Professional Sound Quality - Red","New","10790.00","No",,"Yes","1","1","0","0","1","30220.2","0","0","0","0","0","0",
"FBA79055","X00284FIAL","B087MPHGHT","SE Electronics RF-X Portable Vocal Booth - Studio-Grade Isolation Shield for Singers, Podcasters and Musicians - Ideal for Home Recordings, Podcasting - Achieve Professional Sound Quality - White","New","10490.00","No",,"Yes","1","1","0","0","1","30427.83","0","0","0","0","0","0",
"FBA79065","X0029BB7IF","B0CC3BJKGN","PreSonus Eris 3.5 2nd Gen HD Professional Studio Monitors with 3.5"" Woven Composite Woofer, 1"" Silk-Dome Tweeter, 50W Class AB Power and Tuning Controls (Auxillary) - Pair (Black)","New","13490.00","No",,"Yes","3","3","0","0","3","22904.36","0","0","0","0","0","0",
"FBA79066","X00284KA13","B0CC39ZJQP","PreSonus Eris Studio 4,4.5-Inch XLR High-Definition Professional Studio Monitor With Woven Composite Lf Driver Speaker,1"" Silk-Dome Hf Driver,Ebm Waveguide,And Acoustic Tuning Controls-Single(Black)","New","15490.00","No",,"Yes","0","0","0","0","0","19970.59","0","0","0","0","0","0",
"FBA79067","X00284K301","B0CC3TDH61","PreSonus Eris Studio 5, 5.25-Inch High-Definition Professional Studio Monitor with Woven Composite LF Driver, XLR, 1"" Silk-Dome HF Driver, EBM Waveguide, and Acoustic Tuning Controls - Single (Black)","New","15990.00","No",,"Yes","0","0","0","0","0","38396.53","0","0","0","0","0","0",
"FBA79105","X0028Y2KBL","B0CM6WH4ZT","Audio Array AI-12 USB Bluetooth Soundcard | 1Ch Mixer interface | 2 mic inputs, 2 smartphone & PC/Mac outputs | Karaoke Recording, Mobile/PC Streaming, Live Broadcasting | Singing, Recording,Gaming","New","1399.00","No",,"Yes","1","1","0","0","1","1120.55","0","0","0","0","0","0",
"FBA79106","X0029GUPXX","B0CM9KJZWQ","Audio Array AM-C44 XLR/USB Professional Dynamic Podcast Microphone | Built-in Monitoring | One Touch Mute & Volume Control | 192kHz/24bit Full Metal Build | 2M XLR & USB Cable | Streaming, Podcasting","New","4699.00","No",,"Yes","1","1","0","0","1","3257.42","0","0","0","0","0","0",
"FBA79107","X0029B8RV5","B0CM9P5CCK","Audio Array AM-W17 Dual Wireless Lapel Mic|in-Built ANC, Plug N Play,Long Battery Life, Ultra-Low Latency,Upto 30M Range|Compatible with iPhone & Android|Vlogging, Streaming, Teaching,YouTube, Black","New","1716.00","No",,"Yes","0","0","0","0","0","398.7","0","0","0","0","0","0",
"FBA79108","X0029GT705","B0CM9L1QZG","Audio Array AM-W16 Solo Wireless Lapel Over Ear Mic|in-Built ANC,Plug N Play,LongBattery Life,Ultra-Low Latency,Upto 30M Range|Compatible with iPhone&Android|Vlogging,Streaming,Teaching,YouTube,Black","New","1363.00","No",,"Yes","0","0","0","0","0","399.35","0","0","0","0","0","0",
"FBA79109","X0028Y62PV","B0CM9HYVDM","Audio Array AM-W18 Wireless Karaoke Speaker with Microphone | Portable Bluetooth Speaker for Singing & Gifting with Voice Changer | Upto 8+ Hours of Playback | Bluetooth v5.3, SD Card & AUX in (Pink)","New","1201.00","No",,"Yes","0","0","0","0","0","1552.35","0","0","0","0","0","0",
"FBA79111","X001WRJRGB","B0BRKFP94K","TONOR TD510 Dynamic Microphone, USB/XLR PC Microphone for Podcast, Recording, Live Streaming & Gaming, XLR Cardioid Studio Mic Music Voice-Over with Quick Mute, Headphone Output, Volume Control","New","3999.00","No",,"Yes","11","11","0","0","11","2599.81","0","0","0","0","0","0",
"FBA79112","X001WRTNOH","B0BRKDLXCD","RGB Boom Arm, TONOR Adjustable Mic Stand with RGB Light for HyperX QuadCast/Blue Yeti/Shure SM7B/Rode NT1, Rotatable Suspension Boom Scissor Stand for Gaming Streaming Podcasting YouTube Recording T90","New","4099.00","No",,"Yes","0","0","0","0","0","7439.4","0","0","0","0","0","0",
"FBA79113","X001WRSAJB","B0BTCXQQ6M","TONOR Gaming Mic, USB Microphone for PC Computer, Cardioid Condenser Mic with Adjustable RGB Modes & Brightness, Quick Mute, Gain Control, for Streaming, Podcasting, Recording, PS4/5 Desktop TC310","New","2499.00","No",,"Yes","12","12","0","0","12","3612.04","0","0","0","0","0","0",
"FBA79114","X001WROOHN","B0CCV74CL7","TONOR TC310+ RGB Condenser Mic with Boom Arm Quick Mute, RGB Lighting, Pop Filter, Shock Mount,Gaming USB Microphone Set for PC Gain Control for Streaming Podcasting Recording Discord Twitch YouTube","New","2899.00","No",,"Yes","0","0","0","0","24","8788.22","24","0","0","0","0","0",
"FBA79116","X001WRIRN5","B0BYHHSLPC","TONOR TC777 Pro Gaming USB Microphone for PC, RGB Condenser Computer Mic with Tripod Stand, Quick Mute, Gain Control, for Gaming, Streaming, Podcasting, Recording, Cardioid Mic Kit for Laptop/PS4/PS5","New","1999.00","No",,"Yes","1","1","0","0","31","1290.97","30","0","0","0","0","0",
"FBA79229","X0028WZ12D","B0CQX9ZZMH","NexLev Handheld Garment Steamer |1800 Watts | 35 g/min | 300 ML | Vertical & Horizontal Ironing for Silk Velvet & | Damage Free Steam for all Cloth Types | 25sec quick heat | 3 Brushes | GS-04","New","2243.00","No",,"Yes","1","1","0","0","1","9656.73","0","0","0","0","0","0",
"FBA79260","X001XSPVPP","B07GVGMW59","TONOR G11 Conference USB Microphone, Omnidirectional Condenser PC Mic for Video Conference, Recording, Skype, Online Class, Court Reporter, Plug & Play Compatible with Mac OS X Windows PC Computer","New","2699.00","No",,"Yes","0","0","0","0","30","632.05","30","0","0","0","0","0",
"FBA79263","X0027NUKUL","B0CYSLCRQS","nexlev Sofa Cleaning Machine MR-01 | 4-Step Bed & Sofa Dust Mite Vacuum Cleaner, Allergens & Pet Hair with Double Beat, UV Light, Dehumidification & HEPA Filtration","New","3008.00","No",,"Yes","86","77","8","1","86","15505.11","0","0","0","0","0","0",
"FBA79265","X0028X1YD7","B0D2LHNS9B","NexLev Foot Callus Remover Electric Scrubber & Shaver for Dead, Hard & Cracked Skin Professional Pedicure at Home Waterproof Type C 3 Crystal Quartz Heads for Men and Women CR-01","New","999.00","No",,"Yes","0","0","0","0","0","1192.49","0","0","0","0","0","0",
"FBA79266","X0028X20KN","B0D2LGR3GG","NexLev 6-in-1 trimmer | Sensitive Bikini Trimmer for Women | Skin Safe with Rounded Tips & Safety Guards| Hair Removal for Intimate Areas, Face, Arms, Legs & Body | 90 min Runtime | Type C | T-01","New","1070.00","No",,"Yes","0","0","0","0","0","765.11","0","0","0","0","0","0",
"FBA79267","X0028X1R1V","B0D2LD6BYJ","NexLev 6-in-1 trimmer | Sensitive Bikini Trimmer for Women | Skin Safe with Rounded Tips & Foil Shaver| Hair Removal for Intimate Areas, Face, Arms, Legs & Body | 90 min Runtime |2H Quick Charge |T-02","New","1019.00","No",,"Yes","0","0","0","0","30","721.03","30","0","0","0","0","0",
"FBA79268","X0028X4EMZ","B0D383WQPB","Nexlev Handheld Steamer Iron For Clothes | Portable Steam Iron With Foldable Design | 1200W Fast Heating | 120ml Tank | Vertical & Horizontal Use | Anti-Spill Travel Garment Steamer | 2M Cord GS-05","New","2099.00","No",,"Yes","57","57","0","0","57","3798.36","0","0","0","0","0","0",
"FBA79271","X0028X1G7L","B0D83Q7L8W","NexLev Ionic Hot Air Brush | 3 in 1 Blow Dryer, Straightener & Styler | 360° Airflow Vents | Ceramic Tourmaline Coated Brushing Head | Tangle Free Bristle | 1200W | 3 Speed & 2 Heat Settings|V-01","New","1427.00","No",,"Yes","1","1","0","0","1","4006.15","0","0","0","0","0","0",
"FBA79272","X0028X4ER5","B0D2LFMY48","Nexlev Hair Styling Straightener & Curler| 2 in 1 Hair Styler| 200°C in 30 Seconds| Long Ceramic Floating Plates| Rounded Body for Curls| Plate Lock| Portable HS-01, Hair Straightener Tong - Black","New","815.00","No",,"Yes","1","1","0","0","1","1354.23","0","0","0","0","0","0",
"FBA79273","X0028X1WGL","B0D2LKB4BJ","Nexlev Hair Styling Straightener & Curler| 2 in 1 Hair Styler| 200°C in 30 Seconds| Long Ceramic Floating Plates| Rounded Body for Curls| Plate lock| Portable |HS-02, Hair Straightener Tong - Purple","New","805.00","No",,"Yes","0","0","0","0","0","1183.31","0","0","0","0","0","0",
"FBA79276","X0028X4EMP","B0D2LJSQXZ","NexLev Steam Mop | Chemical Free Mopping | Floor Cleaning + Carpet Steaming | 4 Extra Mop-Pads |400 ML | 1300W | Floor Disinfectant | For All surface Types | 4mtr long Cord | Wet & Dry Mopping | SM-01","New","3899.00","No",,"Yes","9","9","0","0","9","23290.77","0","0","0","0","0","0",
"FBA79277","X0028X1YFZ","B0D672NXC8","Nexlev SWIPE Steam Cleaner | 3.5 Bar Strong Steam|Multipurpose Steam Cleaner for Car, Kitchen, Bathroom, Floor, Window,Glass,Upholstery| 18 Accessories Kit|Safety Lock| Large 1200ML Water Tank | SC-03","New","7199.00","No",,"Yes","1","0","0","0","1","60199.68","0","0","0","1","0","0",
"FBA79279","X0028X1WLB","B0D8445KJN","NexLev Rechargeable Lint Remover | for Woollen Sweaters Pill, Rue & Burr Remover | 60min Use Time | Type C |Defuzzer | Lint Brush for Coat | 2 Modes | SS Blade | Safety Lock | LR-01","New","917.00","No",,"Yes","45","45","0","0","45","902.44","0","0","0","0","0","0",
"FBA79280","X0028X4EL1","B0D845B2DG","NexLev Rechargeable Lint Remover | for Woollen Sweaters Shirts Coat Curtains & Carpets | Rue & Burr Remover | 180 Min Use | TypeC | SS Blade | 2000mAh | 3 Speed Modes | Safety Lock | LR-02","New","1529.00","No",,"Yes","57","56","0","1","57","2054.61","0","0","0","0","0","0",
"FBA79325","X00284K4HN","B0C9RYFN4R","SE ELECTRONICS V2 Switch Professional Supercardioid Dynamic Microphone with On/Off Switch for Speech, Singers, and Performers Intended for Live Stage and Studio Recordings with 3 Years Warranty.","New","5519.00","No",,"Yes","0","0","0","0","0","1776.36","0","0","0","0","0","0",
"FBA79332","X0028X20PX","B0D63FKYZ5","NexLev Scalp Massager for Stress Relief | Head Massager for Hair Growth | 96 Tangle Free Silicone Kneading Nodes | Hand Like Massage | 120 Min Runtime | Type C | Washable Heads | 3 Modes | HM-01","New","1019.00","No",,"Yes","3","3","0","0","3","1763.25","0","0","0","0","0","0",
"FBA79346","X0028X7N9B","B0D25LNDSY","Nexlev Rechargeable Electric Toothbrush| 120 Days Life | 35K strokes/min| Type C| 5 Modes for Daily Use| 2 Min timer with 30sec Quadpacer | 4 Brushheads| IPX7 Waterproof| For Men & Women | ETC-04 White","New","754.00","No",,"Yes","1","0","0","0","1","1003.22","0","0","0","1","0","0",
"FBA79349","X0028KKT1N","B0D9KDQCCM","Nexlev Portable Sewing Machine| 2 Speed Settings| Cordless| Battery operated| USB Type C cord for Plug-in| Quick Fix DIY|Portable & Compact| for all Fabrics| 1 Year Warranty| White","New","1019.00","No",,"Yes","47","44","1","2","47","2231.43","0","0","0","0","0","0",
"FBA79355","X0028Y21SN","B0D3M86SH1","Audio Array AA-19BL RGB Low Profile Boomarm Stand with Riser | 71cm reach & 20 RGB lighting effects & Built-In Cable Management | Matte finish with Flexible adjustments | 2Kg Weight Capacity | Black","New","4999.00","No",,"Yes","1","1","0","0","1","5353","0","0","0","0","0","0",
"FBA79373","X0028X1QYJ","B0D2P5TGWK","NexLev Smart Electric Toothbrush for Adults |2-Min Timer with Quadpacer |2 Replaceable Heads | AAA Battery |3 Modes (Daily, Normal & Sesitive) |Upto 60 Days | Travel Case | Soft Bristles |ET-01 Black","New","305.00","No",,"Yes","0","0","0","0","0","699.89","0","0","0","0","0","0",
"FBA79374","X0028X0MWV","B0D2P7WLJB","NexLev Smart Electric Toothbrush for Adults |2-Min Timer with Quadpacer |2 Replaceable Heads | AAA Battery |3 Modes (Daily, Normal & Sesitive) |Upto 60 Days | Travel Case | Soft Bristles |ET-02 Green","New","305.00","No",,"Yes","27","27","0","0","27","670.07","0","0","0","0","0","0",
"FBA79404","X002AMFVW1","B0D9KFZYG8","NexLev Vaporizer Steamer for Cough, Cold and Facial | Steam Inhaler for Cold and Cough with UV Sterilization | Nano Ionic Steam | Aroma Diffuser | 30 Sec Heating | Anti-Spill Design | FS-01","New","1784.00","No",,"Yes","26","26","0","0","26","7093.63","0","0","0","0","0","0",
"FBA79405","X0028X4EQL","B0D9KFP4MG","Nexlev Hair Straightener Brush For Woman | Ionic Hair Straightener For Woman Brush | Ceramic Plates | 60mm Wide | Thermo Protect | 130–210°C Adjustable Heat | Keratin Bristles | 1500W HSB-03","New","1988.00","No",,"Yes","15","15","0","0","15","2005.45","0","0","0","0","0","0",
"FBA79406","X0028X1WNT","B0DCK3N2JJ","NexLev Ionic Cordless Hair Straightener Brush | 60min Runtime | upto 200° Heating | Portable & Type C Rechargeable | Keratin Bristles |Straight, Frizz Free & Shiny Hair | Compact Comb Design | HSB-04","New","2753.00","No",,"Yes","21","8","0","13","41","865.56","20","0","0","0","0","0",
"FBA79439","X0028X7N8H","B0DCK7ZH5P","nexlev Sofa Cleaning Machine | Cordless UV Mattress Vacuum Cleaner for Sofa, Carpet & Car Seat, HEPA Filter, Double Beat Technology, Type-C Charging, 1500×3 mAh Battery | MR-02","New","3467.00","No",,"Yes","110","108","2","0","110","14392.92","0","0","0","0","0","0",
"FBA79440","X0028X1R5H","B0DCGHKRXX","Nexlev Red Light Therapy For Hair | Led Comb For Hair Growth Phototherapy Scalp Massager Electric Comb | Red Blue LED Hair Regrowth Device | Rechargeable Type-C 3 Modes LE-02","New","2039.00","No",,"Yes","0","0","0","0","0","2369.73","0","0","0","0","0","0",
"FBA79443","X0028X0P69","B0D9KFQG8Q","Nexlev Skin Scrubber |Red & Blue LED Therapy| Blackhead Remover| Pore Cleaner| Skin Lifting & tightening, wrinkle remover| 2 Silicone Cleaning Heads| Facial Cleansing|Type C Charging| Elixir Pro LE-03","New","1733.00","No",,"Yes","0","0","0","0","0","636.47","0","0","0","0","0","0",
"FBA79444","X0028Y4C99","B0DFMLQBMC","Audio Array AM-W20 Magnetic Wireless Lapel Microphone Set | One Touch Smart Noise Reduction | 48KHz/24Bit Hi-fi Recording | 50M Range | 800mAh 48Hrs Long Battery Backup | Vlogging, Podcast, Streaming","New","1948.00","No",,"Yes","1","1","0","0","1","1609.37","0","0","0","0","0","0",
"FBA79445","X0028Y6RND","B0DFMLS8JG","Audio Array AM-W32 UHF Dual Wireless Metal Microphones | Built-in Rechargeable Battery | 6–8 Hours Backup | 60M Range | Karaoke, DJ, Events, PA System | Echo & Volume Controls","New","3999.00","No",,"Yes","1","1","0","0","1","3611.87","0","0","0","0","0","0",
"FBA79446","X0028Y4C8F","B0DFMMTWLY","Audio Array AM-W33 UHF Metal Solo Wireless Microphone Set | 2000mAh 6-8 Hours Battery Backup | Range up to 50M | Karaoke Singing, Wedding, DJ, Church | PA System, Amplifier, Mixer, Party Box","New","2221.00","No",,"Yes","0","0","0","0","0","2435.28","0","0","0","0","0","0",
"FBA79448","X0028Y241R","B0DFMKY4TT","Audio Array AM-W35 UHF Dual Wireless Premium Karaoke Microphones | 800mah 5-6 Hours Battery Backup | Range up to 50M | Karaoke Singing, Wedding, DJ, Church | PA System, Amplifier, Mixer, Party Box","New","3599.00","No",,"Yes","0","0","0","0","0","2485.26","0","0","0","0","0","0",
"FBA79452","X0028X4EST","B0DCGHVN81","nexlev Stick Vacuum Cleaner For House | Stick Vacuum Cleaners 17500PA Suction | 2 in 1 Handheld & Stick Design | Washable HEPA Filter | Bagless Dry Vacuum Cleaner for Home, Sofa, Bed & Office | VC-01","New","2141.00","No",,"Yes","32","32","0","0","32","17830.27","0","0","0","0","0","0",
"FBA79457","X002BUTJ7Z","B0CYHMB8LR","Lewitt RAY Microphone with Autofocus for Your Voice - Mute by Distance and Mute Button - for Podcasts, Streaming, Content and Music in Studio Quality - 1"" Studio Condenser Capsule","New","29990.00","No",,"Yes","0","0","0","0","0","11152.71","0","0","0","0","0","0",
"FBA79463","X0028X1G71","B0DCK56Q85","NexLev Cordless Vacuum Cleaner|HEPA with Stainless Steel Cover|6000 mAh|Copper Motor| Rechargeable Type C|Ideal for Home, Office & Car Use|Compact & Portable|Dust & Pet Hair Remover|3 Attachment|VC-02","New","2549.00","No",,"Yes","16","14","0","0","16","6369.49","0","0","0","2","0","0",
"FBA79464","X0028X20SZ","B0DFCDKMWR","NexLev Cordless Electric Heating Pad| Period Cramp & Back Pain Relief Massager | 9 modes| Menstrual Cramp Relief|Type C| Crampfree Periods | Portable | Gift for Women| Strap upto 40 Inch |Blue CM-01","New","1529.00","No",,"Yes","0","0","0","0","0","1631.5","0","0","0","0","0","0",
"FBA79466","X0028X1GDP","B0DFM4JZV9","Nexlev Tyre Inflator for Car | Touch Control |150 PSI |12V DC| 4 Nozzles | Digital Tyre Pressure Gauge| Carry Bag | Suitable for Bike, Bicycle or Any Inflatable | Emergency LED Light | TI-01","New","2345.00","No",,"Yes","0","0","0","0","0","4010.9","0","0","0","0","0","0",
"FBA79467","X0028X1WL1","B0DK9LYT4P","NexLev Beard Trimmer| 90min Run Time| 40 Length Settings| 0.5mm Precision| Washable Stainless Steel Blades| Copper Motor| USB Type-C| IPX7 Waterproof| Travel Lock| 2 Beard Comb| 1 Year Warranty |TM-01","New","751.00","No",,"Yes","0","0","0","0","0","792.15","0","0","0","0","0","0",
"FBA79469","X0028X1YHX","B0DCK4DR1B","Nexlev Skin Lift Device | 7 Color LED | Face & Neck Skin Lifting| 3 Massage Modes| Face Sculpting Tool |Micro-currents to reduce Wrinkles| Hot Compress | Rechargeable| Type-C| 180 Min Use| Glow+ LE-04","New","1529.00","No",,"Yes","0","0","0","0","0","1255.58","0","0","0","0","0","0",
"FBA79472","X0028X20ML","B0DFCDZWND","NexLev Cordless Electric Heating Pad| Period Cramp & Back Pain Relief Massager | 9 modes| Menstrual Cramp Relief|Type C| Crampfree Periods | Portable | Gift for Women| Strap upto 40 Inch |Purple CM-02","New","1499.00","No",,"Yes","2","2","0","0","2","1631.5","0","0","0","0","0","0",
"FBA79473","X0028X7N5Z","B0DJFH6RTL","NexLev Portable Tyre Inflator for Car, Bike, Cycle|150 PSI Pressure| 120 Watt Air Pump|12V Car Plug| Digital Display| Auto Shut-Off| Emergency LED Light| 3m Cord| 3 Air Nozzles| Compact| AER TI-02","New","1733.00","No",,"Yes","0","0","0","0","0","2866.26","0","0","0","0","0","0",
"FBA79476","X0028X8DKJ","B0DB5VG39T","White Mulberry Monitor Arm | Economical Gas Spring Metal Desk Mount | Single Screen 15-32 Inch 9kg VESA 75x75 & 100x100 | Full Motion Monitor Arm Desk Mount | Tilt Swivel Rotate Cable Management","New","2887.00","No",,"Yes","58","57","1","0","58","9091.05","0","0","0","0","0","0",
"FBA79477","X0028X8HN7","B0DB5VVPSB","White Mulberry Dual Monitor Arm | Monitor Arm Desk Mount for 15-32 Inch Screens | Dual Gas Spring Monitor Stand | 9Kg Capacity | VESA 75x75 & 100x100 | Adjustable Metal Desk Mount for Dual Screens","New","4557.00","No",,"Yes","46","46","0","0","46","18708.78","0","0","0","0","0","0",
"FBA79478","X0028X8DEP","B0DB5W4TCP","White Mulberry Monitor Arm | Height Adjustable Monitor Arm Desk Mount for 15–32 Inch Screen | 10kg Load Capacity | VESA 75x75 & 100x100 | Single Monitor Stand","New","1748.00","No",,"Yes","58","56","1","1","58","33430.43","0","0","0","0","0","0",
"FBA79479","X0028X8HMX","B0DB5YTQZV","White Mulberry Dual Monitor Arm | Height Adjustable Monitor Arm Desk Mount | Steel Dual Screen Mount for 17-32 Inch Monitors 10kg Load VESA 75x75 100x100 | Adjustable Ergonomic Desk Setup","New","3285.00","No",,"Yes","51","49","0","0","51","11111.25","0","0","0","2","0","0",
"FBA79480","X0028X1YPF","B0DDC3GVZW","nexlev Vacuum Cleaner for Car Use | 4000 mAh High Power Suction Portable Car Vacuum Cleaner with Copper Motor, LED Torch, Seat Belt Cutter & Window Breaker Emergency Escape Tool, Type-C | VC-03","New","2039.00","No",,"Yes","5","4","0","1","5","2768.92","0","0","0","0","0","0",
"FBA79481","X0028X1YNH","B0DFMRG2K4","NexLev All in One Body Trimmer for Men | Suitable for Beard, Body, Balls, Pubic Hair, Private Parts | 90 Min Runtime |Type C | IPX 7 Waterproof | No Nicks No Cuts | 2 Safety Combs| Extra Blade | TM-02","New","2050.00","No",,"Yes","1","1","0","0","1","1597.9","0","0","0","0","0","0",
"FBA79483","X0028X1YHN","B0DK9NRBWJ","NexLev Intimate Trimmer for Men|Ceramic Blade|120 Min Runtime|Type C Charge | IPX7 Waterproof | 7000RPM Copper Motor| Cordless|LED Light| Travel Lock| Wet/Dry Groin & Body Shaver | Intimate Pro TM-03","New","1070.00","No",,"Yes","0","0","0","0","0","1159.22","0","0","0","0","0","0",
"FBA79484","X0028X1WLV","B0DNJF1BLS","NexLev Drip Coffee Maker |Filter Coffee for Home & Office | 4-6 Cups | Warming Plate|Borosilicate Carafe | Reusable & Washable Filter | Anti Drip | 750 ml | Cone Filter | Water Level Indicator |CF-01","New","1427.00","No",,"Yes","0","0","0","0","0","11019.32","0","0","0","0","0","0",
"FBA79488","X0028X4EPR","B0DFCG2VGS","Nexlev Multi Purpose Electric Food Kettle|1.8L Stainless Steel Pot| 600W|Boil, Steam, Fry, Saute| Double Layered Body|2 Heat Settings|Multi Function for Water, Milk, Egg, Soup, Noodles|KE-01","New","2099.00","No",,"Yes","83","82","0","0","83","10544.91","0","0","0","1","0","0",
"FBA79489","X0028X7NAF","B0DFD123P5","Nexlev MultiPurpose Electric Food Kettle|1.5 L Ceramic Pot | 600W| Boil, Steam, Fry, Saute| Double Layered Body| 2 Temperature Settings| Multi Cooker for Water, Egg, Tea, Soup, Noodles, Rice| KE-02","New","2090.00","No",,"Yes","11","9","0","2","11","10634.06","0","0","0","0","0","0",
"FBA79493","X0028X1G99","B0DQCWRG3H","NexLev Hot Air Brush For Hair | V-03 3 in 1 Volumizer Hair Blow Dry Brush with 1.5 Inch Barrel, Ceramic Tourmaline Coating, 1200W, Dual Bristle for Tangle Free Salon Styling","New","2090.00","No",,"Yes","91","91","0","0","91","3535.84","0","0","0","0","0","0",
"FBA79565","X002818VG7","B0DKJZDY72","nexlev Cordless Vacuum Cleaner & Blower |BLDC Copper Motor |HEPA with Stainless Steel Cover | for Home Office & Car Cleaning|4 Attachments | Blower for Dust & Inflatables | Portable & Compact | VC-04","New","2549.00","No",,"Yes","1","1","0","0","1","2691.25","0","0","0","0","0","0",
"FBA79566","X0028X0MYJ","B0DKJSCLBD","nexlev Vacuum Cleaner for Home Use Wet and Dry | VC-05 Cordless Vacuum Cleaner for Car Use with 4000mAh Battery, 3 Attachments, Portable Compact Design for Home & Office Cleaning","New","2345.00","No",,"Yes","15","15","0","0","15","6300.83","0","0","0","0","0","0",
"FBA79567","X0028X4EUR","B0DNJS23HS","Nexlev Steam Mop Floor Cleaner | SC-04 Steam Cleaner For Home With 2 Modes, 350ML Tank, Detachable Foldable Design For Car, Sofa, Bathroom, Kitchen & Multi-Surface Cleaning","New","6119.00","No",,"Yes","33","26","4","1","33","27063.73","0","0","0","2","0","0",
"FBA79570","X0028X20VH","B0DKJXRXKM","NexLev Blackhead & Whitehead Remover Tool | Rechargeable |1Hr Use| Acne & Pimple Pore Cleaner | 6 Heads | Electric Derma Suction Machine | Hydra Facial Cleanser Device for Face |For Men & Women |BR-01","New","1835.00","No",,"Yes","20","17","2","1","20","1458.78","0","0","0","0","0","0",
"FBA79573","X00288T9H5","B0DKK15YNJ","NexLev Oil Applicator Comb|Red Led Light Therapy |Boost Hair Growth| Reduce Dandruff | Relieve Stress |High Vibration Corded Electric Scalp/Head Massager | 6 ML Oil Tank | 2 Hr Run-Time| Type-C|EA-02","New","2499.00","No",,"Yes","33","31","2","0","33","1804.05","0","0","0","0","0","0",
"FBA79574","X0026KD6XX","B0B4WTHLX5","TONOR RGB USB Microphone, Cardioid Condenser Computer PC Mic with Tripod Stand, Pop Filter, Shock Mount for Gaming, Streaming, Podcasting, YouTube, Twitch, Compatible with Laptop Desktop,TC30 with RGB","New","2499.00","No",,"Yes","6","6","0","0","6","4121.67","0","0","0","0","0","0",
"FBA79576","X0026KGQB7","B0BRCR2QQ7","TONOR USB Gaming Microphone, RGB Streaming Microfono Set, PC Podcast Recording Computer Mic for PS4/5, Discord, Twitch, Cardioid Condenser Mic with Adjustable Boom Arm Stand TC30S+","New","2799.00","No",,"Yes","3","3","0","0","3","6305.74","0","0","0","0","0","0",
"FBA79577","X00282H5FT","B0CSCT63BL","TONOR TM310 USB Conference Microphone for Laptop, Adjustable Computer PC Mic with Mute Button & LED Indicator for Video Call Meeting, Mic for Desktop Zoom Skype YouTube, Plug-Play for MacOS Windows","New","2449.00","No",,"Yes","29","29","0","0","29","719.56","0","0","0","0","0","0",
"FBA79585","X0026L4RDF","B0CFKHCQ8W","Tonor Mic Arm Desk Mount, Low Profile Boom Arm, Microphone Arm, Adjustable Mic Stand with Desk Mount Clamp, Cable Management, 3/8’’ and 5/8’’ Screwadapter for Most Microphone, Black, T20LP","New","2099.00","No",,"Yes","0","0","0","0","10","5220.1","10","0","0","0","0","0",
"FBA79586","X0026L1IS7","B0CH9JR3HL","TONOR Top Ring Light Kit, 10 Inch Ring Light with Heavy Duty Bracket Arm and Phone Holder for Video Recording, Live Streaming, Drawing, Nail Makeup","New","2499.00","No",,"Yes","1","1","0","0","6","9653.95","5","0","0","0","0","0",
"FBA79590","X0028X4EW5","B0DM6BB3VT","NexLev Calf Massager | Daily Use Leg Massager for Sore Muscle |1 Piece | Hand Like Massage with Air Compression | Improve Blood Circulation & Relieve Pain | 2500 mAh | Large Belt | Type C |CFM-01","New","3099.00","No",,"Yes","26","26","0","0","26","6839.8","0","0","0","0","0","0",
"FBA79598","X0028X0P9B","B0DNJJKBKG","NexLev Neck & Back Massager|Cervical Pain Relief|Electric Deep Tissue Shiatsu with Heat Therapy|3 Speed Modes| 8 Kneading Massage Nodes|Full Body Relax|15 Min Auto-Shut-Off| 1 Year Warranty|BM-02","New","2050.00","No",,"Yes","0","0","0","0","0","13653.05","0","0","0","0","0","0",
"FBA79612","X0028X8DLN","B0DP2WC5VW","White Mulberry |DIY| Wall Mounted Monitor Stand Mount | Supports 15-32 Inch Screens| 9 Kg Screen Load | VESA 75X75 & 100X100 | Spring Assisted Wall Mounted Monitor Mount | Black - (Single Screen)","New","3285.00","No",,"Yes","69","68","0","1","69","8409.68","0","0","0","0","0","0",
"FBA79613","X0028X883B","B0DP2VVRND","White Mulberry Monitor Stand for Table | Freestanding Height Adjustable Moniter Stand Black Monitor Mount for 17-32 Inch Screens |10kg Load | VESA 75x75/100x100 |","New","2119.00","No",,"Yes","1","0","0","1","1","11897.17","0","0","0","0","0","0",
"FBA79614","X0028X8GVZ","B0DP313R77","White Mulberry Dual Monitor Stand | Monitor Stand for Table | Height Adjustable Freestanding Desk Mount for 17–27 Inch Screens | 10Kg Load | VESA 75x75 & 100x100 | Black - Dual Screen","New","2755.00","No",,"Yes","0","0","0","0","0","12400.91","0","0","0","0","0","0",
"FBA79615","X0028XC7C9","B0DP2Z5DQ9","White Mulberry 10-Step Height Adjustable Single Screen Monitor Stand for 17-32 Inch Monitor, 8 kg Load, VESA 75x75/100x100, DIY Installation (Black)","New","2967.00","No",,"Yes","26","20","4","2","26","10517.71","0","0","0","0","0","0",
"FBA79616","X0028X9B5Z","B0DP3194QN","White Mulberry Monitor Arm | Mechanical Spring Desk Mount for 17–45 Inch Single Screen | 16Kg Capacity | VESA 75x75 & 100x100 | Adjustable Monitor Arm Desk Mount","New","3709.00","No",,"Yes","2","1","1","0","2","11367.71","0","0","0","0","0","0",
"FBA79617","X0028X9AS3","B0DP32F346","White Mulberry Monitor Arm | Wooden Metal Single Screen Desk Mount for 15-32 Inch Monitors | Monitor Arm Desk Mount | Gas Spring Adjustable Arms | 9Kg Capacity | VESA 75x75 & 100x100","New","3285.00","No",,"Yes","34","34","0","0","34","9049.92","0","0","0","0","0","0",
"FBA79652","X002A01YVP","B0F43P6D23","NexLev Steam Cleaner | Complete Home Kitchen Floor Bathroom Car & Office | Steam Cleaner for Home With 9 Accessories | 450 ML | Window Pane Sink Grime Chimney Grease Water Stain Cleaner | 1050W","New","3599.00","No",,"Yes","43","33","7","3","43","11404.74","0","0","0","0","0","0",
"FBA79673","X002GZVZ81","B0FJG5PFGQ","Nexlev Rechargeable Electric Toothbrush| 120 Days Life | 35K strokes/min| Type C| 6 Modes for Daily Use| 2 Min timer with 30sec Quadpacer | 4 Brushheads| IPX7 Waterproof| For Men & Women | ETC-07 White","New","849.00","No",,"Yes","43","43","0","0","43","732.17","0","0","0","0","0","0",
"FBA79678","X0028X7PPX","B0DVCDD5VC","nexlev Travel Neck Pillow | Orthopedic Premium Memory Foam | for Airplane, Car, Train, Office use & Cervical Pain | Machine Washable | 360 Support | Carry Pouch for Storage | NP-07","New","1019.00","No",,"Yes","0","0","0","0","0","3307.4","0","0","0","0","0","0",
"FBA79679","X0028X8539","B0DVC7VJP1","NexLev Stand Mixer | 5L SS Bowl | 1500W |10 Speeds | Pulse Function |Planetary Rotation | Whisk, Beater & Dough Hook |100% Copper Motor | For Roti Atta, Cookie Dough, Cake, Whip Cream & more | ST-01","New","6099.00","No",,"Yes","11","10","1","0","11","30996.62","0","0","0","0","0","0",
"FBA79681","X0028X6HKR","B0DVC968P1","NexLev Cool Mist Humidifier | 3.5L| For Office, Indoor Plants, Baby Nursery | Quiet Operation | Works 44Hrs on Low Setting | 360° Nozzle | Auto Shut-Off | Adjustable Knob | Leak Proof | HU-01","New","2090.00","No",,"Yes","2","0","2","0","2","13330.55","0","0","0","0","0","0",
"FBA79682","X0028X4OO3","B0DVC8NYY2","NexLev Bedroom Humidifiers | 2.2L Ultrasonic Cool Mist Humidifier For Baby | 30H Runtime | 360° Nozzle | Adjustable Mist | Auto Shut-Off | Leak Proof for Bedroom | Nursery & Plants","New","1899.00","No",,"Yes","29","29","0","0","29","10406.93","0","0","0","0","0","0",
"FBA79683","X0028X85CF","B0DVC9PRSD","NexLev Air Purifier for Living Room | 650 sqft Area |True HEPA 13 with 8500 Hrs Filter Life |Captures 99.99% Virus and PM 2.5 |Smart AQI Indicator |Home & Office Use|App Support|Sleep & Auto Mode| A6","New","15290.00","No",,"Yes","1","1","0","0","1","98921.17","0","0","0","0","0","0",
"FBA79692","X0028X6UI1","B0DVC58QPZ","NexLev Mini Air Purifier | Home Room & Office Use upto 220 sq ft |True HEPA 13 Filter | Eliminate 99.99% Virus Dust Smoke Odor Pollen Allergens & Pollutants | Long Filter Life |3 Year Warranty |AP220","New","4299.00","No",,"Yes","67","67","0","0","67","16040.64","0","0","0","0","0","0",
"FBA79696","X0027WBGZP","B0CQX3VB1R","TONOR Dynamic USB/Type-C Microphone for PC, RGB Podcast Computer Gaming Microphone with Arm Stand for Recording, Live, Streaming, YouTube, Vocals, Studio, Karaoke Microphone, Quick Mute Button, Black","New","2199.00","No",,"Yes","9","9","0","0","9","5949.98","0","0","0","0","0","0",
"FBA79697","X0027WBFQ5","B0CQX4K9P5","TONOR USB Dynamic Microphone for Podcast Gaming Mic with RGB for Recording, Live Streaming, YouTube, Singing, Studio, Tiktok Microfono with Quick Mute& Stand Compatible with PC/Cellphone TypeC","New","1999.00","No",,"Yes","36","36","0","0","36","2189.64","0","0","0","0","0","0",
"FBA79698","X0029WQOW3","B0DTK4FY1G","NexLev Spin Scrubber with Soap Spray | 6 heads| For Kitchen, Tub, Glass, Complete cleaning tool for Home, Office & Car| 90 min runtime | 4500 mAh | Cordless Type C | Adjustable Handle|SS-01, White","New","2447.00","No",,"Yes","0","0","0","0","0","6638.07","0","0","0","0","0","0",
"FBA79700","X00284GCB5","B0C891Q6YH","PreSonus Eris Sub 8BT — 8-inch Active Studio Subwoofer with Bluetooth for Multimedia, Gaming, Studio-Quality Music Production","New","24989.00","No",,"Yes","1","1","0","0","1","54482.89","0","0","0","0","0","0",
"FBA79707","X002E4P8ZF","B0FJ1ZB4G9","Nexlev Rechargeable Electric Toothbrush| 120 Days Life | 35K strokes/min| Type C| 5 Modes for Daily Use| 2 Min timer with 30sec Quadpacer | 4 Brushheads| IPX7 Waterproof| For Men & Women | ETC-08 Blue","New","849.00","No",,"Yes","8","8","0","0","8","1090.4","0","0","0","0","0","0",
"FBA79712","X0029GCFU9","B078JQ33SM","SE ELECTRONICS V7 X Supercardioid Dynamic Instrument Microphone","New","10490.00","No",,"Yes","2","2","0","0","2","1965.46","0","0","0","0","0","0",
"FBA79713","X0029GIT6D","B09MZNC8GS","SE ELECTRONICS V7 Black Premium Dynamic Supercardioid Microphone for Speech, Singers, Voice-Overs Artists, and Performers Intended for Live Stage and Studio Recordings with 3 Years Warranty","New","10990.00","No",,"Yes","0","0","0","0","0","1873.53","0","0","0","0","0","0",
"FBA79790","X002CWJ4I1","B0FHVWHQHR","White Mulberry Fixed TV Wall Mount Bracket for 37–86 Inch LED, LCD & Curved TVs | Heavy Duty Steel Frame, 45kg Max Load, VESA 50x50 to 600x400mm Max, Built-in Bubble Level, 1 Year Warranty","New","773.00","No",,"Yes","89","85","3","0","89","3374.1","0","0","0","1","0","0",
"FBA79809","X002CZZ1R1","B0FJ8SFNRH","NexLev 1500W Electric Water Kettle | 1.8L | 304 SS - Auto Cut Off | 3x Protection| Instant Boiling, Water, Tea, Coffee, Noodles, Soup | Cool Touch Handle & Lid | 3Mins Rapid Heating | Cordless | KE-03","New","611.00","No",,"Yes","96","94","1","1","96","12666.54","0","0","0","0","0","0",
"FBA79811","X002F7HZ6V","B0FSF1N457","NexLev Mini Electric Chopper | 3D Stainless Steel Blade | Food Grade Bowl | For Mincing Garlic Ginger Onion Vegetable Meat Nuts | 250 ml | One Touch Operation | MC-01","New","571.00","No",,"Yes","0","0","0","0","0","1176.1","0","0","0","0","0","0",
"FBA79812","X002F3JZP9","B0FS6TB7CP","NexLev Portable Blender | 6 Leaf Stainless Steel Blade Portable Blender for Smoothie and Juices Milkshakes & Ice Crushing | 3000 mAh Type C Rechargeable Battery | 450ml | PB-01 | Kitchen & Travel Use","New","2399.00","No",,"Yes","24","11","0","13","24","4643.11","0","0","0","0","0","0",
"FBA79816","X002EQBLHR","B0FPR962YS","Audio Array AM-W22 | Latest 2026 Edition Wireless Microphone for Camera/iPhone/Android/iPad/Laptop, Lav Mic with Charging Case, AI Noise Reduction, 50H Battery, 230ft Range, for Recording, YouTube","New","3399.00","No",,"Yes","2","1","0","0","2","652.37","0","0","0","1","0","0",
"FBA79817","X002CNXGEN","B0F1469QLH","Arturia MicroLab mk3 25-key MIDI Controller Keyboard with Synth-action Mini-keys, Sustain Pedal Input, Chord Mode, and Software - Black","New","5990.00","No",,"Yes","0","0","0","0","0","10304.02","0","0","0","0","0","0",
"FBA79818","X002CNXQIJ","B0F146Y33S","Arturia MicroLab mk3 25-key MIDI Controller Keyboard with Synth-action Mini-keys, Sustain Pedal Input, Chord Mode, and Software - White","New","5989.00","No",,"Yes","1","0","0","1","1","5431.66","0","0","0","0","0","0",
"FBA79819","X002F3ID0H","B0FT8R24QM","NexLev Portable Cordless Lint Remover | for Woollen, Sweaters, Jackets, Carpets | Fabric Brush | Rue & Burr Remover | Battery Powered Shaver | SS Blade | Safety Lock | LR-03","New","399.00","No",,"Yes","52","52","0","0","52","480.14","0","0","0","0","0","0",
"FBA79851","X002E5DHB1","B0FH475LZZ","Nektar Impact LX61 mk3 MIDI Keyboard Controller | 61 Key Velocity-Sensitive Keyboard with DAW Integration, Pads, Faders, Encoders, Scale & Chord Mode, NKS Support, Compatible with Mac/PC","New","20990.00","No",,"Yes","1","0","1","0","1","44173.13","0","0","0","0","0","0",
"FBA79852","X002E59B9X","B0FH43M37N","Nektar Impact LX49 mk3 MIDI Keyboard Controller | 49 Key Velocity-Sensitive Keyboard with DAW Integration, Pads, Faders, Encoders, Scale & Chord Mode, NKS Support, Compatible with Mac/PC","New","18490.00","No",,"Yes","0","0","0","0","0","35292","0","0","0","0","0","0",
"FBA79853","X002E5AUPR","B0FH43K6NT","Nektar Impact LX25 mk3 MIDI Keyboard Controller | 25 Key Velocity-Sensitive Keyboard with DAW Integration, Pads, Faders, Encoders, Scale & Chord Mode, NKS Support, Compatible with Mac/PC","New","11790.00","No",,"Yes","2","2","0","0","2","22032.08","0","0","0","0","0","0",
"FBA79970","X002GZUYSX","B0FFM8LKFG","ORIGINALS Premium Unisex Perfume Gift Set | 5 x 20ml Eau de Parfum (EDP) | Long Lasting (12-16 hours) | Perfect for Gifting, Travel & Everyday Style","New","1399.00","No",,"Yes","96","96","0","0","120","1069.75","0","24","0","0","0","0",
"FBA80139","X002LISR0R","B001QXCYZY","Behringer C-1U Condenser Microphone Cardioid","New","8400.00","No",,"Yes","0","0","0","0","0","3867.84","0","0","0","0","0","0",
"FBA80140","X002LINHT3","B005EHILV4","Behringer 302USB Premium 5-Input Analog Audio Mixer with XENYX Mic Preamp and USB/Audio Interface, Black","New","8900.00","No",,"Yes","0","0","0","0","0","1764.07","0","0","0","0","0","0",
"FBK62964","X0029QX6H5","B071VPNJLS","Lewitt LCT 440 Pure Single-Pattern 1"" XLR Unidirectional Large Diaphragm Studio Condenser Microphone (Black)","New","24989.00","No",,"Yes","0","0","0","0","0","10673.22","0","0","0","0","0","0",
"FBK72144","X0029GC0TF","B07MZXKZVG","Lewitt 040 Match Pair Condenser Microphones, Matched Stereo Pair for Instrument Recordings","New","17490.00","No",,"Yes","0","0","0","0","0","2936.07","0","0","0","0","0","0",
"FBK74286","X0029QWWGB","B08SBSN88X","Audient iD4 (MKII) 2in/2out High-Performance USB 3.0 Audio Interface with Audient Console Mic Preamp, Dual Headphone Outputs, DI Instrument Input, ScrollControl Feature, & Free Software Bundle - Mac/Win/iOS Compatible","New","17990.00","No",,"Yes","0","0","0","0","0","2655.03","0","0","0","0","0","0",
"FBK74287","X0028MMPI1","B08SJD466P","Audient iD14 (MKII) 10in/6out High-Performance USB 3.0 Audio Interface with 2 Audient Preamps, Dual Headphone Outputs, 4 Line Outputs, ADAT Input, Monitor Controls & Free Software Bundle - Mac/Win/iOS","New","26989.00","No",,"Yes","0","0","0","0","0","3336.57","0","0","0","0","0","0",
"FBK77102","X001Q0DYPJ","B0BVHZ5MKZ","TONOR Conference USB Microphone, 360° Omnidirectional Condenser Mic for Zoom Meetings, Court Reporting, Recording & Online Teaching, Compatible with PC & Mac (G 11)","New","2549.00","No",,"Yes","50","19","0","31","60","689.9","0","10","0","0","0","0",
"FBK78418","X001T8NT03","B09L7ZS5GM","MAONO WM820 Wireless Collar Mic for YouTubers Vlog, Video Recording, Interview. Compact Microphone with 6H Battery, 50m/164ft Transmission, Mic Gain, Mute, Monitoring for Camera, Mobile (3.5mm, Black)","New","3029.00","No",,"Yes","0","0","0","0","0","835.58","0","0","0","0","0","0",
"FBK78984","X0029QXCW9","B0BHZH13QW","Lewitt Connect 6 USB-C Audio Interface: 2 Mic Preamps, Dual Headphone Outputs, Loopback, DSP - For Podcasting, Streaming, Gaming, and Pro Recording - Compatible with Mac, PC, iOS, iPadOS, Android","New","27000.00","No",,"Yes","0","0","0","0","0","5258.77","0","0","0","0","0","0",
"FBK79167","X002G533KJ","B0CPFS24ML","White Mulberry Gaming Desk, Computer Desk with Carbon Fiber Surface, Z Shaped Gaming Table, Computer Table, Workstation, Home Office Desk with Cup Holder and Headphone Holder | (110 * 60 * 75 CM)","New","8099.00","No",,"Yes","1","0","1","0","1","80332.01","0","0","0","0","0","0",
"FBK79271","X0028X1WKH","B0DQ8W1RBV","Nexlev Ionic Volumizer|3 In 1 Hot Air Brush To Straight Dry & Volumize|1200 Watts|Reduce Frizz|Ceramic Tourmaline Coated Large Barrel|Salon Like Soft Curl At Home|3 Speed & 2 Heat Settings|V-01 RG","New","1529.00","No",,"Yes","19","14","4","0","19","3952.56","0","0","0","1","0","0",
"FBK79458","X0029GC0I1","B0D3LK9RMZ","Lewitt Connect 2 Dual USB-C 2-in/ 2-out Audio interface with DSP, Mobile In and Out, 2 Mic Preamps, 2 Headphones Outputs, Loopback for Recording, Streaming & Podcasting - Mac/PC/iOS/iPadOS/Android","New","18800.00","No",,"Yes","0","0","0","0","0","3098.79","0","0","0","0","0","0",
"FBK79784","X002DVERNX","B0FN4FHH5Y","White Mulberry Dual Screen POS Machine Stand for 17""-32"" Monitors(9kg) w/Card Reader, Printer & Barcode Scanner Holders| VESA 75x75/100x100 Compatible| Adjustable Tilt, Swivel & Rotation| Grommet Base","New","5829.00","No",,"Yes","10","10","0","0","10","16746.92","0","0","0","0","0","0",
"FBK79786","X002DVHN07","B0FN4FPJ83","White Mulberry POS Machine Stand Universal Credit Card Machine Stand – 360° Swivel & +45°/-45° Tilt |Fits 2.8""-4.3"" Devices, 6.5"" Panel Size| Heavy-Duty Steel & Bolt-Down Mount with Cable Management","New","2119.00","No",,"Yes","72","72","0","0","72","2670.76","0","0","0","0","0","0",
"FBK79787","X002DVFR1J","B0FN4GQ9HT","White Mulberry Tilt TV Wall Mount Bracket for 13–43 Inch Flat Screen TVs, Low Profile Slim Design, Heavy-Duty Steel, VESA 75x75 to 200x200, Supports up to 99 lbs (45kg), Built-in Bubble Level","New","729.00","No",,"Yes","61","60","1","0","61","1578.24","0","0","0","0","0","0",
"FBK79788","X002DVGH59","B0FN4D3C89","White Mulberry Economy Fixed TV Wall Mount Bracket for 13-43 Inches |45kg|LED/LCD/Smart TV's, Universal VESA Compatible 75x75,200x200 mm MAX Slim Wall Mount Stand","New","429.00","No",,"Yes","95","78","8","9","95","830.33","0","0","0","0","0","0",
"FBK79789","X002DV4SQJ","B0FN4DSQ6P","White Mulberry Premium Economy Fixed TV Wall Mount Bracket for 32-65 Inches |45kg| LED/LCD/OLED/Smart & Curved TV's, VESA 50x50, 400x400 MAX, Slim Wall Stand","New","579.00","No",,"Yes","90","80","6","3","290","1534.65","108","90","2","1","0","0",
"FBK79791","X002DVFBBP","B0FN4HDM6Z","White Mulberry Premium Full Motion TV Wall Mount Bracket for 23-65Inch |35kg| LED/LCD/OLED/Smart & Curved TV’s, Universal Heavy Duty Wall Mount Stand with Swivel, Tilt","New","2225.00","No",,"Yes","145","142","3","0","145","5402.49","0","0","0","0","0","0",
"FBK79792","X002DVFBN3","B0FN4JG97R","White Mulberry Single Screen Pole Mounted Heavy-Duty Mechanical Spring Monitor Arm for 17-40 Inch |2-22kgs| Flat & Curved Screens, Universal Desk Mount with Swivel, Tilt, Rotation","New","5829.00","No",,"Yes","0","0","0","0","0","11580.74","0","0","0","0","0","0",
"FBK79793","X002DVWLJ5","B0FN81FD8M","White Mulberry Premium Heavy-Duty Gas Spring Monitor Arm for 24-57Inch Flat & Curved Screens| Height Adjustable |27Kg|VESA 75x75, 200x200mm Single Screen Mount with Swivel, Tilt, Rotation","New","8479.00","No",,"Yes","5","4","1","0","5","15304.04","0","0","0","0","0","0",
"FBK80139","X002LT6S0H","B001QXCYZY","Behringer C-1U Condenser Microphone Cardioid","New","8400.00","No",,"Yes","0","0","0","0","3","3867.84","3","0","0","0","0","0",
"FBK80140","X002LT9HWN","B005EHILV4","Behringer 302USB Premium 5-Input Analog Audio Mixer with XENYX Mic Preamp and USB/Audio Interface, Black","New","8900.00","No",,"Yes","0","0","0","0","2","1764.07","2","0","0","0","0","0",
"FBKK80024","X002KGH6ZH","B0GLHC8CB3","NexLev Spin Scrubber|6 Scrubbing Heads| For Kitchen, Bathroom, Tub, Glass | Complete cleaning tool for Home, Office & Car| 90 min runtime | 2600 mAh | Cordless Type C | 2 Modes|Adjustable Handle|SS-02","New","1699.00","No",,"Yes","0","0","0","0","0","5985.54","0","0","0","0","0","0",
"FBP79350","X002A16MCZ","B0D67727VG","NexLev LED Therapy Oil Applicator | Reduce Dandruff | Improve Hair Growth | EMS for Scalp Improvement | Red & Blue Light | High Frequency Massage for Better Absorption | 10 ML | Waterproof | EA-01","New","1121.00","No",,"Yes","30","29","1","0","50","509.64","20","0","0","0","0","0",
