Image,Title,Sales Rank: Current,Sales Rank: 30 days avg.,Sales Rank: 90 days avg.,Sales Rank: 365 days avg.,Sales Rank: Drops last 30 days,Reviews: Rating,Reviews: Rating Count,ASIN,Brand,Monthly Sales Trends: Monthly Sold (Last Known)
https://m.media-amazon.com/images/I/71+RZvglJ7L.jpg,Nexlev Steam Iron Handheld For Clothes | Hand Iron Steamer For Clothes 1500W Garment Steamer | 300ML Tank | Vertical & Horizontal Steam Press for Clothes | 25s Quick Heat | Travel Friendly GS-02,22119,47383,37543,19992,12,4.0,296,B0CDPMX152,Nexlev,
https://m.media-amazon.com/images/I/61Q0vs-wTNL.jpg,"NexLev Steam Cleaner For Home | For Complete Home Kitchen Bathroom Car Sofa & Office | Steam Cleaner With 9 Accessories | 300 ML | Window Pane, Sink, Chimney Grease, Water Stain Cleaner | 1000W",2115,4472,4361,5766,27,3.9,724,B0CDPP45BM,Nexlev,100
https://m.media-amazon.com/images/I/71jXhYchIxL.jpg,NexLev Handheld Garment Steamer |1500 Watts | 35 g/min | 300 ML| Vertical & Horizontal Ironing for Silk Velvet|Damage Free Steam for all Cloth Types|25sec quick heat | 3 Brushes |GS-01,300056,298766,187099,60156,0,3.9,130,B0CDPQXPC1,Nexlev,
https://m.media-amazon.com/images/I/817AHr9fnmL.jpg,"nexlev Travel Neck Pillow | Orthopedic Premium Memory Foam | for Airplane, Car, Train, Office use & Cervical Pain | Machine Washable | 360 Support | Carry Pouch for Storage | NP-02",22218,20930,20334,12796,2,3.8,119,B0CDQ55W2M,Nexlev,
https://m.media-amazon.com/images/I/61XbEaUiXmL.jpg,nexlev Premium Memory Foam Neck Pillow with 360-Degree Head Support | Lightweight Comfortable Travel Pillow with Storage Bag for Sleeping | Traveling Flight Car Train Bus and Home Use NP-05 (Pink),46500,44602,41696,34448,0,3.8,16,B0CDQ5NBH8,Nexlev,
https://m.media-amazon.com/images/I/61lyW63dPdL.jpg,Nexlev Premium Memory Foam Neck Pillow with 360-Degree Head Support | Lightweight Comfortable Travel Pillow with Storage Bag for Sleeping | Traveling Flight Car Train Bus and Home Use NP-04 (Sky Blue),60342,55933,50175,36740,0,3.9,24,B0CDQ5Y3YB,Nexlev,
https://m.media-amazon.com/images/I/71OYSRLOpsL.jpg,"nexlev Travel Neck Pillow | Orthopedic Premium Memory Foam | for Airplane, Car, Train, Office use & Cervical Pain | Machine Washable | 360 Support | Carry Pouch for Storage | NP-03",22013,20775,19759,12484,2,3.8,117,B0CDQ6G4TC,Nexlev,
https://m.media-amazon.com/images/I/91PnaHXQ86L.jpg,"nexlev Travel Neck Pillow | Orthopedic Premium Memory Foam | for Airplane, Car, Train, Office use & Cervical Pain | Machine Washable | 360 Support | Carry Pouch for Storage | NP-01",22218,20777,20002,12316,2,3.8,117,B0CDQ98FDM,Nexlev,
https://m.media-amazon.com/images/I/61KpXReB6BL.jpg,Nexlev Sherpa Waterproof Camping Blanket - Extra Thick and Warm Large Sherpa Fleece Outdoor Blanket for Camping Picnics Beaches Stadiums Pets - Washable and Windproof for Cold Weather TR-05 (Grey),35181,34025,31483,21826,0,3.4,44,B0CFH6C6YM,Nexlev,
https://m.media-amazon.com/images/I/51ORHUn499L.jpg,Nexlev Cat Foutain | 54oz/1.6L Automatic Cat Water Fountain with Leaf Shape kit with LED Light | Bottom Suction Ultra Quiet Pump for Cats & Small Dogs without Adapter (WF100WH-Light),37303,35422,33326,29043,0,3.6,10,B0CQ2R3LPH,Nexlev,
https://m.media-amazon.com/images/I/41+L+LcFauL.jpg,NexLev Handheld Garment Steamer |1800 Watts | 35 g/min | 300 ML | Vertical & Horizontal Ironing for Silk Velvet & | Damage Free Steam for all Cloth Types | 25sec quick heat | 3 Brushes | GS-04,284549,260519,238812,147029,3,3.4,110,B0CQX9ZZMH,Nexlev,
https://m.media-amazon.com/images/I/61apK7HAGlL.jpg,NexLev Smart Electric Toothbrush for Adults | 2 Min Timer with Quadpacer | 3 Replacebale Heads|AAA Battery Powered | 2 Cleaning Modes|Upto 60 Days | Waterproof | Travel Case | Soft Bristle|ET-01 Black,150305,146544,140856,88099,0,3.3,21,B0CS69T7HF,Nexlev,
https://m.media-amazon.com/images/I/61Tam1qLDuL.jpg,NexLev Smart Electric Toothbrush | 2-Min Timer with Quadpacer | 2 Replaceable Heads | AAA Battery | 3 Cleaning Modes | Upto 60 Days | Waterproof | Travel Case | Soft Bristles | ET-02 Green,152611,147202,140304,86642,0,3.6,20,B0CSG2JZ19,Nexlev,
https://m.media-amazon.com/images/I/518kHrHSYiL.jpg,Nexlev Sonic Spin Mop | ET-01 Extra Mop Pads | Water Spray Function | Mopping for all Floor types | ET-03,18701,13815,11603,55427,10,4.0,54,B0CSG3FC4G,Nexlev,
https://m.media-amazon.com/images/I/71qCifiEO2L.jpg,"Nexlev Dental Flosser| 6 Water Pressures| 4 Cleaning Modes| 2 Nozzle Tips, Tongue Cleaner, Carry Case for Tips| USB-C Charging| 1500mAh| 250ml Tank| IPX7 Water Proof| Carry Pouch | Aqua DF-01-BK",121811,116488,107841,78853,0,3.8,86,B0CW1JJP9S,Nexlev,
https://m.media-amazon.com/images/I/81ByWxnoqgL.jpg,"nexlev Sofa Cleaning Machine | 4-Step Vacuum Cleaner for Sofa and Bed, Allergens & Pet Hair with Double Beat, UV Light, Dehumidification & HEPA Filtration",7592,6991,9904,7477,35,3.8,709,B0CYSLCRQS,Nexlev,200
https://m.media-amazon.com/images/I/719w7MXUZpL.jpg,NexLev Steam Cleaner | For Complete Home Kitchen Bathroom Window Car & Office Cleaning | 9 Accessories | 450 ML | Window Pane Sink Grime Chimney Grease Water Stain Cleaner| 4 Meter Cord | 1000W |SC-02,188018,187030,166357,85567,1,3.5,336,B0CYSMBCB8,Nexlev,
https://m.media-amazon.com/images/I/71XY1HJ9ArL.jpg,Nexlev Rechargeable Electric Toothbrush| 120 Days Life | 35K strokes/min| Type C| 5 Modes for Daily Use| 2 Min timer with 30sec Quadpacer | 4 Brushheads| IPX7 Waterproof| For Men & Women | ETC-04 White,99060,56684,64074,48809,7,4.2,66,B0D25LNDSY,Nexlev,
https://m.media-amazon.com/images/I/719Ujr7Ye+L.jpg,"NexLev 6-in-1 trimmer | Sensitive Bikini Trimmer for Women | Skin Safe with Rounded Tips & Foil Shaver| Hair Removal for Intimate Areas, Face, Arms, Legs & Body | 90 min Runtime |2H Quick Charge |T-02",64224,47762,55975,36817,11,3.9,134,B0D2LD6BYJ,Nexlev,
https://m.media-amazon.com/images/I/61YPOsol5WL.jpg,"Nexlev Hair Styling Straightener & Curler| 2 in 1 Hair Styler| 200°C in 30 Seconds| Long Ceramic Floating Plates| Rounded Body for Curls| Plate Lock| Portable HS-01, Hair Straightener Tong - Black",34433,93017,96014,62616,4,4.6,15,B0D2LFMY48,Nexlev,
https://m.media-amazon.com/images/I/71kbj1WVC4L.jpg,"NexLev 6-in-1 trimmer | Sensitive Bikini Trimmer for Women | Skin Safe with Rounded Tips & Safety Guards| Hair Removal for Intimate Areas, Face, Arms, Legs & Body | 90 min Runtime | Type C | T-01",81044,79076,75455,43540,1,3.8,154,B0D2LGR3GG,Nexlev,
https://m.media-amazon.com/images/I/71iIKKPSmmL.jpg,"NexLev Foot Callus Remover Electric Scrubber & Shaver for Dead, Hard & Cracked Skin Professional Pedicure at Home Waterproof Type C 3 Crystal Quartz Heads for Men and Women CR-01",30273,53283,35100,34714,8,4.2,104,B0D2LHNS9B,Nexlev,
https://m.media-amazon.com/images/I/719S5oJ-PxL.jpg,Nexlev Steam Mop Floor Cleaner | 1300W Fast Heating | Steam Mop Floor Cleaner Electric with 400ML Water Tank | 4 Mop Pads | Carpet Glider | Chemical-Free Cleaning | Wet & Dry Use | 4m Power Cord,17083,20398,16887,11887,11,3.7,117,B0D2LJSQXZ,Nexlev,
https://m.media-amazon.com/images/I/61Ger0tOW9L.jpg,"Nexlev Hair Styling Straightener & Curler| 2 in 1 Hair Styler| 200°C in 30 Seconds| Long Ceramic Floating Plates| Rounded Body for Curls| Plate lock| Portable |HS-02, Hair Straightener Tong - Purple",34433,101140,99360,58714,3,4.1,46,B0D2LKB4BJ,Nexlev,
https://m.media-amazon.com/images/I/61apK7HAGlL.jpg,"NexLev Smart Electric Toothbrush for Adults |2-Min Timer with Quadpacer |2 Replaceable Heads | AAA Battery |3 Modes (Daily, Normal & Sesitive) |Upto 60 Days | Travel Case | Soft Bristles |ET-01 Black",21155,24185,21610,19225,11,3.7,282,B0D2P5TGWK,Nexlev,
https://m.media-amazon.com/images/I/61apK7HAGlL.jpg,Nexlev Sonic Electric Toothbrush| Powerful Sonic technology|Super soft DuPont Bristles| 2 Replaceable Brush Heads with Cover| IPX7 Waterproof| AA Battery|Gentle Oral Care|Smart Smile ET-03 SkyBlue,15313,23448,21421,36563,8,3.7,76,B0D2P6KF4N,Nexlev,
https://m.media-amazon.com/images/I/61uGaU-gdPL.jpg,"NexLev Smart Electric Toothbrush for Adults |2-Min Timer with Quadpacer |2 Replaceable Heads | AAA Battery |3 Modes (Daily, Normal & Sesitive) |Upto 60 Days | Travel Case | Soft Bristles |ET-02 Green",15313,24318,22001,18364,10,3.7,284,B0D2P7WLJB,Nexlev,
https://m.media-amazon.com/images/I/61xzYuTPXOL.jpg,Nexlev Handheld Steamer Iron For Clothes | Portable Steam Iron With Foldable Design | 1200W Fast Heating | 120ml Tank | Vertical & Horizontal Use | Anti-Spill Travel Garment Steamer | 2M Cord GS-05,22119,47774,37798,20471,11,3.6,84,B0D383WQPB,Nexlev,
https://m.media-amazon.com/images/I/71EqArq0eBL.jpg,Nexlev Splash Pet Water Fountain with LED Light | 2.0L Capacity | Ultra Quiet Cat Drinking Fountain with Filter | Automatic Pet Water Fountain for Cats and Small Dogs | Blue (WF-02-BL),17081,16435,16235,9520,1,4.1,111,B0D637B562,Nexlev,
https://m.media-amazon.com/images/I/71RjF7anQKL.jpg,NexLev 2 in 1 Scalp Massager & red Light Therapy |LED Massage Comb for Hair Growth | 96 Tangle Free Silicone Kneading Nodes | Hand Like Head Massage | 120 Min Runtime | Type C | Washable Heads | HM-02,75733,62229,59536,39260,6,3.9,95,B0D63DTKQB,Nexlev,
https://m.media-amazon.com/images/I/61gCoGPgVnL.jpg,NexLev Scalp Massager for Stress Relief | Head Massager for Hair Growth | 96 Tangle Free Silicone Kneading Nodes | Hand Like Massage | 120 Min Runtime | Type C | Washable Heads | 3 Modes | HM-01,76515,61330,59883,42231,6,4.3,33,B0D63FKYZ5,Nexlev,
https://m.media-amazon.com/images/I/71nayaDoNDL.jpg,"Nexlev SWIPE Steam Cleaner | 3.5 Bar Strong Steam|Multipurpose Steam Cleaner for Car, Kitchen, Bathroom, Floor, Window,Glass,Upholstery| 18 Accessories Kit|Safety Lock| Large 1200ML Water Tank | SC-03",233452,98805,70261,94414,9,3.6,53,B0D672NXC8,Nexlev,
https://m.media-amazon.com/images/I/51OgjXtg1mL.jpg,NexLev LED Therapy Oil Applicator | Reduce Dandruff | Improve Hair Growth | EMS for Scalp Improvement | Red & Blue Light | High Frequency Massage for Better Absorption | 10 ML | Waterproof | EA-01,14830,18314,18355,13120,14,3.7,122,B0D67727VG,Nexlev,50
https://m.media-amazon.com/images/I/71dS7Zr8r7L.jpg,Nexlev Hair Dryer for Man & Women | 1200W Foldable Hair Dryer | Cool Shot Function | 3 Heat & 2 Speed Settings | Overheat Protection | Portable Blow Dryer for Women | Black & Copper,50036,113202,99345,69237,3,4.0,39,B0D81DLSFT,Nexlev,
https://m.media-amazon.com/images/I/71O0i1oCixL.jpg,"NexLev Ionic Hot Air Brush | 3 in 1 Blow Dryer, Straightener & Styler | 360° Airflow Vents | Ceramic Tourmaline Coated Brushing Head | Tangle Free Bristle | 1200W | 3 Speed & 2 Heat Settings|V-01",12805,13942,14496,18004,11,3.9,86,B0D83Q7L8W,Nexlev,
https://m.media-amazon.com/images/I/61ZRVRTKjpL.jpg,Nexlev Electric Toothbrush| 40000 vibrations/min|USB Type C| 5 Modes| 2 Min timer| 30 sec Quad Interval| 4 Replaceable Brushheads With Cover| IPX7 Waterproof| For Adults|Sparkle Pro ETC-05 Sunset Pink,134660,131310,122550,87183,0,3.2,22,B0D842173P,Nexlev,
https://m.media-amazon.com/images/I/71+VCSbJk6L.jpg,"NexLev Rechargeable Lint Remover | for Woollen Sweaters Pill, Rue & Burr Remover | 60min Use Time | Type C |Defuzzer | Lint Brush for Coat | 2 Modes | SS Blade | Safety Lock | LR-01",,55848,99775,41481,0,4.4,96,B0D8445KJN,Nexlev,
https://m.media-amazon.com/images/I/51EOn74Hd7L.jpg,Nexlev Just Style Hair Dryer For Men | Lightweight Foldable Hair Dryer | Overheat Protection Technology | 1500W Powerful Motor for Quick & Easy Blowdry | 3 Heat Settings & Cool Shot Function | Concentrator Nozzle (HD-02 Men),330634,261818,258429,352715,0,,,B0D86Y2V7V,Nexlev,
https://m.media-amazon.com/images/I/71zwLXEF6cL.jpg,Nexlev Just Style Pro Hair Dryer |2100 W for Quick & Easy Blowdry | Double Heat Protection Technology | 3 Heat Settings & Cool Shot Function For Salon-Like Styling at Home (HD-01),50036,114473,99721,68885,2,4.0,18,B0D86ZC9YT,Nexlev,
,,,,,,-1,,,B0D9KB2RTT,Nexlev,
https://m.media-amazon.com/images/I/71Np-YyXeDL.jpg,"NexLev Spin Scrubber with Soap Spray | 6 Heads| for Kitchen, Bathroom, Tub, Glass |Complete Cleaning Tool for Home, Office & Car| 90 min runtime | 4500 mAh |Cordless Type C | Adjustable Handle|SS-01",58964,58338,55708,45558,0,3.7,82,B0D9KCKY9F,Nexlev,
https://m.media-amazon.com/images/I/71SEDGXkCGL.jpg,Nexlev Oscillating Electric Toothbrush | 8000 Strokes/min | 25 Days Battery Life |Type C|3 modes| 2 Minute Timer |Quad Change Reminder| IPX7 Waterproof | For adults| 1 year warranty| SparklePro ETR-06,116987,93084,76622,47497,2,3.8,42,B0D9KCNVNM,Nexlev,
https://m.media-amazon.com/images/I/61VY6Pu4IAL.jpg,Nexlev Portable Sewing Machine| 2 Speed Settings| Cordless| Battery operated| USB Type C cord for Plug-in| Quick Fix DIY|Portable & Compact| for all Fabrics| 1 Year Warranty| White,56755,64099,38152,35594,14,2.7,215,B0D9KDQCCM,Nexlev,
https://m.media-amazon.com/images/I/71f4vASKKoL.jpg,Nexlev Hair Straightener Brush For Woman | Ionic Hair Straightener For Woman Brush | Ceramic Plates | 60mm Wide | Thermo Protect | 130–210°C Adjustable Heat | Keratin Bristles | 1500W HSB-03,80233,49344,59470,41466,9,4.1,57,B0D9KFP4MG,Nexlev,
https://m.media-amazon.com/images/I/71NeANd+hxL.jpg,"Nexlev Skin Scrubber |Red & Blue LED Therapy| Blackhead Remover| Pore Cleaner| Skin Lifting & tightening, wrinkle remover| 2 Silicone Cleaning Heads| Facial Cleansing|Type C Charging| Elixir Pro LE-03",26411,42242,28966,18201,11,3.7,133,B0D9KFQG8Q,Nexlev,
https://m.media-amazon.com/images/I/71ueTM3KN7L.jpg,"NexLev Vaporizer Steamer for Cough, Cold and Facial | Steam Inhaler for Cold and Cough with UV Sterilization | Nano Ionic Steam | Aroma Diffuser | 30 Sec Heating | Anti-Spill Design | FS-01",38797,45903,35621,25366,15,4.2,112,B0D9KFZYG8,Nexlev,
https://m.media-amazon.com/images/I/71TTxbwRkQL.jpg,Nexlev Red Light Therapy For Hair Comb | Red & Blue LED Laser Comb For Hair Regrowth Phototherapy Scalp Massager | 49 Bristle Hair Growth Comb | Rechargeable Type-C | 3 Modes LE-02,46718,47793,42739,26167,12,4.1,75,B0DCGHKRXX,Nexlev,
https://m.media-amazon.com/images/I/61e8Qu-KnGL.jpg,"nexlev Stick Vacuum Cleaner For House | Vacuum Cleaners 17500PA Suction | 2 in 1 Handheld & Stick Design | Washable HEPA Filter | Bagless Dry Vacuum Cleaner for Home, Sofa, Bed & Office | VC-01",36204,14555,34892,22903,14,3.6,263,B0DCGHVN81,Nexlev,200
https://m.media-amazon.com/images/I/81Vt8YAz6fL.jpg,NexLev Cordless Hair Straightener | Ionic Keratin Bristles Hair Straightener Brush for Woman | Up to 200°C Heating | 60 Min Runtime | Type-C Rechargeable Portable Styling Comb for Frizz Control,20127,24437,25740,17904,12,3.4,157,B0DCK3N2JJ,Nexlev,
https://m.media-amazon.com/images/I/61eZgNGfUjL.jpg,Nexlev Skin Lift Device | 7 Color LED | Face & Neck Skin Lifting| 3 Massage Modes| Face Sculpting Tool |Micro-currents to reduce Wrinkles| Hot Compress | Rechargeable| Type-C| 180 Min Use| Glow+ LE-04,87551,64194,64880,45391,10,3.9,44,B0DCK4DR1B,Nexlev,
https://m.media-amazon.com/images/I/71gxcNRULEL.jpg,"NexLev Cordless Vacuum Cleaner|HEPA with Stainless Steel Cover|6000 mAh|Copper Motor| Rechargeable Type C|Ideal for Home, Office & Car Use|Compact & Portable|Dust & Pet Hair Remover|3 Attachment|VC-02",24712,96719,95069,100223,10,4.1,52,B0DCK56Q85,Nexlev,
https://m.media-amazon.com/images/I/81POSG0li0L.jpg,NexLev Cordless Spin Mop|50 Min Runtime|2 Extra Mop Pads | Type C | For Home Kitchen & Office Use | Water Spray Function|Self Propelling|Mopping for All Floor Types|LED for Corners and Underbed|SPM-01,75758,74542,71389,44848,0,3.0,40,B0DCK7J87D,Nexlev,
https://m.media-amazon.com/images/I/71FRqb3JpZL.jpg,"nexlev Sofa Cleaning Machine | Cordless UV Mattress Vacuum Cleaner for Sofa, Carpet & Car Seat, HEPA Filter, Double Beat Technology, Type-C Charging, 1500×3 mAh Battery | MR-02",8457,7036,9961,8016,32,3.8,709,B0DCK7ZH5P,Nexlev,100
https://m.media-amazon.com/images/I/61e8Qu-KnGL.jpg,"nexlev Vacuum Cleaner for Car Use | 4000 mAh High Power Suction Portable Car Vacuum Cleaner with Copper Motor, LED Torch, Seat Belt Cutter & Window Breaker Emergency Escape Tool, Type-C | VC-03",83962,82011,78772,64137,0,4.2,23,B0DDC3GVZW,Nexlev,
https://m.media-amazon.com/images/I/510k3SSkkuL.jpg,NexLev Cordless Electric Heating Pad| Period Cramp & Back Pain Relief Massager | 9 modes| Menstrual Cramp Relief|Type C| Crampfree Periods | Portable | Gift for Women| Strap upto 40 Inch |Blue CM-01,62134,45063,46074,24799,11,4.0,163,B0DFCDKMWR,Nexlev,
https://m.media-amazon.com/images/I/51uQVd5Qu0L.jpg,NexLev Cordless Electric Heating Pad| Period Cramp & Back Pain Relief Massager | 9 modes| Menstrual Cramp Relief|Type C| Crampfree Periods | Portable | Gift for Women| Strap upto 40 Inch |Purple CM-02,62137,46387,47789,25382,11,4.0,163,B0DFCDZWND,Nexlev,
https://m.media-amazon.com/images/I/71h5s-rZiGL.jpg,"Nexlev Multi Purpose Electric Food Kettle|1.8L Stainless Steel Pot| 600W|Boil, Steam, Saute| Double Layered Body|2 Heat Settings|Multi Function for Water, Milk, Egg, Soup, Noodles|KE-01",104770,160944,116808,53537,9,3.6,105,B0DFCG2VGS,Nexlev,
https://m.media-amazon.com/images/I/71h5s-rZiGL.jpg,"Nexlev MultiPurpose Electric Food Kettle|1.5 L Ceramic Pot | 600W| Boil, Steam, Fry, Saute| Double Layered Body| 2 Temperature Settings| Multi Cooker for Water, Egg, Tea, Soup, Noodles, Rice| KE-02",104788,155019,105866,46327,6,3.9,91,B0DFD123P5,Nexlev,
https://m.media-amazon.com/images/I/61Um8J19WoL.jpg,"Nexlev Tyre Inflator for Car | Touch Control |150 PSI |12V DC| 4 Nozzles | Digital Tyre Pressure Gauge| Carry Bag | Suitable for Bike, Bicycle or Any Inflatable | Emergency LED Light | TI-01",45606,32950,38987,41258,8,5.0,3,B0DFM4JZV9,Nexlev,
https://m.media-amazon.com/images/I/71BTcLII1FL.jpg,"NexLev All in One Body Trimmer for Men | Suitable for Beard, Body, Balls, Pubic Hair, Private Parts | 90 Min Runtime |Type C | IPX 7 Waterproof | No Nicks No Cuts | 2 Safety Combs| Extra Blade | TM-02",70253,166117,146943,124026,0,3.8,13,B0DFMRG2K4,Nexlev,
https://m.media-amazon.com/images/I/71U8tZuINjL.jpg,NexLev LED Therapy Oil Applicator | Reduce Dandruff | Improve Hair Growth | EMS for Scalp Improvement | Red & Blue Light | High Frequency Massage for Better Absorption | 10 ML | Waterproof | EA-01,135903,132931,128115,114995,0,3.5,9,B0DHRQPGGM,Nexlev,
https://m.media-amazon.com/images/I/611EgAyrukL.jpg,NexLev Cordless Tyre Inflator for Cars & Bikes|150 PSI| 2x2000 mAh Powerbank| Type-C Port| 5 Pre Set Mode|Auto Shut-Off |Digital Display| LED light | Multiple Nozzles| Aer Pro TIC-03,35641,45355,43542,34024,2,3.8,83,B0DJFH4K8B,Nexlev,
https://m.media-amazon.com/images/I/61Um8J19WoL.jpg,"NexLev Tyre Inflator Kit for Car | 150 PSI 12V Air Compressor for Car, Bike & Cycle, 120W Tyre Inflator Pump with Digital Display, Auto Shut-Off, LED Emergency Light, 3m Cord, 3 Nozzles |AER TI-02",42704,33295,39091,41683,9,4.1,32,B0DJFH6RTL,Nexlev,
https://m.media-amazon.com/images/I/71n+5bNPEQL.jpg,"nexlev Cordless & Corded Tyre Inflator|150 PSI| 6000 mAh Powerbank|LED Light | Type C Port |Digital Display| 5 Pre-Set Modes|Auto Shut-Off |Multiple Nozzles for Cars, Bikes, Cycle| AER Pro Max TIC-04",35641,44763,42885,33928,2,3.8,83,B0DJFJZMC6,Nexlev,
https://m.media-amazon.com/images/I/315jTWv4QEL.jpg,NexLev Beard Trimmer| 90min Run Time| 40 Length Settings| 0.5mm Precision| Washable Stainless Steel Blades| Copper Motor| USB Type-C| IPX7 Waterproof| Travel Lock| 2 Beard Comb| 1 Year Warranty |TM-01,105173,72278,89771,78586,6,3.8,25,B0DK9LYT4P,Nexlev,
https://m.media-amazon.com/images/I/71kbj1WVC4L.jpg,NexLev Intimate Trimmer for Men|Ceramic Blade|120 Min Runtime|Type C Charge | IPX7 Waterproof | 7000RPM Copper Motor| Cordless|LED Light| Travel Lock| Wet/Dry Groin & Body Shaver | Intimate Pro TM-03,80261,79110,75858,76335,1,3.6,165,B0DK9NRBWJ,Nexlev,
https://m.media-amazon.com/images/I/71zvWGS+H+L.jpg,"NexLev 2 in 1 Nose, Ear & Body Trimmer for Men| Ceramic Blade| 7000 RPM Copper Motor| Type C Charge| 90 Min Runtime| IPX7 Waterproof| Cordless| Overcharge Protection|TM-04",107959,70368,89442,79182,8,3.7,10,B0DK9QNKK8,Nexlev,
,,,,,,-1,,,B0DKJRML4K,Nexlev,
https://m.media-amazon.com/images/I/71RP9rxKe0L.jpg,"nexlev Vacuum Cleaner for Home Use Wet and Dry | VC-05 Cordless Vacuum Cleaner for Car Use with 4000mAh Battery, 3 Attachments, Portable Compact Design for Home & Office Cleaning",272520,123538,104094,108772,8,3.5,62,B0DKJSCLBD,Nexlev,
https://m.media-amazon.com/images/I/81sdK6hnMCL.jpg,Nexlev LED Face Therapy Mask | For Glowing Clean Glass Skin| Anti Acne & anti-aging | Skin Rejuvenation| Facial at home| 60 Min Runtime| 7 colours| For All Skin Type| TYPE-C | For Men & Women| LE-07,334213,326301,315595,285533,0,5.0,3,B0DKJVWM8Q,Nexlev,
https://m.media-amazon.com/images/I/61BAnF5cUXL.jpg,NexLev Blackhead & Whitehead Remover Tool | Rechargeable |1Hr Use| Acne & Pimple Pore Cleaner | 6 Heads | Electric Derma Suction Machine | Hydra Facial Cleanser Device for Face |For Men & Women |BR-01,26411,42359,28906,18229,12,3.7,133,B0DKJXRXKM,Nexlev,
https://m.media-amazon.com/images/I/61mNzdZ50fL.jpg,nexlev Cordless Vacuum Cleaner & Blower |BLDC Copper Motor |HEPA with Stainless Steel Cover | for Home Office & Car Cleaning|4 Attachments | Blower for Dust & Inflatables | Portable & Compact | VC-04,291241,268307,316199,202731,6,3.7,34,B0DKJZDY72,Nexlev,
https://m.media-amazon.com/images/I/61wQ2tqHzTL.jpg,"NexLev Laser Hair Remover Device| Cooling Technology | Silky Skin for Women & Men |Painless & PermanentHair Reduction |Clinical-grade technology best suited for Indian Skin| At-home epilator for Face, Body & Bikini |IPL-01",279630,271952,263632,211658,0,2.8,5,B0DKK12XWR,Nexlev,
https://m.media-amazon.com/images/I/61anUBKQpLL.jpg,NexLev Oil Applicator Comb|Red Led Light Therapy |Boost Hair Growth| Reduce Dandruff | Relieve Stress |High Vibration Corded Electric Scalp/Head Massager | 6 ML Oil Tank | 2 Hr Run-Time| Type-C|EA-02,19601,22402,17682,18320,10,3.8,46,B0DKK15YNJ,Nexlev,50
https://m.media-amazon.com/images/I/71hZSZoG5wL.jpg,"NexLev Knee Massager for Joint Pain Relief |Controlled Vibration & Heating for Arthritis, Knee, Shoulder or Elbow pain | 15 modes |2 Extension Belt |Graphene Heating pad for Consistent Heating | KM-01",118568,116654,112357,67888,0,3.4,24,B0DM66B2DW,Nexlev,
https://m.media-amazon.com/images/I/61oVqOz6jUL.jpg,NexLev Calf Massager | Daily Use Leg Massager for Sore Muscle |1 Piece | Hand Like Massage with Air Compression | Improve Blood Circulation & Relieve Pain | 2500 mAh | Large Belt | Type C | CFM-01,21060,12319,11036,21894,12,3.7,91,B0DM6BB3VT,Nexlev,50
https://m.media-amazon.com/images/I/61vZ3HJ0E4L.jpg,"NexLev Eye Massager| 5 Massage Modes |Heat Function| 180° Foldable| Improves Sleep| Relieves Stress, Headache & Migraine| Relax & Reduce Eye Strain, Dark Circles, Eye Bags| Charge Type-C| EM-01",241815,234804,227326,203044,0,2.9,7,B0DM6MG4ZH,Nexlev,
https://m.media-amazon.com/images/I/61MxX4ham-L.jpg,"NexLev Air Compression Eye Massager|Heat Function|Vibration|In-Built Music| 5 Modes| 180° Foldable|Improve Sleep|Relieves Headache & Migraine|Reduce Eye Strain, Dark Circle, Eye Bags|Type-C| EM-02",152917,149162,143734,101563,0,2.2,9,B0DMSHZXG2,Nexlev,
https://m.media-amazon.com/images/I/714aRTf0Q4L.jpg,NexLev Electric 360° Shiatsu Foot Massager|Deep Kneading Function| Air Compression Massage| Heat Therapy| Pain Relief & Improved Blood Circulation For Leg & Calf | Auto Shut-Off | FM-01,144703,141326,135582,122092,0,3.8,22,B0DMSMKRD9,Nexlev,
https://m.media-amazon.com/images/I/71Tle8WBJxL.jpg,"Nexlev Foot, Calf & Leg Massager for Pain Relief with Heat & Kneading function| Corded Electric Foot Massage Machine for Home with Customizable Settings| 3 Speed Modes| Mini FM-02",144703,141347,135589,121685,0,3.8,22,B0DMSSLXST,Nexlev,
https://m.media-amazon.com/images/I/51jDrenJQnL.jpg,"NexLev Massager Gun For Pain Relief | 4 Head Deep Tissue Body Massage Gun For Pain Relief For Men & Women | Handheld Battery Powered Massager for Neck, Shoulder, Back, Foot | 1800mAh Battery- MG-01",112799,87319,93923,92760,5,4.3,12,B0DMT19RWC,Nexlev,
https://m.media-amazon.com/images/I/718id08dpqL.jpg,NexLev Drip Coffee Maker |Filter Coffee for Home & Office | 4-6 Cups | Warming Plate|Borosilicate Carafe | Reusable & Washable Filter | Anti Drip | 750 ml | Cone Filter | Water Level Indicator |CF-01,241948,311674,349546,262341,4,3.8,26,B0DNJF1BLS,Nexlev,
https://m.media-amazon.com/images/I/61z7WBfRS6L.jpg,"NexLev Shiatsu Neck & Back Massager| 3D Kneading Deep Tissue Electric Massage Pillow| Muscle Pain Relief for Neck, Back,Shoulders,Legs,Foot| 4 Speed Modes| 15 Min Auto Shut-Off| Bi-directional| BM-01",109870,110923,116797,92856,3,2.8,21,B0DNJHKZ2G,Nexlev,
https://m.media-amazon.com/images/I/61z7WBfRS6L.jpg,NexLev Neck & Back Massager|Cervical Pain Relief|Electric Deep Tissue Shiatsu with Heat Therapy|3 Speed Modes| 8 Kneading Massage Nodes|Full Body Relax|15 Min Auto-Shut-Off| 1 Year Warranty|BM-02,109870,110625,116299,93962,3,2.6,7,B0DNJJKBKG,Nexlev,
https://m.media-amazon.com/images/I/518kHrHSYiL.jpg,"NexLev Spin Scrubber|6 Scrubbing Heads| For Kitchen, Bathroom, Tub, Glass | Complete cleaning tool for Home, Office & Car| 90 min runtime | 2600 mAh | Cordless Type C | 2 Modes|Adjustable Handle|SS-02",55329,55097,48303,26278,0,3.5,62,B0DNJP9T35,Nexlev,
https://m.media-amazon.com/images/I/71J2Xn0NmJL.jpg,Nexlev 10-in-1 Foldable Steam Cleaner & Mop| 2 Steam Modes| All Surfaces & Upholstery| 12 Accessories| 350ml Tank| 5M Cord|Swivel Design|Powerful Chemical Free Disinfection|Light-Weight|SC-04,2297,4888,4504,6907,20,3.9,724,B0DNJS23HS,Nexlev,100
https://m.media-amazon.com/images/I/81Ig+LThuUL.jpg,"NexLev Hot Air Brush For Hair | V-03 3 in 1 Volumizer Hair Blow Dry Brush with 1.5 Inch Barrel, Ceramic Tourmaline Coating, 1200W, Dual Bristle for Tangle Free Salon Styling",11938,12505,13807,11894,14,4.0,127,B0DQCWRG3H,Nexlev,50
https://m.media-amazon.com/images/I/710t9mB4hXL.jpg,nexlev Handheld Vacuum Cleaner| 600 W | 17.5 Kpa Suction | 5 M Cord | Lightweight | Washable Hepa Filter and Dust Container| 4 Attachments | Compact Size | Home & Office Use| VC-06,473503,466064,451262,248714,0,3.6,16,B0DRD8J8R5,Nexlev,
https://m.media-amazon.com/images/I/71GVwAON1xL.jpg,"NexLev IONIC Volumizer + Straightening Brush| 1200 W| Ceramic Tourmaline Coating| Hot Air Brush| Large Barrel| Ionic Technology| Dual bristles for drying, volumizing & straightening | 360° vents| V-02",12805,15041,14641,15337,13,4.2,12,B0DT6Y7KJM,Nexlev,
https://m.media-amazon.com/images/I/61z7WBfRS6L.jpg,NexLev Shiatsu Neck Shoulder & Back Massager | 8 Kneading Nodes | 4 Modes | Deep Tissue Massage for Cervical Pain Relief | Adjustable & Hands free Design | Portable | Deep Tissue Relief | BM-03,109870,111861,117213,93037,3,2.5,24,B0DV8XH455,Nexlev,
https://m.media-amazon.com/images/I/71TbuRl-VPL.jpg,NexLev Orthopaedic Heat and Massage Belt | Massager for Lower Back Shoulder Cramps and Neck Pain Relief | 3 massage Modes | 2 intensities | Heat for Soothing Sore Muscles | 30 min Auto Shut off |HB-01,340852,331887,291070,270055,0,,,B0DV91JGF1,Nexlev,
https://m.media-amazon.com/images/I/61mXh+jvXdL.jpg,"NexLev Cordless Body Massager | Neck, Shoulder, Back, Legs & Thigh Pain Relief | 10 Intensity and 12 Modes | 8 Attachments | Deep Tissue Kneading for Complete Pain Relief | Charging Indicator | PM-01",75733,61322,59827,38404,6,2.9,6,B0DV9MYK6S,Nexlev,
https://m.media-amazon.com/images/I/71OYSRLOpsL.jpg,"nexlev Travel Neck Pillow | Orthopedic Premium Memory Foam | for Airplane, Car, Train, Office use & Cervical Pain | Machine Washable | 360 Support | Carry Pouch for Storage | NP-06",22218,20888,19847,12325,4,3.8,119,B0DVCBR11D,Nexlev,
https://m.media-amazon.com/images/I/81Lfvwt5utL.jpg,"nexlev Travel Neck Pillow | Orthopedic Premium Memory Foam | for Airplane, Car, Train, Office use & Cervical Pain | Machine Washable | 360 Support | Carry Pouch for Storage | NP-07",22218,20919,19921,12508,2,3.8,119,B0DVCDD5VC,Nexlev,
https://m.media-amazon.com/images/I/71b6Js7x-gL.jpg,"NexLev Knee Massager for Joint Pain Relief |Controlled Vibration & Heating for Arthritis, Knee, Shoulder or Elbow pain | 15 modes |2 Extension Belt |Graphene Heating pad for Consistent Heating | KM-01",117011,92269,86066,56646,3,3.6,19,B0F29SZCVF,Nexlev,
https://m.media-amazon.com/images/I/71qbOOChwrL.jpg,NexLev Steam Cleaner | Complete Home Kitchen Floor Bathroom Car & Office | Steam Cleaner for Home With 9 Accessories | 450 ML | Window Pane Sink Grime Chimney Grease Water Stain Cleaner | 1050W,2297,4400,4308,7294,33,3.9,724,B0F43P6D23,Nexlev,200
https://m.media-amazon.com/images/I/61sdOATq7GL.jpg,Nexlev Portable Sewing Machine| 2 Speed Settings| Cordless| Battery operated| USB Type C cord for Plug-in| Quick Fix DIY |Portable & Compact| for all Fabrics| 1 Year Warranty| STITCH & STYLE SW-01,,,,,0,,,B0F5X2C11Z,Nexlev,
https://m.media-amazon.com/images/I/61464P38FwL.jpg,Nexlev Rechargeable Electric Toothbrush| 120 Days Life | 35K strokes/min| Type C| 6 Modes for Daily Use| 2 Min timer with 30sec Quadpacer | 4 Brushheads| IPX7 Waterproof| For Men & Women | ETC-07 White,47006,67183,77548,45879,9,4.7,17,B0FJG5PFGQ,Nexlev,
https://m.media-amazon.com/images/I/71J9TcWMG2L.jpg,Nexlev Electric Mop Home Cleaner | Spin Mop for Home with Cordless Self-Propelling Design | Water Spray Function | LED Cleaning Head | Type-C Rechargeable | 50 Min Runtime | 2 Extra Pads,18701,13676,11111,13389,14,4.1,5,B0GKNGWLJ2,Nexlev,
https://m.media-amazon.com/images/I/518kHrHSYiL.jpg,Nexlev Electric Spin Scrubber for Bathroom | Bathroom Cleaning Machine Electric with 6 Interchangeable Heads | Auto Water Spray | 90 Min Runtime | Adjustable Handle | IP68 Waterproof SS-02,12707,13727,11148,13211,14,3.6,10,B0GLHC8CB3,Nexlev,
https://m.media-amazon.com/images/I/71lAb0El5ML.jpg,NexLev Rechargeable Lint Remover | for Woollen Sweaters Shirts Coat Curtains & Carpets | Rue & Burr Remover | 180 Min Use | TypeC | SS Blade | 2000mAh | 3 Speed Modes | Safety Lock | LR-02,,65398,49773,25749,0,4.4,155,B0D845B2DG,Nexlev,
https://m.media-amazon.com/images/I/51YQvOBPKjL.jpg,"NexLev Replacement HEPA Filter | Compatible with NexLev Corded Mite Remover (MR-01) | Captures 99.99% Dust, Mites & Allergens | Washable & Durable Filter | Easy to Install & Maintain",656295,572034,519466,244248,0,3.7,721,B0DGTGKPJR,Nexlev,
https://m.media-amazon.com/images/I/71Zl1vRiodL.jpg,Nexlev Ionic Volumizer|3 In 1 Hot Air Brush To Straight Dry & Volumize|1200 Watts|Reduce Frizz|Ceramic Tourmaline Coated Large Barrel|Salon Like Soft Curl At Home|3 Speed & 2 Heat Settings|V-01 RG,11938,12652,13795,13367,10,3.8,94,B0DQ8W1RBV,Nexlev,
https://m.media-amazon.com/images/I/71Np-YyXeDL.jpg,"NexLev Spin Scrubber with Soap Spray | 6 heads| For Kitchen, Tub, Glass, Complete cleaning tool for Home, Office & Car| 90 min runtime | 4500 mAh | Cordless Type C | Adjustable Handle|SS-01, White",49005,42694,42926,28062,3,3.2,65,B0DTK4FY1G,Nexlev,
https://m.media-amazon.com/images/I/81POSG0li0L.jpg,NexLev Cordless Spin Mop|50 Min Runtime|2 Extra Mop Pads | Type C | For Home Kitchen & Office Use | Water Spray Function|Self Propelling|Mopping for All Floor Types|LED for Corners and Underbed|SPM-01,24991,64236,58372,35732,1,3.1,51,B0DTYDTKN8,Nexlev,
https://m.media-amazon.com/images/I/812-nyeCy+L.jpg,NexLev Full Body Massage Chair Mat | Deep Tissue Massage with 22 Air Compression Bags | Remote Control | Heat Therapy | Spa at Home | Foldable & Compact Design | Ideal for Back & Shoulder Pain MM-01,370251,361207,227715,77148,0,3.6,72,B0DV8TR64D,Nexlev,
,,,,,,-1,,,B0DV8V3Y88,Nexlev,
https://m.media-amazon.com/images/I/61hpaUpkT4L.jpg,"NexLev Cordless Body Massager | Neck, Shoulder, Back, Legs & Thigh Pain Relief | 10 Intensity and 12 Modes | 6 Attachments | Deep Tissue Kneading for Complete Pain Relief | Charging Indicator | PM-02",232727,219691,298484,256785,1,,,B0DV931G48,Nexlev,
https://m.media-amazon.com/images/I/71fDNvnGKUL.jpg,"NexLev Massager Gun For Pain Relief | 4 Head Deep Tissue Body Massage Gun For Pain Relief For Men & Women- 6 Speed Modes | Handheld Battery Powered Massager for Neck, Shoulder, Back, Foot- MGS-02",112799,89426,94672,92556,5,5.0,1,B0DV94R4QD,Nexlev,
https://m.media-amazon.com/images/I/71mQgLsdiBL.jpg,NexLev Massage Gun | Body Shoulder Neck Feet Calf & Back Massager | Cold Therapy for Muscle Recovery | 60° Heat Therapy for Relaxation | 6 Attachments | 6 Mode | Portable & Compact Design | MGC-03,112799,87139,93834,92869,5,2.5,3,B0DV9CY3XR,Nexlev,
https://m.media-amazon.com/images/I/71rPCJ1Vi5L.jpg,NexLev Mini Air Purifier | Home Room & Office Use upto 220 sq ft |True HEPA 13 Filter | Eliminate 99.99% Virus Dust Smoke Odor Pollen Allergens & Pollutants | Long Filter Life |2 Year Warranty |AP220,152100,150614,148558,77038,8,3.9,97,B0DVC58QPZ,Nexlev,
https://m.media-amazon.com/images/I/714z2iC2VVL.jpg,"NexLev Stand Mixer |5 L Stainless Steel Bowl | 1500W | Stand Mixer For Baking with 10 Speeds | Whisk, Beater & Dough Hook |100% Copper Motor |For Roti & Cookie Dough, Cake Making & more | ST-01",20260,16530,26782,53783,10,4.1,84,B0DVC7VJP1,Nexlev,100
https://m.media-amazon.com/images/I/71IjdNGFBEL.jpg,"NexLev Humidifier For Room Moisture | 2.2L Ultrasonic Cool Mist Room Humidifier For Bedroom, 30H Runtime, 360° Nozzle, Adjustable Mist, Auto Shut-Off, Leak-Proof for Bedroom, Nursery & Plants",197215,104155,68972,47131,10,4.0,103,B0DVC8NYY2,Nexlev,
https://m.media-amazon.com/images/I/71BTcLII1FL.jpg,NexLev Body & Intimate Trimmer for Men | Pubic Hair - Private Part Trimmer and Body Groomer |Vacuum for Mess Free Trimming | Ceramic Blades | Curved Edge for Safety | IPX7 Waterproof | TypeC |TM-05,70253,165724,146739,121795,0,4.0,1,B0DVC91Q7J,Nexlev,
https://m.media-amazon.com/images/I/71IjdNGFBEL.jpg,"NexLev Cool Mist Humidifier | 3.5L| For Office, Indoor Plants, Baby Nursery | Quiet Operation | Works 44Hrs on Low Setting | 360° Nozzle | Auto Shut-Off | Adjustable Knob | Leak Proof | HU-01",197215,103238,67814,50192,8,3.9,99,B0DVC968P1,Nexlev,
https://m.media-amazon.com/images/I/81jC6hHnsFL.jpg,NexLev Air Purifier for Living Room | 650 sqft Area |True HEPA 13 with 8500 Hrs Filter Life |Captures 99.99% Virus and PM 2.5 |Smart AQI Indicator |Home & Office Use|App Support|Sleep & Auto Mode| A6,152100,150166,149579,77693,9,5.0,2,B0DVC9PRSD,Nexlev,
https://m.media-amazon.com/images/I/71Xx7-d4aUL.jpg,NexLev Air Purifier for Home| Upto 650 Sqft| True HEPA 13 Filter catches 99.97% of Viruses & PM 2.5 particles| Filter Life 1500Hrs| App Control| Air Quality Indicator| Wi-Fi Enabled| AP-02,1742666,363957,752617,1311233,5,5.0,2,B0DVC9Q219,Nexlev,
https://m.media-amazon.com/images/I/71VjVUguk7L.jpg,"NexLev Calf Massager Pro|Complete Feet Calf Knee and Thigh Massage|Hand like Massage with Air Compression and Heat Therapy|Pain Relief,Muscle Recovery & Enhanced Blood Circulation|3 Intensities|CFM-02",138045,77298,69628,36024,8,1.0,2,B0DVSZ2VVJ,Nexlev,
https://m.media-amazon.com/images/I/81B-KvBBTwL.jpg,NexLev Replacement Mop Cloth Pads (Set of 2) | Compatible with NexLev Steam Mop SM-01 | Reusable Microfiber Pads for Floor & Carpet Cleaning | Washable & Durable | Suitable for All Floor Types,142359,119127,89199,90724,0,5.0,1,B0F2MZ8CG9,Nexlev,
https://m.media-amazon.com/images/I/81PY0Z1nFOL.jpg,NexLev Replacement Mop Pads (Set of 2) | Compatible with NexLev Cordless Spin Mop SPM-01 | Soft Microfiber Cleaning Pads | Washable & Reusable | For All Floor Types | Easy to Attach & Remove,60519,48759,93164,74043,6,1.0,1,B0F2MZ9BJS,Nexlev,
https://m.media-amazon.com/images/I/61vRc7VjK+L.jpg,NexLev Replacement Stainless Steel Blades (Set of 2) | Compatible with NexLev Lint Remover LR-02 | Sharp & Durable Blades for Effective Fabric Defuzzing | Easy to Replace | Smooth & Safe Performance,,741356,529848,213605,0,4.0,1,B0F2N11VTN,Nexlev,
https://m.media-amazon.com/images/I/61Q0vs-wTNL.jpg,NexLev Replacement Mop Cloth Pads (Set of 2) | Compatible with NexLev 10-in-1 Steam Cleaner & Mop SC-04 | Reusable Microfiber Pads for Floor Deep Cleaning | Washable & Durable | For All Floor Types,2297,4570,4342,53311,16,3.8,654,B0F2N1HTBT,Nexlev,
https://m.media-amazon.com/images/I/71WysJ-IiVL.jpg,NexLev Replacement Accessory Kit for Spin Scrubber SS-02 | Multipurpose Cleaning Heads for Home & Car,182808,147100,152675,130149,0,,,B0F2N31GNX,Nexlev,
https://m.media-amazon.com/images/I/61vRc7VjK+L.jpg,NexLev Replacement Stainless Steel Blades (Set of 2) | Compatible with NexLev Lint Remover LR-01 | Sharp & Durable Blades for Effective Fabric Defuzzing | Easy to Replace | Smooth & Safe Performance,506238,353988,385278,110132,3,2.0,1,B0F2N37819,Nexlev,
https://m.media-amazon.com/images/I/71Xm8onNDTL.jpg,"nexlev Replacement HEPA Filter | Compatible Cordless Mite Remover (MR-02) | Captures 99.99% Dust, Mites & Allergens | Washable & Durable Filter Maintain",195009,200483,297005,189398,7,1.0,1,B0F2N4N83Y,Nexlev,
https://m.media-amazon.com/images/I/61Mp55cjxiL.jpg,nexlev Replacement HEPA Filter | Compatible Cordless Car Vacuum Cleaner VC-03 | Captures 99.97% Dust & Allergens | Washable & Durable Filter Maintain,1023373,885130,451517,193601,0,,,B0F67775SH,Nexlev,
https://m.media-amazon.com/images/I/51FPuDLvJNL.jpg,"nexlev Replacement Accessory Kit for Steam Cleaner SC-01 | Multipurpose Cleaning Attachments for Home, Kitchen, Bathroom & Car",2297,4489,17196,51555,20,3.9,720,B0F678L8YT,Nexlev,
https://m.media-amazon.com/images/I/61Mp55cjxiL.jpg,nexlev Replacement HEPA Filter | Compatible Cordless Vacuum Cleaner VC-02 | Captures 99.97% Dust & Allergens | Washable & Durable Filter Maintain,762281,624669,314208,165221,0,5.0,1,B0F678RRCX,Nexlev,
https://m.media-amazon.com/images/I/71+7JzjvWuL.jpg,Nexlev Professional Air Purifier HEPA Filter for Model A6,2117276,2085568,1383516,388565,0,3.7,85,B0F6795PDP,Nexlev,
https://m.media-amazon.com/images/I/61Mp55cjxiL.jpg,NexLev Replacement HEPA Filter | Compatible with NexLev Cordless Vacuum Cleaner & Blower VC-04 | Captures 99.97% Dust & Allergens | Washable & Durable Filter | Easy to Install & Maintain,793709,551482,654034,555525,0,,,B0F679QJH4,Nexlev,
https://m.media-amazon.com/images/I/61As1UXhTHL.jpg,"NexLev Replacement Accessory Kit for Steam Cleaner SC-02 | Multipurpose Cleaning Attachments for Home, Kitchen, Bathroom & Car",188018,187295,165533,88296,2,3.5,317,B0F67BSF2R,Nexlev,
https://m.media-amazon.com/images/I/71+7JzjvWuL.jpg,NexLev Smart Air Purifier HEPA Filter for Model AP220,377527,322188,265110,106667,3,5.0,1,B0F67BW7SF,Nexlev,
https://m.media-amazon.com/images/I/61Mp55cjxiL.jpg,nexlev Replacement HEPA Filter | Compatible 2 in 1 Handheld & Stick Vacuum Cleaner VC-01 | Captures 99.97% Dust & Allergens | Washable & Durable Filter Maintain,39562,37591,59417,89509,9,,,B0F74DJYG6,Nexlev,
https://m.media-amazon.com/images/I/81vdYzb+ybL.jpg,Nexlev Rechargeable Electric Toothbrush| 120 Days Life | 35K strokes/min| Type C| 5 Modes for Daily Use| 2 Min timer with 30sec Quadpacer | 4 Brushheads| IPX7 Waterproof| For Men & Women | ETC-08 Blue,97913,58053,64288,43035,8,4.2,66,B0FJ1ZB4G9,Nexlev,
https://m.media-amazon.com/images/I/711gR-FBZUL.jpg,"NexLev 1500W Electric Water Kettle | 1.8L | 304 SS - Auto Cut Off | 3x Protection| Instant Boiling, Water, Tea, Coffee, Noodles, Soup | Cool Touch Handle & Lid | 3Mins Rapid Heating | Cordless | KE-03",729251,593870,545389,472538,0,4.1,4,B0FJ8SFNRH,Nexlev,
https://m.media-amazon.com/images/I/51wLrw04oFL.jpg,NexLev Accessory Kit for 10-in-1 Steam Cleaner & Mop SC-04 | Multipurpose Attachments for Deep Cleaning,2297,4513,4370,67059,19,3.9,724,B0FMF1D9NV,Nexlev,
https://m.media-amazon.com/images/I/81GOJx04WhL.jpg,NexLev Calf Massager | Daily Use Leg Massager for Sore Muscle | Hand Like Massage with Air Compression | Improve Blood Circulation & Relieve Pain | 2500 mAh | Large Belt | Type C |CFM-03|Pack of 2,21060,12412,11028,45424,14,3.7,91,B0FPGDVVCX,Nexlev,
https://m.media-amazon.com/images/I/816io2zu6FL.jpg,NexLev Portable Blender | 6 Leaf Stainless Steel Blade Portable Blender for Smoothie and Juices Milkshakes & Ice Crushing | 3000 mAh Type C Rechargeable Battery | 450ml | PB-01 | Kitchen & Travel Use,54089,38520,29477,64775,13,4.3,30,B0FS6TB7CP,Nexlev,50
https://m.media-amazon.com/images/I/713JDCCPfWL.jpg,NexLev Rechargeable Milk Frother & Coffee Whisker | 3 Speed | Stainless Steel Dual Spring Tech | Perfect for Coffee Lattes Milk Hot Chocolate Omlete & Cream | Handheld Beater for Foam |MF-01,607640,450195,375739,325290,1,5.0,1,B0FS7T8151,Nexlev,
https://m.media-amazon.com/images/I/71C-HnlQL3L.jpg,NexLev Mini Electric Chopper | 3D Stainless Steel Blade | Food Grade Bowl | For Mincing Garlic Ginger Onion Vegetable Meat Nuts | 250 ml | One Touch Operation | MC-01,61413,65665,92070,75234,13,4.3,28,B0FSF1N457,Nexlev,50
https://m.media-amazon.com/images/I/71aMsN0NW-L.jpg,"NexLev Portable Cordless Lint Remover | for Woollen, Sweaters, Jackets, Carpets | Fabric Brush | Rue & Burr Remover | Battery Powered Shaver | SS Blade | Safety Lock | LR-03",,65397,50517,23298,0,2.9,37,B0FT8R24QM,Nexlev,
https://m.media-amazon.com/images/I/61JA7OZLJyL.jpg,"NexLev Replacement Accessory Kit for Steam Cleaner SC-05 | Multipurpose Cleaning Attachments for Home, Kitchen, Bathroom & Car",203379,148218,111213,116495,1,,,B0FYNKYJFN,Nexlev,
https://m.media-amazon.com/images/I/61Rwk45IvhL.jpg,"nexlev 3-in-1 Accessory Kit for Cordless Wet & Dry Vacuum Cleaner VC-05 | for Car, Sofa & Home Cleaning | Easy to Attach & Durable Build",1603845,1166766,891029,891029,0,,,B0FYNLPK1B,Nexlev,
https://m.media-amazon.com/images/I/61-RWiPE+WL.jpg,"NexLev 5.5L Stainless Steel Mixing Bowl | Compatible with NexLev Stand Mixer ST-01 | Durable & Rust-Resistant | Easy to Clean | Extra Bowl for Baking, Mixing & Whipping",,,36831,41386,0,,,B0FYNR2XCB,Nexlev,
https://m.media-amazon.com/images/I/61h+uJ5wIOL.jpg,"NexLev Stand Mixer Attachment Set for ST-01 | Includes Dough Hook, Beater & Whisk | Durable Stainless Steel Build | Easy to Attach & Clean | Ideal for Baking, Whipping & Kneading",877512,857678,462729,205380,0,3.8,64,B0FYNT1TW7,Nexlev,
https://m.media-amazon.com/images/I/61DVr87Z7pL.jpg,Nexlev Red Light Therapy Wand for Face and Neck| EMS Skincare Massager | Microcurrent| Glass Skin Therapy| Wrinkle Reduction| Anti-Aging Skin Tightening Machine| Face Sculpting Tool| LE-06,351376,341346,260715,248247,0,,,B0G1YKMFWT,Nexlev,
https://m.media-amazon.com/images/I/81+0fErjpKL.jpg,"Nexlev Multipurpose Spot Cleaner Machine, Carpet Upholstery Deep Cleaner | Hot Water and Steam function | Powerful Suction | 1700 Watt | Stain Remover |13 Accessories for Home & Car",4033,5555,87139,87139,29,4.9,11,B0GGHZWMVW,Nexlev,100
https://m.media-amazon.com/images/I/81KlzWau5lL.jpg,"nexlev Dust Mite Vacuum Cleaner MR-03 | 14KPa Sofa Cleaning Machine for Mattress, Sofa & Carpet, UV-C Light, Double beat Vibration & 60º hot air, HEPA Filter for Mites, Allergens & Pet Hair",8457,6532,6532,6532,22,3.8,709,B0GM1CZC7Y,Nexlev,
https://m.media-amazon.com/images/I/51ZaG9MJDFL.jpg,"NexLev Dehumidifier for Room Moisture | 1000ML Tank | Covers Up to 200 Sq. Ft. | Removes Dampness, Mold & Musty Odor | Ideal for Bedroom, Wardrobe, Bathroom & Office | Auto Shut-Off | DH-01",16084,156097,107455,90371,12,3.9,20,B0GN85NZQN,Nexlev,50
https://m.media-amazon.com/images/I/61ywGEtww6L.jpg,"NexLev Car Air Purifier | CAP-05 Air Purifier For Living Room with H13 HEPA Filter, Activated Carbon, Negative Ion Generator & 360° Air Intake, USB Type-C, Removes PM 2.5 & PM 10",14721,33122,86931,86931,17,3.9,101,B0GN86G345,Nexlev,
https://m.media-amazon.com/images/I/71w89MZhN6L.jpg,"Nexlev Air Purifier for Bedroom | Smart Air Purifier for Living Room with H13 HEPA Filter | Up to 300 Sq Ft | PM2.5 & AQI Display | 360° Air Intake | Removes Dust, Touch Control for Home & Office",152100,155030,144253,144253,10,3.9,97,B0GN8N96R5,Nexlev,
https://m.media-amazon.com/images/I/81Nc6U0jOSL.jpg,"NexLev Stand Mixer | 2000W Copper Motor Dough Maker Machine with Digital Timer, 8L Stainless Steel Bowl, 6 Speed + Pulse Control, Metal Gears, Planetary Rotation, Teflon Coated, ST-03",20260,16423,23323,23323,9,4.0,83,B0GN8WW6BC,Nexlev,
https://m.media-amazon.com/images/I/714Ql2lKjML.jpg,"NexLev Stand Mixer | 2000W Copper Motor Dough Maker Machine with Digital Timer, 6L Stainless Steel Bowl, 6 Speed + Pulse Control, Metal Gears, Planetary Rotation, Teflon Coated, ST-02",20813,16347,23303,23303,8,4.0,83,B0GN94YDY2,Nexlev,
https://m.media-amazon.com/images/I/71bIJBqenbL.jpg,"NexLev Spin Scrubber SS-02 + Steam Cleaner SC-01 Combo | 6 Heads + 9 Accessories | 1000W Steam | 2600mAh Cordless Type-C | 90 Min Runtime | 300ML Tank | Kitchen, Bathroom, Sofa & Car Cleaning Kit",,,,,0,,,B0GQC12GDP,Nexlev,
https://m.media-amazon.com/images/I/814MacrIk8L.jpg,"NexLev Steam Cleaner SC-01 + Mattress Vacuum MR-01 Combo | 1000W Steam, 300ML, 9 Accessories | UV, HEPA 99.99%, Double Beat | Sofa, Carpet, Kitchen, Bathroom & Allergen Cleaning Kit",,,,,0,,,B0GQCB4PJC,Nexlev,
https://m.media-amazon.com/images/I/614ixAhrtCL.jpg,"NexLev Scalp Massager HM-01 + LED Therapy Oil Applicator EA-01 Combo | 96 Kneading Nodes, 3 Modes, 120 Min Runtime | Red & Blue Light, EMS | Hair Growth & Dandruff Care Kit",,,,,0,,,B0GQGK4GJ7,Nexlev,
https://m.media-amazon.com/images/I/71Ym24y6NZL.jpg,"NexLev Steam Cleaner SC-01 + 2-in-1 Handheld & Stick Vacuum VC-01 Combo | 1000W Steam, 300ML, 9 Accessories | 17500Pa Suction, HEPA | Home, Sofa, Car & Deep Cleaning Kit",,,,,0,,,B0GQGXR9D7,Nexlev,
https://m.media-amazon.com/images/I/618VNO484SL.jpg,"Nexlev Skin Lift Device LE-04 + Skin Scrubber LE-03 Combo | 7 Color LED, Microcurrent & Hot Compress | Red & Blue Light | Blackhead Remover, Pore Cleaner & Face Tightening Kit",,,,,0,,,B0GQGZVGLL,Nexlev,
https://m.media-amazon.com/images/I/61516K-y-pL.jpg,nexlev Replacement Mop Cloth for Steam Cleaner SC-01(Pack of 2),67273,35269,35018,35018,8,2.0,1,B0GYS6CJD9,Nexlev,
https://m.media-amazon.com/images/I/71wXfmqqOSL.jpg,"NexLev Steam Cleaner & Mattress Vacuum Cleaner Bundle | Home, Kitchen, Bathroom, Sofa, Carpet & Car Seat Cleaning | UV Sterilization, HEPA Filter, 9 Accessories | Cordless Vacuum + 1000W Steam Cleaner",1087266,816126,816126,816126,1,,,B0H2JJN6R8,Nexlev,
https://m.media-amazon.com/images/I/61ERI4iNDuL.jpg,"NexLev Facial Care Bundle | Blackhead Remover + Facial Steamer | Deep Cleansing, Pore Care & Home Facial Skin Care Kit",,,,,0,,,B0H335HZ1P,Nexlev,
https://m.media-amazon.com/images/I/71QkHzWPUnL.jpg,"NexLev Travel Fabric Care Bundle | Portable Garment Steamer + Lint Remover | Wrinkle Removal & Fabric Care Combo for Clothes, Travel & Everyday Use",,,,,0,,,B0H33HN9LH,Nexlev,
https://m.media-amazon.com/images/I/71h40sdGNZL.jpg,"nexlev Complete Home Cleaning Bundle | Stick Vacuum Cleaner + Steam Cleaner | Vacuum & Steam Cleaning Combo for Floor, Sofa, Kitchen, Carpet, Upholstery & Everyday Home Cleaning",,,,,0,,,B0H3QBK46G,Nexlev,
https://m.media-amazon.com/images/I/71nWZhvgCOL.jpg,"nexlev Deep Home Care Bundle | Mite Remover Vacuum + Stick Vacuum Cleaner | Dust Mite Removal, UV Sanitization & Powerful Suction for Beds, Sofas, Mattresses & Floors",,,,,0,,,B0H3TFTXWT,Nexlev,
https://m.media-amazon.com/images/I/71VyvNyuplL.jpg,"NexLev 3-in-1 Kitchen Prep Bundle | Stand Mixer 5L + Portable Blender + Mini Chopper | Baking, Smoothies & Meal Preparation Combo",,,,,0,,,B0H3TMZ87Q,Nexlev,
https://m.media-amazon.com/images/I/71yrCyIJ6zL.jpg,"NexLev Kitchen Prep Bundle | Portable Blender + Mini Chopper | Smoothies, Shakes, Chopping & Everyday Food Preparation Combo",,,,,0,,,B0H3TT9BJL,Nexlev,
https://m.media-amazon.com/images/I/71RHhAjfZuL.jpg,"NexLev Healthy Air Bundle | Air Purifier + Humidifier | Air Purification & Moisture Care Combo for Bedroom, Home & Office",,,,,0,,,B0H3TV13JP,Nexlev,
https://m.media-amazon.com/images/I/41b4s+F-yvL.jpg,"NexLev Home Deep Cleaning Bundle | 10-in-1 Foldable Steam Cleaner & Mop + 2-in-1 Stick & Handheld Vacuum Cleaner | Vacuum + Steam Cleaning Combo for Floor, Sofa, Carpet, Kitchen & Car Cleaning",,,,,0,,,B0H3V14M5J,Nexlev,
https://m.media-amazon.com/images/I/71WeJqoE76L.jpg,"NexLev Smart Kitchen Bundle | Portable Blender + Electric Kettle | Smoothies, Hot Beverages & Everyday Kitchen Essentials Combo",,,,,0,,,B0H3VQ8ZM2,Nexlev,
https://m.media-amazon.com/images/I/71TPNcsmPhL.jpg,"NexLev Complete Steam Cleaning Bundle | Steam Cleaner + Accessories Kit | Multi-Surface Deep Cleaning Combo for Kitchen, Bathroom, Sofa, Windows & Home Cleaning",,,,,0,,,B0H5WRN8W8,Nexlev,
https://m.media-amazon.com/images/I/71UFt9YazML.jpg,"NexLev Steam Cleaner Cleaning Bundle | Multipurpose Steam Cleaner with Accessories + 2 Extra Microfiber Cloths + 1 Round Brush + 1 Bent Nozzle | Deep Cleaning Combo for Home, Kitchen, Bathroom & Uphol",,,,,0,,,B0H5WV3HNL,Nexlev,
