asin,sku,brand,model,seller_rank,seller_id,seller_name,is_buybox_winner,price,landed_price,shipping,is_fba,is_prime,feedback_rating,fetched_at
B0CDQ55W2M,FBA78995,Nexlev,NP-02,1,AVYXL4PPA4XRV,Other 3P (AVYXL4PPA4XRV),True,741.0,,0.0,True,True,88.0,2026-08-03T10:44:11.848967+00:00
B0CDQ5NBH8,FBA78998,Nexlev,NP-05,1,AVYXL4PPA4XRV,Other 3P (AVYXL4PPA4XRV),True,1199.0,,0.0,False,False,88.0,2026-08-03T10:44:11.848967+00:00
B0CQX9ZZMH,FBA79229,Nexlev,GS-04,1,A15YBOSC0EMOS0,Other 3P (A15YBOSC0EMOS0),True,2287.0,,0.0,True,True,97.0,2026-08-03T10:44:11.848967+00:00
B0CYSLCRQS,FBA79263,Nexlev,MR-01,1,AVYXL4PPA4XRV,Other 3P (AVYXL4PPA4XRV),True,2999.0,,0.0,True,True,88.0,2026-08-03T10:44:11.848967+00:00
B0CYSLCRQS,FBA79263,Nexlev,MR-01,2,A15YBOSC0EMOS0,Other 3P (A15YBOSC0EMOS0),False,3199.0,,0.0,True,True,97.0,2026-08-03T10:44:11.848967+00:00
B0D2LHNS9B,FBA79265,Nexlev,CR-01,1,AVYXL4PPA4XRV,Other 3P (AVYXL4PPA4XRV),True,794.0,,0.0,True,True,88.0,2026-08-03T10:44:11.848967+00:00
B0D2LHNS9B,FBA79265,Nexlev,CR-01,2,A2GTG1HPYW8M2P,Other 3P (A2GTG1HPYW8M2P),False,799.0,,0.0,True,True,72.0,2026-08-03T10:44:11.848967+00:00
B0D2LD6BYJ,FBA79267,Nexlev,T-02,1,AVYXL4PPA4XRV,Other 3P (AVYXL4PPA4XRV),True,999.0,,0.0,True,True,88.0,2026-08-03T10:44:11.848967+00:00
B0D2LD6BYJ,FBA79267,Nexlev,T-02,2,A15YBOSC0EMOS0,Other 3P (A15YBOSC0EMOS0),False,1039.0,,0.0,True,True,97.0,2026-08-03T10:44:11.848967+00:00
B0D383WQPB,FBA79268,Nexlev,GS-05,1,A15YBOSC0EMOS0,Other 3P (A15YBOSC0EMOS0),True,1949.0,,0.0,True,True,97.0,2026-08-03T10:44:11.848967+00:00
B0D383WQPB,FBA79268,Nexlev,GS-05,2,AVYXL4PPA4XRV,Other 3P (AVYXL4PPA4XRV),False,2066.0,,0.0,True,True,88.0,2026-08-03T10:44:11.848967+00:00
B0D83Q7L8W,FBA79271,Nexlev,V-01,1,AVYXL4PPA4XRV,Other 3P (AVYXL4PPA4XRV),True,1367.0,,0.0,True,True,88.0,2026-08-03T10:44:11.848967+00:00
B0D83Q7L8W,FBA79271,Nexlev,V-01,2,A15YBOSC0EMOS0,Other 3P (A15YBOSC0EMOS0),False,1455.0,,0.0,True,True,97.0,2026-08-03T10:44:11.848967+00:00
B0D2LKB4BJ,FBA79273,Nexlev,HS-02,1,AVYXL4PPA4XRV,Other 3P (AVYXL4PPA4XRV),True,794.0,,0.0,True,True,88.0,2026-08-03T10:44:11.848967+00:00
B0D2LJSQXZ,FBA79276,Nexlev,SM-01,1,AVYXL4PPA4XRV,Other 3P (AVYXL4PPA4XRV),True,3799.0,,0.0,True,True,88.0,2026-08-03T10:44:11.848967+00:00
B0D2LJSQXZ,FBA79276,Nexlev,SM-01,2,A15YBOSC0EMOS0,Other 3P (A15YBOSC0EMOS0),False,3951.0,,0.0,True,True,97.0,2026-08-03T10:44:11.848967+00:00
B0D86ZC9YT,FBA79278,Nexlev,HD-01,1,AVYXL4PPA4XRV,Other 3P (AVYXL4PPA4XRV),True,1473.0,,0.0,True,True,88.0,2026-08-03T10:44:11.848967+00:00
B0D8445KJN,FBA79279,Nexlev,LR-01,1,AVYXL4PPA4XRV,Other 3P (AVYXL4PPA4XRV),True,1059.0,,0.0,True,True,88.0,2026-08-03T10:44:11.848967+00:00
B0D8445KJN,FBA79279,Nexlev,LR-01,2,A15YBOSC0EMOS0,Other 3P (A15YBOSC0EMOS0),False,899.0,,0.0,True,True,97.0,2026-08-03T10:44:11.848967+00:00
B0D63FKYZ5,FBA79332,Nexlev,HM-01,1,AVYXL4PPA4XRV,Other 3P (AVYXL4PPA4XRV),True,1059.0,,0.0,True,True,88.0,2026-08-03T10:44:11.848967+00:00
B0D842173P,FBK79347,Nexlev,ETC-05-PI,1,AVYXL4PPA4XRV,Other 3P (AVYXL4PPA4XRV),True,794.0,,0.0,True,True,88.0,2026-08-03T10:44:11.848967+00:00
B0D81DLSFT,FBA79348,Nexlev,HD-02,1,AVYXL4PPA4XRV,Other 3P (AVYXL4PPA4XRV),True,999.0,,0.0,True,True,88.0,2026-08-03T10:44:11.848967+00:00
B0D86Y2V7V,FBA79461,Nexlev,HD-02,1,AVYXL4PPA4XRV,Other 3P (AVYXL4PPA4XRV),True,849.0,,0.0,True,True,88.0,2026-08-03T10:44:11.848967+00:00
B0D9KDQCCM,FBA79349,Nexlev,SW-01,1,AVYXL4PPA4XRV,Other 3P (AVYXL4PPA4XRV),True,999.0,,0.0,True,True,88.0,2026-08-03T10:44:11.848967+00:00
B0D9KDQCCM,FBA79349,Nexlev,SW-01,2,A15YBOSC0EMOS0,Other 3P (A15YBOSC0EMOS0),False,1039.0,,0.0,True,True,97.0,2026-08-03T10:44:11.848967+00:00
B0D67727VG,FBP79350,Nexlev,EA-01,1,AVYXL4PPA4XRV,Other 3P (AVYXL4PPA4XRV),True,1099.0,,0.0,True,True,88.0,2026-08-03T10:44:11.848967+00:00
B0D67727VG,FBP79350,Nexlev,EA-01,2,A15YBOSC0EMOS0,Other 3P (A15YBOSC0EMOS0),False,1143.0,,0.0,True,True,97.0,2026-08-03T10:44:11.848967+00:00
B0D2P7WLJB,FBA79374,Nexlev,ET-02-GN,1,A15YBOSC0EMOS0,Other 3P (A15YBOSC0EMOS0),True,311.0,,0.0,True,True,97.0,2026-08-03T10:44:11.848967+00:00
B0D2P7WLJB,FBA79374,Nexlev,ET-02-GN,2,AVYXL4PPA4XRV,Other 3P (AVYXL4PPA4XRV),False,317.0,,0.0,True,True,88.0,2026-08-03T10:44:11.848967+00:00
B0D9KFZYG8,FBA79404,Nexlev,FS-01,1,A15YBOSC0EMOS0,Other 3P (A15YBOSC0EMOS0),True,1799.0,,0.0,True,True,97.0,2026-08-03T10:44:11.848967+00:00
B0D9KFZYG8,FBA79404,Nexlev,FS-01,2,AVYXL4PPA4XRV,Other 3P (AVYXL4PPA4XRV),False,1799.0,,0.0,True,True,88.0,2026-08-03T10:44:11.848967+00:00
B0D9KFP4MG,FBA79405,Nexlev,HSB-03,1,AVYXL4PPA4XRV,Other 3P (AVYXL4PPA4XRV),True,1799.0,,0.0,True,True,88.0,2026-08-03T10:44:11.848967+00:00
B0D9KFP4MG,FBA79405,Nexlev,HSB-03,2,A15YBOSC0EMOS0,Other 3P (A15YBOSC0EMOS0),False,1999.0,,0.0,True,True,97.0,2026-08-03T10:44:11.848967+00:00
B0DCK3N2JJ,FBA79406,Nexlev,HSB-04,1,AVYXL4PPA4XRV,Other 3P (AVYXL4PPA4XRV),True,2639.0,,0.0,True,True,88.0,2026-08-03T10:44:11.848967+00:00
B0DCK3N2JJ,FBA79406,Nexlev,HSB-04,2,A15YBOSC0EMOS0,Other 3P (A15YBOSC0EMOS0),False,2807.0,,0.0,True,True,97.0,2026-08-03T10:44:11.848967+00:00
B0DCK7ZH5P,FBA79439,Nexlev,MR-02,1,AVYXL4PPA4XRV,Other 3P (AVYXL4PPA4XRV),True,3399.0,,0.0,True,True,88.0,2026-08-03T10:44:11.848967+00:00
B0DCK7ZH5P,FBA79439,Nexlev,MR-02,2,A15YBOSC0EMOS0,Other 3P (A15YBOSC0EMOS0),False,3535.0,,0.0,True,True,97.0,2026-08-03T10:44:11.848967+00:00
B0DCGHKRXX,FBA79440,Nexlev,LE-02,1,A15YBOSC0EMOS0,Other 3P (A15YBOSC0EMOS0),True,1899.0,,0.0,True,True,97.0,2026-08-03T10:44:11.848967+00:00
B0DCGHKRXX,FBA79440,Nexlev,LE-02,2,AVYXL4PPA4XRV,Other 3P (AVYXL4PPA4XRV),True,2013.0,,0.0,True,True,88.0,2026-08-03T10:44:11.848967+00:00
B0D9KFQG8Q,FBA79443,Nexlev,LE-03,1,AVYXL4PPA4XRV,Other 3P (AVYXL4PPA4XRV),True,1801.0,,0.0,True,True,88.0,2026-08-03T10:44:11.848967+00:00
B0DCGHVN81,FBA79452,Nexlev,VC-01,1,AVYXL4PPA4XRV,Other 3P (AVYXL4PPA4XRV),True,2099.0,,0.0,True,True,88.0,2026-08-03T10:44:11.848967+00:00
B0DCGHVN81,FBA79452,Nexlev,VC-01,2,A15YBOSC0EMOS0,Other 3P (A15YBOSC0EMOS0),False,2199.0,,0.0,True,True,97.0,2026-08-03T10:44:11.848967+00:00
B0DCK56Q85,FBA79463,Nexlev,VC-02,1,AVYXL4PPA4XRV,Other 3P (AVYXL4PPA4XRV),True,2596.0,,0.0,True,True,88.0,2026-08-03T10:44:11.848967+00:00
B0DCK56Q85,FBA79463,Nexlev,VC-02,2,A15YBOSC0EMOS0,Other 3P (A15YBOSC0EMOS0),False,2599.0,,0.0,True,True,97.0,2026-08-03T10:44:11.848967+00:00
B0DFCDKMWR,FBA79464,Nexlev,CM-01-BL,1,AVYXL4PPA4XRV,Other 3P (AVYXL4PPA4XRV),True,1589.0,,0.0,True,True,88.0,2026-08-03T10:44:11.848967+00:00
B0DK9LYT4P,FBA79467,Nexlev,TM-01,1,AVYXL4PPA4XRV,Other 3P (AVYXL4PPA4XRV),True,1059.0,,0.0,True,True,88.0,2026-08-03T10:44:11.848967+00:00
B0GKNGWLJ2,FBK80015,Nexlev,SPM-01,1,AVYXL4PPA4XRV,Other 3P (AVYXL4PPA4XRV),True,3799.0,,0.0,True,True,88.0,2026-08-03T10:44:11.848967+00:00
B0DCK4DR1B,FBA79469,Nexlev,LE-04,1,AVYXL4PPA4XRV,Other 3P (AVYXL4PPA4XRV),True,1499.0,,0.0,True,True,88.0,2026-08-03T10:44:11.848967+00:00
B0DFCDZWND,FBA79472,Nexlev,CM-02-PR,1,AVYXL4PPA4XRV,Other 3P (AVYXL4PPA4XRV),True,1367.0,,0.0,True,True,88.0,2026-08-03T10:44:11.848967+00:00
B0DFCDZWND,FBA79472,Nexlev,CM-02-PR,2,A15YBOSC0EMOS0,Other 3P (A15YBOSC0EMOS0),False,1455.0,,0.0,True,True,97.0,2026-08-03T10:44:11.848967+00:00
B0DJFH6RTL,FBA79473,Nexlev,TI-02,1,AVYXL4PPA4XRV,Other 3P (AVYXL4PPA4XRV),True,1699.0,,0.0,True,True,88.0,2026-08-03T10:44:11.848967+00:00
B0DDC3GVZW,FBA79480,Nexlev,VC-03,1,AVYXL4PPA4XRV,Other 3P (AVYXL4PPA4XRV),True,1499.0,,0.0,True,True,88.0,2026-08-03T10:44:11.848967+00:00
B0DDC3GVZW,FBA79480,Nexlev,VC-03,2,A15YBOSC0EMOS0,Other 3P (A15YBOSC0EMOS0),False,1559.0,,0.0,True,True,97.0,2026-08-03T10:44:11.848967+00:00
B0DFMRG2K4,FBA79481,Nexlev,TM-02,1,A15YBOSC0EMOS0,Other 3P (A15YBOSC0EMOS0),True,1663.0,,0.0,True,True,97.0,2026-08-03T10:44:11.848967+00:00
B0DK9NRBWJ,FBA79483,Nexlev,TM-03,1,AVYXL4PPA4XRV,Other 3P (AVYXL4PPA4XRV),True,1907.0,,0.0,True,True,88.0,2026-08-03T10:44:11.848967+00:00
B0DK9QNKK8,FBA79485,Nexlev,TM-04,1,AVYXL4PPA4XRV,Other 3P (AVYXL4PPA4XRV),True,1059.0,,0.0,True,True,88.0,2026-08-03T10:44:11.848967+00:00
B0DFCG2VGS,FBA79488,Nexlev,KE-01,1,AVYXL4PPA4XRV,Other 3P (AVYXL4PPA4XRV),True,1749.0,,0.0,True,True,88.0,2026-08-03T10:44:11.848967+00:00
B0DFCG2VGS,FBA79488,Nexlev,KE-01,2,A15YBOSC0EMOS0,Other 3P (A15YBOSC0EMOS0),False,1799.0,,0.0,True,True,97.0,2026-08-03T10:44:11.848967+00:00
B0DFD123P5,FBA79489,Nexlev,KE-02,1,A15YBOSC0EMOS0,Other 3P (A15YBOSC0EMOS0),True,1975.0,,0.0,True,False,97.0,2026-08-03T10:44:11.848967+00:00
B0DT6Y7KJM,FBA79492,Nexlev,V-02,1,AVYXL4PPA4XRV,Other 3P (AVYXL4PPA4XRV),True,2119.0,,0.0,True,True,88.0,2026-08-03T10:44:11.848967+00:00
B0DQCWRG3H,FBA79493,Nexlev,V-03,1,AVYXL4PPA4XRV,Other 3P (AVYXL4PPA4XRV),True,1999.0,,0.0,True,True,88.0,2026-08-03T10:44:11.848967+00:00
B0DQCWRG3H,FBA79493,Nexlev,V-03,2,A15YBOSC0EMOS0,Other 3P (A15YBOSC0EMOS0),False,2049.0,,0.0,True,True,97.0,2026-08-03T10:44:11.848967+00:00
B0DKJZDY72,FBA79565,Nexlev,VC-04,1,AVYXL4PPA4XRV,Other 3P (AVYXL4PPA4XRV),True,1499.0,,0.0,True,True,88.0,2026-08-03T10:44:11.848967+00:00
B0DKJSCLBD,FBA79566,Nexlev,VC-05,1,AVYXL4PPA4XRV,Other 3P (AVYXL4PPA4XRV),True,2384.0,,0.0,True,True,88.0,2026-08-03T10:44:11.848967+00:00
B0DKJSCLBD,FBA79566,Nexlev,VC-05,2,A15YBOSC0EMOS0,Other 3P (A15YBOSC0EMOS0),False,2391.0,,0.0,True,True,97.0,2026-08-03T10:44:11.848967+00:00
B0DNJS23HS,FBA79567,Nexlev,SC-04,1,AVYXL4PPA4XRV,Other 3P (AVYXL4PPA4XRV),True,5999.0,,0.0,True,True,88.0,2026-08-03T10:44:11.848967+00:00
B0DNJS23HS,FBA79567,Nexlev,SC-04,2,A15YBOSC0EMOS0,Other 3P (A15YBOSC0EMOS0),False,6239.0,,0.0,True,True,97.0,2026-08-03T10:44:11.848967+00:00
B0DKJXRXKM,FBA79570,Nexlev,BR-01,1,AVYXL4PPA4XRV,Other 3P (AVYXL4PPA4XRV),True,1717.0,,0.0,True,True,88.0,2026-08-03T10:44:11.848967+00:00
B0DKK15YNJ,FBA79573,Nexlev,EA-02,1,AVYXL4PPA4XRV,Other 3P (AVYXL4PPA4XRV),True,2499.0,,0.0,True,True,88.0,2026-08-03T10:44:11.848967+00:00
B0GLHC8CB3,FBK80024,Nexlev,SS-02,1,AVYXL4PPA4XRV,Other 3P (AVYXL4PPA4XRV),True,1699.0,,0.0,True,True,88.0,2026-08-03T10:44:11.848967+00:00
B0GLHC8CB3,FBK80024,Nexlev,SS-02,2,A15YBOSC0EMOS0,Other 3P (A15YBOSC0EMOS0),False,1799.0,,0.0,True,True,97.0,2026-08-03T10:44:11.848967+00:00
B0F29SZCVF,FBK79591,Nexlev,KM-01,1,AVYXL4PPA4XRV,Other 3P (AVYXL4PPA4XRV),True,1536.0,,0.0,True,True,88.0,2026-08-03T10:44:11.848967+00:00
B0DMT19RWC,FBA79596,Nexlev,MG-01,1,AVYXL4PPA4XRV,Other 3P (AVYXL4PPA4XRV),True,1854.0,,0.0,True,True,88.0,2026-08-03T10:44:11.848967+00:00
B0F43P6D23,FBA79652,Nexlev,SC-05,1,AVYXL4PPA4XRV,Other 3P (AVYXL4PPA4XRV),True,3499.0,,0.0,True,True,88.0,2026-08-03T10:44:11.848967+00:00
B0F43P6D23,FBA79652,Nexlev,SC-05,2,A15YBOSC0EMOS0,Other 3P (A15YBOSC0EMOS0),False,3699.0,,0.0,True,True,97.0,2026-08-03T10:44:11.848967+00:00
B0FJG5PFGQ,FBA79673,Nexlev,ETC-07-WH,1,AVYXL4PPA4XRV,Other 3P (AVYXL4PPA4XRV),True,794.0,,0.0,True,True,88.0,2026-08-03T10:44:11.848967+00:00
B0FJG5PFGQ,FBA79673,Nexlev,ETC-07-WH,2,A15YBOSC0EMOS0,Other 3P (A15YBOSC0EMOS0),False,831.0,,0.0,True,True,97.0,2026-08-03T10:44:11.848967+00:00
B0DVCBR11D,FBA79677,Nexlev,NP-06,1,AVYXL4PPA4XRV,Other 3P (AVYXL4PPA4XRV),True,1059.0,,0.0,True,True,88.0,2026-08-03T10:44:11.848967+00:00
B0DVCDD5VC,FBA79678,Nexlev,NP-07,1,AVYXL4PPA4XRV,Other 3P (AVYXL4PPA4XRV),True,1059.0,,0.0,True,True,88.0,2026-08-03T10:44:11.848967+00:00
B0DVC7VJP1,FBA79679,Nexlev,ST-01,1,AVYXL4PPA4XRV,Other 3P (AVYXL4PPA4XRV),True,6399.0,,0.0,True,False,88.0,2026-08-03T10:44:11.848967+00:00
B0DVC8NYY2,FBA79682,Nexlev,HU-02,1,AVYXL4PPA4XRV,Other 3P (AVYXL4PPA4XRV),True,1899.0,,0.0,True,True,88.0,2026-08-03T10:44:11.848967+00:00
B0DVC8NYY2,FBA79682,Nexlev,HU-02,2,A15YBOSC0EMOS0,Other 3P (A15YBOSC0EMOS0),False,1975.0,,0.0,True,True,97.0,2026-08-03T10:44:11.848967+00:00
B0DVC9PRSD,FBA79683,Nexlev,AP-01,1,A15YBOSC0EMOS0,Other 3P (A15YBOSC0EMOS0),True,17679.0,,0.0,True,True,97.0,2026-08-03T10:44:11.848967+00:00
B0DV94R4QD,FBA79686,Nexlev,MGS-02,1,AVYXL4PPA4XRV,Other 3P (AVYXL4PPA4XRV),True,953.0,,0.0,True,True,88.0,2026-08-03T10:44:11.848967+00:00
B0DV9CY3XR,FBA79687,Nexlev,MGC-03,1,AVYXL4PPA4XRV,Other 3P (AVYXL4PPA4XRV),True,2013.0,,0.0,True,True,88.0,2026-08-03T10:44:11.848967+00:00
B0DV931G48,FBA79690,Nexlev,PM-02,1,AVYXL4PPA4XRV,Other 3P (AVYXL4PPA4XRV),True,1767.0,,0.0,True,True,88.0,2026-08-03T10:44:11.848967+00:00
B0DVC58QPZ,FBA79692,Nexlev,AP-03,1,AVYXL4PPA4XRV,Other 3P (AVYXL4PPA4XRV),True,4499.0,,0.0,True,True,88.0,2026-08-03T10:44:11.848967+00:00
B0DTK4FY1G,FBA79698,Nexlev,SS-01,1,AVYXL4PPA4XRV,Other 3P (AVYXL4PPA4XRV),True,2543.0,,0.0,True,True,88.0,2026-08-03T10:44:11.848967+00:00
B0DTYDTKN8,FBA79699,Nexlev,SPM-01,1,AVYXL4PPA4XRV,Other 3P (AVYXL4PPA4XRV),True,4239.0,,0.0,True,True,88.0,2026-08-03T10:44:11.848967+00:00
B0FJ1ZB4G9,FBA79707,Nexlev,ETC-08-BL,1,AVYXL4PPA4XRV,Other 3P (AVYXL4PPA4XRV),True,794.0,,0.0,True,True,88.0,2026-08-03T10:44:11.848967+00:00
B0FJ8SFNRH,FBA79809,Nexlev,KE-03,1,AVYXL4PPA4XRV,Other 3P (AVYXL4PPA4XRV),True,635.0,,0.0,True,True,88.0,2026-08-03T10:44:11.848967+00:00
B0FJ8SFNRH,FBA79809,Nexlev,KE-03,2,A15YBOSC0EMOS0,Other 3P (A15YBOSC0EMOS0),False,779.0,,0.0,True,False,97.0,2026-08-03T10:44:11.848967+00:00
B0FS7T8151,FBA79810,Nexlev,MF-01,1,AVYXL4PPA4XRV,Other 3P (AVYXL4PPA4XRV),True,508.0,,0.0,True,True,88.0,2026-08-03T10:44:11.848967+00:00
B0FSF1N457,FBA79811,Nexlev,MC-01,1,AVYXL4PPA4XRV,Other 3P (AVYXL4PPA4XRV),True,599.0,,0.0,True,True,88.0,2026-08-03T10:44:11.848967+00:00
B0FS6TB7CP,FBA79812,Nexlev,PB-01,1,AVYXL4PPA4XRV,Other 3P (AVYXL4PPA4XRV),True,2499.0,,0.0,True,True,88.0,2026-08-03T10:44:11.848967+00:00
B0FS6TB7CP,FBA79812,Nexlev,PB-01,2,A15YBOSC0EMOS0,Other 3P (A15YBOSC0EMOS0),False,2599.0,,0.0,True,True,97.0,2026-08-03T10:44:11.848967+00:00
B0FT8R24QM,FBA79819,Nexlev,LR-03,1,A15YBOSC0EMOS0,Other 3P (A15YBOSC0EMOS0),True,415.0,,0.0,True,True,97.0,2026-08-03T10:44:11.848967+00:00
B0FT8R24QM,FBA79819,Nexlev,LR-03,2,AVYXL4PPA4XRV,Other 3P (AVYXL4PPA4XRV),False,466.0,,0.0,True,True,88.0,2026-08-03T10:44:11.848967+00:00
B0FPGDVVCX,FBA79849,Nexlev,CFM-03,1,AVYXL4PPA4XRV,Other 3P (AVYXL4PPA4XRV),True,5799.0,,0.0,True,True,88.0,2026-08-03T10:44:11.848967+00:00
B0DQ8W1RBV,FBK79271,Nexlev,V-01 RG,1,AVYXL4PPA4XRV,Other 3P (AVYXL4PPA4XRV),True,1483.0,,0.0,True,True,88.0,2026-08-03T10:44:11.848967+00:00
B0DQ8W1RBV,FBK79271,Nexlev,V-01 RG,2,A15YBOSC0EMOS0,Other 3P (A15YBOSC0EMOS0),False,1559.0,,0.0,True,True,97.0,2026-08-03T10:44:11.848967+00:00
B0F2N1HTBT,FBA79714,Nexlev,SC-04 Set of 2 Mops,1,AVYXL4PPA4XRV,Other 3P (AVYXL4PPA4XRV),True,299.0,,0.0,True,True,88.0,2026-08-03T10:44:11.848967+00:00
B0FMF1D9NV,FBA79843,Nexlev,SC-04 Spare Set,1,AVYXL4PPA4XRV,Other 3P (AVYXL4PPA4XRV),False,899.0,,0.0,True,True,88.0,2026-08-03T10:44:11.848967+00:00
B0F2N37819,FBA79606,Nexlev,LR-01 Set of 2 blades,1,AVYXL4PPA4XRV,Other 3P (AVYXL4PPA4XRV),True,299.0,,0.0,True,True,88.0,2026-08-03T10:44:11.848967+00:00
B0F2N11VTN,FBA79607,Nexlev,LR-02 Set of 2 blades,1,AVYXL4PPA4XRV,Other 3P (AVYXL4PPA4XRV),True,499.0,,0.0,True,True,88.0,2026-08-03T10:44:11.848967+00:00
B0DGTGKPJR,FBA79436,Nexlev,MR-01 HEPA Filter,1,AVYXL4PPA4XRV,Other 3P (AVYXL4PPA4XRV),True,299.0,,0.0,False,False,88.0,2026-08-03T10:44:11.848967+00:00
B0DGTGKPJR,FBA79436,Nexlev,MR-01 HEPA Filter,2,AVYXL4PPA4XRV,Other 3P (AVYXL4PPA4XRV),False,299.0,,0.0,True,True,88.0,2026-08-03T10:44:11.848967+00:00
B0F2N31GNX,FBA79657,Nexlev,SS-02 Set of Spares,1,AVYXL4PPA4XRV,Other 3P (AVYXL4PPA4XRV),True,875.0,,0.0,True,True,88.0,2026-08-03T10:44:11.848967+00:00
B0F678L8YT,FBA79771,Nexlev,SC-01 Set of Spares,1,AVYXL4PPA4XRV,Other 3P (AVYXL4PPA4XRV),True,599.0,,0.0,True,True,88.0,2026-08-03T10:44:11.848967+00:00
B0F74DJYG6,FBA79773,Nexlev,VC-01 HEPA,1,AVYXL4PPA4XRV,Other 3P (AVYXL4PPA4XRV),True,248.0,,0.0,True,True,88.0,2026-08-03T10:44:11.848967+00:00
B0F67775SH,FBA79775,Nexlev,VC-03 HEPA,1,AVYXL4PPA4XRV,Other 3P (AVYXL4PPA4XRV),True,249.0,,0.0,True,True,88.0,2026-08-03T10:44:11.848967+00:00
B0F6795PDP,FBA79777,Nexlev,AP-01 HEPA,1,AVYXL4PPA4XRV,Other 3P (AVYXL4PPA4XRV),True,3599.0,,0.0,True,True,88.0,2026-08-03T10:44:11.848967+00:00
B0F67BW7SF,FBA79778,Nexlev,AP-03 HEPA,1,AVYXL4PPA4XRV,Other 3P (AVYXL4PPA4XRV),True,1099.0,,0.0,True,True,88.0,2026-08-03T10:44:11.848967+00:00
B0FYNLPK1B,FBA79913,Nexlev,"VC-05 VC-05 -Set of Spares(Crevice, Brush & Hose)",1,AVYXL4PPA4XRV,Other 3P (AVYXL4PPA4XRV),True,399.0,,0.0,True,True,88.0,2026-08-03T10:44:11.848967+00:00
B0GN85NZQN,FBM79991,Nexlev,DH-01,1,AVYXL4PPA4XRV,Other 3P (AVYXL4PPA4XRV),True,5699.0,,0.0,True,True,88.0,2026-08-03T10:44:11.848967+00:00
B0GN85NZQN,FBA79991,Nexlev,DH-01,1,AVYXL4PPA4XRV,Other 3P (AVYXL4PPA4XRV),True,5699.0,,0.0,True,True,88.0,2026-08-03T10:44:11.848967+00:00
B0GN85NZQN,FBM79991,Nexlev,DH-01,2,A15YBOSC0EMOS0,Other 3P (A15YBOSC0EMOS0),False,5699.0,,0.0,True,True,97.0,2026-08-03T10:44:11.848967+00:00
B0GN85NZQN,FBA79991,Nexlev,DH-01,2,A15YBOSC0EMOS0,Other 3P (A15YBOSC0EMOS0),False,5699.0,,0.0,True,True,97.0,2026-08-03T10:44:11.848967+00:00
B0BPLZ5CGV,FBA76864,Audio Array,AI-04 Red,1,A1WYWER0W24N8S,Other 3P (A1WYWER0W24N8S),True,4833.0,,0.0,True,True,91.0,2026-08-03T10:44:11.848967+00:00
B0BPLZ5CGV,FBA76864,Audio Array,AI-04 Red,2,A28KGDTB760OU9,Other 3P (A28KGDTB760OU9),False,4799.0,,0.0,True,True,100.0,2026-08-03T10:44:11.848967+00:00
B0B4DPX2J2,FBA75673,Audio Array,AM-C1,1,A1WYWER0W24N8S,Other 3P (A1WYWER0W24N8S),True,2698.0,,0.0,True,True,91.0,2026-08-03T10:44:11.848967+00:00
B0B4DPX2J2,FBA75673,Audio Array,AM-C1,2,A28KGDTB760OU9,Other 3P (A28KGDTB760OU9),False,2699.0,,0.0,True,True,100.0,2026-08-03T10:44:11.848967+00:00
B0DXFPM4N2,FBA79482,Audio Array,AM-S1,1,A1WYWER0W24N8S,Other 3P (A1WYWER0W24N8S),True,9052.0,,0.0,True,True,91.0,2026-08-03T10:44:11.848967+00:00
B0DXFPM4N2,FBA79482,Audio Array,AM-S1,2,A28KGDTB760OU9,Other 3P (A28KGDTB760OU9),False,8999.0,,0.0,True,True,100.0,2026-08-03T10:44:11.848967+00:00
B0D3M1B4Z8,FBA79380,Audio Array,AM-C46,1,A1WYWER0W24N8S,Other 3P (A1WYWER0W24N8S),True,3510.0,,0.0,True,True,91.0,2026-08-03T10:44:11.848967+00:00
B0D3M1B4Z8,FBA79380,Audio Array,AM-C46,2,A15YBOSC0EMOS0,Other 3P (A15YBOSC0EMOS0),False,3490.0,,0.0,True,True,97.0,2026-08-03T10:44:11.848967+00:00
B0D3M1B4Z8,FBA79380,Audio Array,AM-C46,3,A28KGDTB760OU9,Other 3P (A28KGDTB760OU9),False,3499.0,,0.0,True,True,100.0,2026-08-03T10:44:11.848967+00:00
B0FG88HVQ8,FBA79813,Audio Array,AH-50,1,A28KGDTB760OU9,Other 3P (A28KGDTB760OU9),True,1999.0,,0.0,True,True,100.0,2026-08-03T10:44:11.848967+00:00
B0FG88HVQ8,FBA79813,Audio Array,AH-50,2,A1WYWER0W24N8S,Other 3P (A1WYWER0W24N8S),True,2015.0,,0.0,True,True,91.0,2026-08-03T10:44:11.848967+00:00
B0FPR962YS,FBA79816,Audio Array,AM-W22,1,A15YBOSC0EMOS0,Other 3P (A15YBOSC0EMOS0),True,3299.0,,0.0,True,True,97.0,2026-08-03T10:44:11.848967+00:00
B0FPR962YS,FBA79816,Audio Array,AM-W22,2,A1WYWER0W24N8S,Other 3P (A1WYWER0W24N8S),False,3515.5,,0.0,True,True,91.0,2026-08-03T10:44:11.848967+00:00
B0GKPXQ8G3,FBA80016,Audio Array,AM-W22,1,A28KGDTB760OU9,Other 3P (A28KGDTB760OU9),True,3399.0,,0.0,True,True,100.0,2026-08-03T10:44:11.848967+00:00
B0GKPXQ8G3,FBA80016,Audio Array,AM-W22,2,A28KGDTB760OU9,Other 3P (A28KGDTB760OU9),False,3399.0,,0.0,False,False,100.0,2026-08-03T10:44:11.848967+00:00
B0DFMNGFTD,FBA79449,Audio Array,AM-W36,1,A3UU1YIVA5VF6D,Other 3P (A3UU1YIVA5VF6D),True,6299.0,,0.0,True,True,54.0,2026-08-03T10:44:11.848967+00:00
B0DFMNGFTD,FBA79449,Audio Array,AM-W36,2,A1WYWER0W24N8S,Other 3P (A1WYWER0W24N8S),True,6347.0,,0.0,True,True,91.0,2026-08-03T10:44:11.848967+00:00
B0DFMNGFTD,FBA79449,Audio Array,AM-W36,3,A28KGDTB760OU9,Other 3P (A28KGDTB760OU9),False,6299.0,,0.0,True,True,100.0,2026-08-03T10:44:11.848967+00:00
B0CM6NTWBP,FBA79103,Audio Array,AI-10,1,A28KGDTB760OU9,Other 3P (A28KGDTB760OU9),True,3099.0,,0.0,True,True,100.0,2026-08-03T10:44:11.848967+00:00
B0CM6NTWBP,FBA79103,Audio Array,AI-10,2,A1WYWER0W24N8S,Other 3P (A1WYWER0W24N8S),False,3122.0,,0.0,True,True,91.0,2026-08-03T10:44:11.848967+00:00
B0CM9HYVDM,FBA79109,Audio Array,AM-W18,1,A1WYWER0W24N8S,Other 3P (A1WYWER0W24N8S),True,1199.0,,0.0,True,True,91.0,2026-08-03T10:44:11.848967+00:00
B0CM9HYVDM,FBA79109,Audio Array,AM-W18,2,A28KGDTB760OU9,Other 3P (A28KGDTB760OU9),False,1189.0,,0.0,True,True,100.0,2026-08-03T10:44:11.848967+00:00
B0B4G19R58,FBA75674,Audio Array,AM-C2,1,A1WYWER0W24N8S,Other 3P (A1WYWER0W24N8S),True,3827.0,,0.0,True,True,91.0,2026-08-03T10:44:11.848967+00:00
B0B4G19R58,FBA75674,Audio Array,AM-C2,2,A28KGDTB760OU9,Other 3P (A28KGDTB760OU9),False,3799.0,,0.0,True,True,100.0,2026-08-03T10:44:11.848967+00:00
B0CH4RNWJX,FBA79011,Audio Array,AM-C43,1,A1WYWER0W24N8S,Other 3P (A1WYWER0W24N8S),True,2516.0,,0.0,True,True,91.0,2026-08-03T10:44:11.848967+00:00
B0CH4RNWJX,FBA79011,Audio Array,AM-C43,2,A28KGDTB760OU9,Other 3P (A28KGDTB760OU9),False,2499.0,,0.0,True,True,100.0,2026-08-03T10:44:11.848967+00:00
B0DFMMTWLY,FBA79446,Audio Array,AM-W33,1,A28KGDTB760OU9,Other 3P (A28KGDTB760OU9),True,1999.0,,0.0,True,True,100.0,2026-08-03T10:44:11.848967+00:00
B0DFMMTWLY,FBA79446,Audio Array,AM-W33,2,A1WYWER0W24N8S,Other 3P (A1WYWER0W24N8S),False,1999.0,,0.0,True,True,91.0,2026-08-03T10:44:11.848967+00:00
B0DFMMTWLY,FBA79446,Audio Array,AM-W33,3,A3UU1YIVA5VF6D,Other 3P (A3UU1YIVA5VF6D),False,2199.0,,0.0,True,True,54.0,2026-08-03T10:44:11.848967+00:00
B0CM6NVLT9,FBA79104,Audio Array,AI-11,1,A1WYWER0W24N8S,Other 3P (A1WYWER0W24N8S),True,1612.0,,0.0,True,True,91.0,2026-08-03T10:44:11.848967+00:00
B0CM6NVLT9,FBA79104,Audio Array,AI-11,2,A28KGDTB760OU9,Other 3P (A28KGDTB760OU9),False,1599.0,,0.0,True,True,100.0,2026-08-03T10:44:11.848967+00:00
B0BPLWW72Y,FBA76862,Audio Array,AM-C28,1,A1WYWER0W24N8S,Other 3P (A1WYWER0W24N8S),True,1679.0,,0.0,True,True,91.0,2026-08-03T10:44:11.848967+00:00
B0BPLWW72Y,FBA76862,Audio Array,AM-C28,2,A28KGDTB760OU9,Other 3P (A28KGDTB760OU9),False,1679.0,,0.0,True,True,100.0,2026-08-03T10:44:11.848967+00:00
B0GCP1J2HC,FBA79972,Audio Array,M8,1,A1WYWER0W24N8S,Other 3P (A1WYWER0W24N8S),True,8553.0,,0.0,True,True,91.0,2026-08-03T10:44:11.848967+00:00
B0GCP1J2HC,FBA79972,Audio Array,M8,2,A28KGDTB760OU9,Other 3P (A28KGDTB760OU9),False,8499.0,,0.0,True,True,100.0,2026-08-03T10:44:11.848967+00:00
B0GN8RQJRG,FBA79979,Audio Array,AK-37-B,1,A28KGDTB760OU9,Other 3P (A28KGDTB760OU9),True,3499.0,,0.0,True,True,100.0,2026-08-03T10:44:11.848967+00:00
B0GN8RQJRG,FBA79979,Audio Array,AK-37-B,2,A1WYWER0W24N8S,Other 3P (A1WYWER0W24N8S),False,3525.0,,0.0,True,True,91.0,2026-08-03T10:44:11.848967+00:00
B0GN8MMKY1,FBA79980,Audio Array,AK-37-W,1,A28KGDTB760OU9,Other 3P (A28KGDTB760OU9),True,3499.0,,0.0,True,True,100.0,2026-08-03T10:44:11.848967+00:00
B0GN8MMKY1,FBA79980,Audio Array,AK-37-W,2,A1WYWER0W24N8S,Other 3P (A1WYWER0W24N8S),False,3525.0,,0.0,True,True,91.0,2026-08-03T10:44:11.848967+00:00
B0GN8MFDGZ,FBA79981,Audio Array,AK-61 Neo,1,A1WYWER0W24N8S,Other 3P (A1WYWER0W24N8S),True,5034.0,,0.0,True,True,91.0,2026-08-03T10:44:11.848967+00:00
B0GN8MFDGZ,FBA79981,Audio Array,AK-61 Neo,2,A28KGDTB760OU9,Other 3P (A28KGDTB760OU9),False,4999.0,,0.0,True,True,100.0,2026-08-03T10:44:11.848967+00:00
B0GN8MPYPG,FBA79982,Audio Array,AK-61 Pro,1,A28KGDTB760OU9,Other 3P (A28KGDTB760OU9),True,5499.0,,0.0,True,True,100.0,2026-08-03T10:44:11.848967+00:00
B0FTVQQVDC,FBA79904,Audio Array,PB-10 (AM-C2+AI-04+AH-60-BL),1,A28KGDTB760OU9,Other 3P (A28KGDTB760OU9),True,9999.0,,0.0,True,True,100.0,2026-08-03T10:44:11.848967+00:00
B0FTVQQVDC,FBA79904,Audio Array,PB-10 (AM-C2+AI-04+AH-60-BL),2,A1WYWER0W24N8S,Other 3P (A1WYWER0W24N8S),True,10052.0,,0.0,True,True,91.0,2026-08-03T10:44:11.848967+00:00
B0CF5R3V95,FBA78973,Audio Array,AA-19,1,A1WYWER0W24N8S,Other 3P (A1WYWER0W24N8S),True,3849.0,,0.0,True,True,91.0,2026-08-03T10:44:11.848967+00:00
B0CF5R3V95,FBA78973,Audio Array,AA-19,2,A28KGDTB760OU9,Other 3P (A28KGDTB760OU9),False,3849.0,,0.0,True,True,100.0,2026-08-03T10:44:11.848967+00:00
B0FQBX8J17,FBA79838,Audio Array,AH-40 SL,1,A28KGDTB760OU9,Other 3P (A28KGDTB760OU9),True,1299.0,,0.0,True,True,100.0,2026-08-03T10:44:11.848967+00:00
B0FQBX8J17,FBA79838,Audio Array,AH-40 SL,2,A1WYWER0W24N8S,Other 3P (A1WYWER0W24N8S),False,1310.0,,0.0,True,True,91.0,2026-08-03T10:44:11.848967+00:00
B0CM9KJZWQ,FBA79106,Audio Array,AM-C44,1,A28KGDTB760OU9,Other 3P (A28KGDTB760OU9),True,4699.0,,0.0,True,True,100.0,2026-08-03T10:44:11.848967+00:00
B0CM9KJZWQ,FBA79106,Audio Array,AM-C44,2,A15YBOSC0EMOS0,Other 3P (A15YBOSC0EMOS0),False,4699.0,,0.0,True,True,97.0,2026-08-03T10:44:11.848967+00:00
B0CM9KJZWQ,FBA79106,Audio Array,AM-C44,3,A1WYWER0W24N8S,Other 3P (A1WYWER0W24N8S),False,4724.0,,0.0,True,True,91.0,2026-08-03T10:44:11.848967+00:00
B0CM9KJZWQ,FBA79106,Audio Array,AM-C44,4,A3UU1YIVA5VF6D,Other 3P (A3UU1YIVA5VF6D),False,4999.0,,0.0,True,True,54.0,2026-08-03T10:44:11.848967+00:00
B0BPM2T7BQ,FBA76863,Audio Array,AI-03,1,A1WYWER0W24N8S,Other 3P (A1WYWER0W24N8S),True,4028.0,,0.0,True,True,91.0,2026-08-03T10:44:11.848967+00:00
B0BPM2T7BQ,FBA76863,Audio Array,AI-03,2,A28KGDTB760OU9,Other 3P (A28KGDTB760OU9),False,3999.0,,0.0,True,True,100.0,2026-08-03T10:44:11.848967+00:00
B0B4K87PR4,FBA75690,Audio Array,AM-C10,1,A1WYWER0W24N8S,Other 3P (A1WYWER0W24N8S),True,3999.0,,0.0,True,True,91.0,2026-08-03T10:44:11.848967+00:00
B0B4K87PR4,FBA75690,Audio Array,AM-C10,2,A15YBOSC0EMOS0,Other 3P (A15YBOSC0EMOS0),False,3999.0,,0.0,True,True,97.0,2026-08-03T10:44:11.848967+00:00
B0B4K87PR4,FBA75690,Audio Array,AM-C10,3,A28KGDTB760OU9,Other 3P (A28KGDTB760OU9),False,3999.0,,0.0,True,True,100.0,2026-08-03T10:44:11.848967+00:00
B0B4KC7VBM,FBA75677,Audio Array,AM-C5,1,A1WYWER0W24N8S,Other 3P (A1WYWER0W24N8S),True,2417.0,,0.0,True,True,91.0,2026-08-03T10:44:11.848967+00:00
B0B4KC7VBM,FBA75677,Audio Array,AM-C5,2,A28KGDTB760OU9,Other 3P (A28KGDTB760OU9),False,2399.0,,0.0,True,True,100.0,2026-08-03T10:44:11.848967+00:00
B0B4KC7VBM,FBA75677,Audio Array,AM-C5,3,A15YBOSC0EMOS0,Other 3P (A15YBOSC0EMOS0),False,2499.0,,0.0,True,True,97.0,2026-08-03T10:44:11.848967+00:00
B0DT6T6N6B,FBA79694,Audio Array,AA-26,1,A28KGDTB760OU9,Other 3P (A28KGDTB760OU9),True,599.0,,0.0,True,True,100.0,2026-08-03T10:44:11.848967+00:00
B0DT6T6N6B,FBA79694,Audio Array,AA-26,2,A1WYWER0W24N8S,Other 3P (A1WYWER0W24N8S),False,605.0,,0.0,True,True,91.0,2026-08-03T10:44:11.848967+00:00
B0DFMLS8JG,FBA79445,Audio Array,AM-W32,1,A28KGDTB760OU9,Other 3P (A28KGDTB760OU9),True,3999.0,,0.0,True,True,100.0,2026-08-03T10:44:11.848967+00:00
B0DFMLS8JG,FBA79445,Audio Array,AM-W32,2,A15YBOSC0EMOS0,Other 3P (A15YBOSC0EMOS0),False,3999.0,,0.0,True,True,97.0,2026-08-03T10:44:11.848967+00:00
B0DFMLS8JG,FBA79445,Audio Array,AM-W32,3,A1WYWER0W24N8S,Other 3P (A1WYWER0W24N8S),False,3999.0,,0.0,True,True,91.0,2026-08-03T10:44:11.848967+00:00
B0D3M86SH1,FBA79355,Audio Array,AA-19BL,1,A28KGDTB760OU9,Other 3P (A28KGDTB760OU9),True,4999.0,,0.0,True,True,100.0,2026-08-03T10:44:11.848967+00:00
B0D3M86SH1,FBA79355,Audio Array,AA-19BL,2,A1WYWER0W24N8S,Other 3P (A1WYWER0W24N8S),False,5034.0,,0.0,True,True,91.0,2026-08-03T10:44:11.848967+00:00
B0BLJVJ2GN,FBA76414,Audio Array,AA-05,1,A1WYWER0W24N8S,Other 3P (A1WYWER0W24N8S),True,655.0,,0.0,True,True,91.0,2026-08-03T10:44:11.848967+00:00
B0BLJVJ2GN,FBA76414,Audio Array,AA-05,2,A28KGDTB760OU9,Other 3P (A28KGDTB760OU9),False,649.0,,0.0,True,True,100.0,2026-08-03T10:44:11.848967+00:00
B0DFMLXD9S,FBA79447,Audio Array,AM-W34,1,A3UU1YIVA5VF6D,Other 3P (A3UU1YIVA5VF6D),True,3999.0,,0.0,True,True,54.0,2026-08-03T10:44:11.848967+00:00
B0DFMLXD9S,FBA79447,Audio Array,AM-W34,2,A28KGDTB760OU9,Other 3P (A28KGDTB760OU9),False,3999.0,,0.0,True,True,100.0,2026-08-03T10:44:11.848967+00:00
B0DFMLXD9S,FBA79447,Audio Array,AM-W34,3,A1WYWER0W24N8S,Other 3P (A1WYWER0W24N8S),False,4031.0,,0.0,True,True,91.0,2026-08-03T10:44:11.848967+00:00
B0DN6MNS1X,FBA79654,Audio Array,AM-C11 Pro,1,A1WYWER0W24N8S,Other 3P (A1WYWER0W24N8S),True,4916.23,,0.0,True,True,91.0,2026-08-03T10:44:11.848967+00:00
B0DN6MNS1X,FBA79654,Audio Array,AM-C11 Pro,2,A28KGDTB760OU9,Other 3P (A28KGDTB760OU9),False,4999.0,,0.0,True,True,100.0,2026-08-03T10:44:11.848967+00:00
B0FF9R3GKK,FBA79783,Audio Array,AM-C47,1,A1WYWER0W24N8S,Other 3P (A1WYWER0W24N8S),True,2870.0,,0.0,True,True,91.0,2026-08-03T10:44:11.848967+00:00
B0FF9R3GKK,FBA79783,Audio Array,AM-C47,2,A28KGDTB760OU9,Other 3P (A28KGDTB760OU9),False,2849.0,,0.0,True,True,100.0,2026-08-03T10:44:11.848967+00:00
B0CBC7QMNV,FBA78925,Audio Array,AM-C11X,1,A1WYWER0W24N8S,Other 3P (A1WYWER0W24N8S),True,3649.0,,0.0,True,True,91.0,2026-08-03T10:44:11.848967+00:00
B0CBC7QMNV,FBA78925,Audio Array,AM-C11X,2,A28KGDTB760OU9,Other 3P (A28KGDTB760OU9),False,3649.0,,0.0,True,True,100.0,2026-08-03T10:44:11.848967+00:00
B0CBC7QMNV,FBA78925,Audio Array,AM-C11X,3,A3UU1YIVA5VF6D,Other 3P (A3UU1YIVA5VF6D),False,3649.0,,0.0,True,True,54.0,2026-08-03T10:44:11.848967+00:00
B0FFB6YJM1,FBA79708,Audio Array,SB-01,1,A1WYWER0W24N8S,Other 3P (A1WYWER0W24N8S),True,1209.0,,0.0,True,True,91.0,2026-08-03T10:44:11.848967+00:00
B0FFB6YJM1,FBA79708,Audio Array,SB-01,2,A28KGDTB760OU9,Other 3P (A28KGDTB760OU9),False,1199.0,,0.0,True,True,100.0,2026-08-03T10:44:11.848967+00:00
B0CM6WH4ZT,FBA79105,Audio Array,AI-12,1,A1WYWER0W24N8S,Other 3P (A1WYWER0W24N8S),True,1411.0,,0.0,True,True,91.0,2026-08-03T10:44:11.848967+00:00
B0CM6WH4ZT,FBA79105,Audio Array,AI-12,2,A28KGDTB760OU9,Other 3P (A28KGDTB760OU9),False,1399.0,,0.0,True,True,100.0,2026-08-03T10:44:11.848967+00:00
B0D3Q2T5XX,FBA79356,Audio Array,AA-19WL,1,A3UU1YIVA5VF6D,Other 3P (A3UU1YIVA5VF6D),True,4999.0,,0.0,True,True,54.0,2026-08-03T10:44:11.848967+00:00
B0D3Q2T5XX,FBA79356,Audio Array,AA-19WL,2,A28KGDTB760OU9,Other 3P (A28KGDTB760OU9),False,4999.0,,0.0,True,True,100.0,2026-08-03T10:44:11.848967+00:00
B0D3Q2T5XX,FBA79356,Audio Array,AA-19WL,3,A1WYWER0W24N8S,Other 3P (A1WYWER0W24N8S),False,5545.0,,0.0,True,True,91.0,2026-08-03T10:44:11.848967+00:00
B0CH4VCD6R,FBA77171,Audio Array,AC-6XL,1,A1WYWER0W24N8S,Other 3P (A1WYWER0W24N8S),True,554.0,,0.0,True,True,91.0,2026-08-03T10:44:11.848967+00:00
B0CH4VCD6R,FBA77171,Audio Array,AC-6XL,2,A28KGDTB760OU9,Other 3P (A28KGDTB760OU9),False,549.0,,0.0,True,True,100.0,2026-08-03T10:44:11.848967+00:00
B0B4G7VWXD,FBA75684,Audio Array,AA-04,1,A1WYWER0W24N8S,Other 3P (A1WYWER0W24N8S),True,1699.0,,0.0,True,True,91.0,2026-08-03T10:44:11.848967+00:00
B0B4G7VWXD,FBA75684,Audio Array,AA-04,2,A28KGDTB760OU9,Other 3P (A28KGDTB760OU9),False,1699.0,,0.0,True,True,100.0,2026-08-03T10:44:11.848967+00:00
B0B4G7VWXD,FBA75684,Audio Array,AA-04,3,A3UU1YIVA5VF6D,Other 3P (A3UU1YIVA5VF6D),False,1699.0,,0.0,True,True,54.0,2026-08-03T10:44:11.848967+00:00
B0CF5SHL15,FBA78976,Audio Array,AA-22,1,A1WYWER0W24N8S,Other 3P (A1WYWER0W24N8S),True,3726.0,,0.0,True,True,91.0,2026-08-03T10:44:11.848967+00:00
B0CF5SHL15,FBA78976,Audio Array,AA-22,2,A28KGDTB760OU9,Other 3P (A28KGDTB760OU9),False,3699.0,,0.0,True,True,100.0,2026-08-03T10:44:11.848967+00:00
B0FJ2JJZL3,FBA79821,Audio Array,"UB-01 (AI-04, AM-S1, AA-21, AM-C2)",1,A28KGDTB760OU9,Other 3P (A28KGDTB760OU9),True,20999.0,,0.0,True,True,100.0,2026-08-03T10:44:11.848967+00:00
B0FJ2JJZL3,FBA79821,Audio Array,"UB-01 (AI-04, AM-S1, AA-21, AM-C2)",2,A1WYWER0W24N8S,Other 3P (A1WYWER0W24N8S),False,21052.0,,0.0,True,True,91.0,2026-08-03T10:44:11.848967+00:00
B0B4JRQP22,FBA75679,Audio Array,AA-02,1,A1WYWER0W24N8S,Other 3P (A1WYWER0W24N8S),True,2499.0,,0.0,True,True,91.0,2026-08-03T10:44:11.848967+00:00
B0B4JRQP22,FBA75679,Audio Array,AA-02,2,A28KGDTB760OU9,Other 3P (A28KGDTB760OU9),False,2499.0,,0.0,True,True,100.0,2026-08-03T10:44:11.848967+00:00
B0DN6PFWNK,FBA79655,Audio Array,AM-C44 Pro,1,A1WYWER0W24N8S,Other 3P (A1WYWER0W24N8S),True,5235.0,,0.0,True,True,91.0,2026-08-03T10:44:11.848967+00:00
B0DN6PFWNK,FBA79655,Audio Array,AM-C44 Pro,2,A28KGDTB760OU9,Other 3P (A28KGDTB760OU9),False,5199.0,,0.0,True,True,100.0,2026-08-03T10:44:11.848967+00:00
B0DFMKY4TT,FBA79448,Audio Array,AM-W35,1,A28KGDTB760OU9,Other 3P (A28KGDTB760OU9),True,3599.0,,0.0,True,True,100.0,2026-08-03T10:44:11.848967+00:00
B0DFMKY4TT,FBA79448,Audio Array,AM-W35,2,A3UU1YIVA5VF6D,Other 3P (A3UU1YIVA5VF6D),False,3589.0,,0.0,True,True,54.0,2026-08-03T10:44:11.848967+00:00
B0DFMKY4TT,FBA79448,Audio Array,AM-W35,3,A1WYWER0W24N8S,Other 3P (A1WYWER0W24N8S),False,3628.0,,0.0,True,True,91.0,2026-08-03T10:44:11.848967+00:00
B0FPR7VFCH,FBA79815,Audio Array,AM-W19,1,A1WYWER0W24N8S,Other 3P (A1WYWER0W24N8S),True,2483.0,,0.0,True,True,91.0,2026-08-03T10:44:11.848967+00:00
B0B4G8ZB64,FBA75675,Audio Array,AM-C3,1,A28KGDTB760OU9,Other 3P (A28KGDTB760OU9),True,999.0,,0.0,True,True,100.0,2026-08-03T10:44:11.848967+00:00
B0B4G8ZB64,FBA75675,Audio Array,AM-C3,2,A1WYWER0W24N8S,Other 3P (A1WYWER0W24N8S),False,1008.0,,0.0,True,True,91.0,2026-08-03T10:44:11.848967+00:00
B0DFMLQBMC,FBA79444,Audio Array,AM-W20,1,A3UU1YIVA5VF6D,Other 3P (A3UU1YIVA5VF6D),True,1948.0,,0.0,True,True,54.0,2026-08-03T10:44:11.848967+00:00
B0DFMLQBMC,FBA79444,Audio Array,AM-W20,2,A3UU1YIVA5VF6D,Other 3P (A3UU1YIVA5VF6D),False,1949.0,,0.0,False,False,54.0,2026-08-03T10:44:11.848967+00:00
B0DFMLQBMC,FBA79444,Audio Array,AM-W20,3,A1WYWER0W24N8S,Other 3P (A1WYWER0W24N8S),False,1960.0,,0.0,True,True,91.0,2026-08-03T10:44:11.848967+00:00
B0D3LZWTHV,FBA79379,Audio Array,AM-C45,1,A1WYWER0W24N8S,Other 3P (A1WYWER0W24N8S),True,3474.0,,0.0,True,True,91.0,2026-08-03T10:44:11.848967+00:00
B0D3LZWTHV,FBA79379,Audio Array,AM-C45,2,A28KGDTB760OU9,Other 3P (A28KGDTB760OU9),False,3449.0,,0.0,True,True,100.0,2026-08-03T10:44:11.848967+00:00
B0CBCB82MT,FBA78960,Audio Array,AM-C39,1,A1WYWER0W24N8S,Other 3P (A1WYWER0W24N8S),True,1609.0,,0.0,True,True,91.0,2026-08-03T10:44:11.848967+00:00
B0CBCB82MT,FBA78960,Audio Array,AM-C39,2,A15YBOSC0EMOS0,Other 3P (A15YBOSC0EMOS0),False,1599.0,,0.0,True,True,97.0,2026-08-03T10:44:11.848967+00:00
B0CBCB82MT,FBA78960,Audio Array,AM-C39,3,A28KGDTB760OU9,Other 3P (A28KGDTB760OU9),False,1599.0,,0.0,True,True,100.0,2026-08-03T10:44:11.848967+00:00
B0CBCB82MT,FBA78960,Audio Array,AM-C39,4,A3UU1YIVA5VF6D,Other 3P (A3UU1YIVA5VF6D),False,1599.0,,0.0,True,True,54.0,2026-08-03T10:44:11.848967+00:00
B0CM9P5CCK,FBA79107,Audio Array,AM-W17,1,A1WYWER0W24N8S,Other 3P (A1WYWER0W24N8S),True,1714.0,,0.0,True,True,91.0,2026-08-03T10:44:11.848967+00:00
B0CM9P5CCK,FBA79107,Audio Array,AM-W17,2,A28KGDTB760OU9,Other 3P (A28KGDTB760OU9),False,1699.0,,0.0,True,True,100.0,2026-08-03T10:44:11.848967+00:00
B0CM9P5CCK,FBA79107,Audio Array,AM-W17,3,A28KGDTB760OU9,Other 3P (A28KGDTB760OU9),False,1699.0,,0.0,False,False,100.0,2026-08-03T10:44:11.848967+00:00
B0F2HYY7JF,FBA79722,Audio Array,AM-W21,1,A15YBOSC0EMOS0,Other 3P (A15YBOSC0EMOS0),True,2949.0,,0.0,True,True,97.0,2026-08-03T10:44:11.848967+00:00
B0F2HYY7JF,FBA79722,Audio Array,AM-W21,2,A28KGDTB760OU9,Other 3P (A28KGDTB760OU9),False,2949.0,,0.0,True,True,100.0,2026-08-03T10:44:11.848967+00:00
B0F2HYY7JF,FBA79722,Audio Array,AM-W21,3,A1WYWER0W24N8S,Other 3P (A1WYWER0W24N8S),False,3210.0,,0.0,True,True,91.0,2026-08-03T10:44:11.848967+00:00
B0FJ2LQT7K,FBA79826,Audio Array,PB-02 (AI-04 Red + AM-C11 + AA-05),1,A28KGDTB760OU9,Other 3P (A28KGDTB760OU9),True,9199.0,,0.0,True,True,100.0,2026-08-03T10:44:11.848967+00:00
B0FJ2LQT7K,FBA79826,Audio Array,PB-02 (AI-04 Red + AM-C11 + AA-05),2,A1WYWER0W24N8S,Other 3P (A1WYWER0W24N8S),False,11619.0,,0.0,True,False,91.0,2026-08-03T10:44:11.848967+00:00
B0BQ7H7418,FBA76597,Audio Array,AA-06,1,A28KGDTB760OU9,Other 3P (A28KGDTB760OU9),True,1299.0,,0.0,True,True,100.0,2026-08-03T10:44:11.848967+00:00
B0BQ7H7418,FBA76597,Audio Array,AA-06,2,A3UU1YIVA5VF6D,Other 3P (A3UU1YIVA5VF6D),False,1299.0,,0.0,True,True,54.0,2026-08-03T10:44:11.848967+00:00
B0BQ7H7418,FBA76597,Audio Array,AA-06,3,A1WYWER0W24N8S,Other 3P (A1WYWER0W24N8S),False,1310.0,,0.0,True,True,91.0,2026-08-03T10:44:11.848967+00:00
B0FN7C25VS,FBA79846,Audio Array,AM-C11X Pro,1,A1WYWER0W24N8S,Other 3P (A1WYWER0W24N8S),True,4028.0,,0.0,True,True,91.0,2026-08-03T10:44:11.848967+00:00
B0FN7C25VS,FBA79846,Audio Array,AM-C11X Pro,2,A28KGDTB760OU9,Other 3P (A28KGDTB760OU9),False,3999.0,,0.0,True,True,100.0,2026-08-03T10:44:11.848967+00:00
B0FVM17Q4W,FBA79909,Audio Array,AM-W20,1,A28KGDTB760OU9,Other 3P (A28KGDTB760OU9),True,1999.0,,0.0,True,True,100.0,2026-08-03T10:44:11.848967+00:00
B0FLYHJ6DK,FBK79009,Audio Array,AM-C41,1,A1WYWER0W24N8S,Other 3P (A1WYWER0W24N8S),True,1612.0,,0.0,True,True,91.0,2026-08-03T10:44:11.848967+00:00
B0FLYHJ6DK,FBK79009,Audio Array,AM-C41,2,A28KGDTB760OU9,Other 3P (A28KGDTB760OU9),False,1599.0,,0.0,True,True,100.0,2026-08-03T10:44:11.848967+00:00
B0CM9L1QZG,FBA79108,Audio Array,AM-W16,1,A1WYWER0W24N8S,Other 3P (A1WYWER0W24N8S),True,1349.0,,0.0,True,True,91.0,2026-08-03T10:44:11.848967+00:00
B0CM9L1QZG,FBA79108,Audio Array,AM-W16,2,A28KGDTB760OU9,Other 3P (A28KGDTB760OU9),False,1349.0,,0.0,True,True,100.0,2026-08-03T10:44:11.848967+00:00
B0CM9L1QZG,FBA79108,Audio Array,AM-W16,3,A28KGDTB760OU9,Other 3P (A28KGDTB760OU9),False,1349.0,,0.0,False,False,100.0,2026-08-03T10:44:11.848967+00:00
B0CM9L1QZG,FBA79108,Audio Array,AM-W16,4,A3UU1YIVA5VF6D,Other 3P (A3UU1YIVA5VF6D),False,1349.0,,0.0,True,True,54.0,2026-08-03T10:44:11.848967+00:00
B0FR5DLXH9,FBA79903,Audio Array,AA-25M,1,A28KGDTB760OU9,Other 3P (A28KGDTB760OU9),True,899.0,,0.0,True,True,100.0,2026-08-03T10:44:11.848967+00:00
B0CH4R1V6S,FBA79016,Audio Array,AM-C3a,1,A1WYWER0W24N8S,Other 3P (A1WYWER0W24N8S),True,806.0,,0.0,True,True,91.0,2026-08-03T10:44:11.848967+00:00
B0CH4R1V6S,FBA79016,Audio Array,AM-C3a,2,A28KGDTB760OU9,Other 3P (A28KGDTB760OU9),False,799.0,,0.0,True,True,100.0,2026-08-03T10:44:11.848967+00:00
B0CH4R1V6S,FBA79016,Audio Array,AM-C3a,3,A3UU1YIVA5VF6D,Other 3P (A3UU1YIVA5VF6D),False,799.0,,0.0,True,True,54.0,2026-08-03T10:44:11.848967+00:00
B0CH4T2BJD,FBA79010,Audio Array,AM-C42,1,A28KGDTB760OU9,Other 3P (A28KGDTB760OU9),True,2349.0,,0.0,True,True,100.0,2026-08-03T10:44:11.848967+00:00
B0CH4T2BJD,FBA79010,Audio Array,AM-C42,2,A1WYWER0W24N8S,Other 3P (A1WYWER0W24N8S),False,2367.0,,0.0,True,True,91.0,2026-08-03T10:44:11.848967+00:00
B0FQJWWDVK,FBA79820,Audio Array,AC-3XL,1,A1WYWER0W24N8S,Other 3P (A1WYWER0W24N8S),True,453.0,,0.0,True,True,91.0,2026-08-03T10:44:11.848967+00:00
B0FQJWWDVK,FBA79820,Audio Array,AC-3XL,2,A28KGDTB760OU9,Other 3P (A28KGDTB760OU9),False,449.0,,0.0,True,True,100.0,2026-08-03T10:44:11.848967+00:00
B0CH4RT4P8,FBA79008,Audio Array,AI-06,1,A3UU1YIVA5VF6D,Other 3P (A3UU1YIVA5VF6D),True,3299.0,,0.0,True,True,54.0,2026-08-03T10:44:11.848967+00:00
B0CH4RT4P8,FBA79008,Audio Array,AI-06,2,A28KGDTB760OU9,Other 3P (A28KGDTB760OU9),False,3499.0,,0.0,True,True,100.0,2026-08-03T10:44:11.848967+00:00
B0FJ2J6MTF,FBA79822,Audio Array,KB-01 (AM-W32 + AI-12),1,A1WYWER0W24N8S,Other 3P (A1WYWER0W24N8S),True,4933.0,,0.0,True,True,91.0,2026-08-03T10:44:11.848967+00:00
B0FJ2J6MTF,FBA79822,Audio Array,KB-01 (AM-W32 + AI-12),2,A28KGDTB760OU9,Other 3P (A28KGDTB760OU9),False,4899.0,,0.0,True,True,100.0,2026-08-03T10:44:11.848967+00:00
B0B4G8PH2P,FBA75678,Audio Array,AA-01,1,A1WYWER0W24N8S,Other 3P (A1WYWER0W24N8S),True,2149.0,,0.0,True,True,91.0,2026-08-03T10:44:11.848967+00:00
B0B4G8PH2P,FBA75678,Audio Array,AA-01,2,A28KGDTB760OU9,Other 3P (A28KGDTB760OU9),False,2149.0,,0.0,True,True,100.0,2026-08-03T10:44:11.848967+00:00
B0BLNCP74M,FBA76728,Audio Array,AM-C25,1,A1WYWER0W24N8S,Other 3P (A1WYWER0W24N8S),True,2728.0,,0.0,True,True,91.0,2026-08-03T10:44:11.848967+00:00
B0FJ2DT13L,FBA79825,Audio Array,GB-02 (AM-C43 + AI-11),1,A1WYWER0W24N8S,Other 3P (A1WYWER0W24N8S),True,3877.0,,0.0,True,True,91.0,2026-08-03T10:44:11.848967+00:00
B0FJ2DT13L,FBA79825,Audio Array,GB-02 (AM-C43 + AI-11),2,A28KGDTB760OU9,Other 3P (A28KGDTB760OU9),False,3849.0,,0.0,True,True,100.0,2026-08-03T10:44:11.848967+00:00
B0FJ8TSQK1,FBA79830,Audio Array,GB-03 (AI-12 + AM-C43),1,A28KGDTB760OU9,Other 3P (A28KGDTB760OU9),True,3149.0,,0.0,False,False,100.0,2026-08-03T10:44:11.848967+00:00
B0FJ8TSQK1,FBA79830,Audio Array,GB-03 (AI-12 + AM-C43),2,A1WYWER0W24N8S,Other 3P (A1WYWER0W24N8S),False,4075.0,,0.0,True,True,91.0,2026-08-03T10:44:11.848967+00:00
B0B4DS678Q,FBA75676,Audio Array,AM-C4,1,A28KGDTB760OU9,Other 3P (A28KGDTB760OU9),True,1899.0,,0.0,True,True,100.0,2026-08-03T10:44:11.848967+00:00
B0B4DS678Q,FBA75676,Audio Array,AM-C4,2,A1WYWER0W24N8S,Other 3P (A1WYWER0W24N8S),True,1914.0,,0.0,True,True,91.0,2026-08-03T10:44:11.848967+00:00
B0CJR76Y7G,FBA79064,Audio Array,AA-25,1,A1WYWER0W24N8S,Other 3P (A1WYWER0W24N8S),True,849.0,,0.0,True,True,91.0,2026-08-03T10:44:11.848967+00:00
B0CJR76Y7G,FBA79064,Audio Array,AA-25,2,A28KGDTB760OU9,Other 3P (A28KGDTB760OU9),False,849.0,,0.0,True,True,100.0,2026-08-03T10:44:11.848967+00:00
B0FJS7JZ4V,FBK79708,Audio Array,SB-01,1,A28KGDTB760OU9,Other 3P (A28KGDTB760OU9),True,1199.0,,0.0,True,True,100.0,2026-08-03T10:44:11.848967+00:00
B0B4G94VP3,FBA75683,Audio Array,AA-03,1,A1WYWER0W24N8S,Other 3P (A1WYWER0W24N8S),True,499.0,,0.0,True,True,91.0,2026-08-03T10:44:11.848967+00:00
B0B4G94VP3,FBA75683,Audio Array,AA-03,2,A15YBOSC0EMOS0,Other 3P (A15YBOSC0EMOS0),False,499.0,,0.0,True,True,97.0,2026-08-03T10:44:11.848967+00:00
B0B4G94VP3,FBA75683,Audio Array,AA-03,3,A28KGDTB760OU9,Other 3P (A28KGDTB760OU9),False,499.0,,0.0,True,True,100.0,2026-08-03T10:44:11.848967+00:00
B0CH4PMR8K,FBA79009,Audio Array,AM-C41,1,A1WYWER0W24N8S,Other 3P (A1WYWER0W24N8S),True,2076.0,,0.0,True,True,91.0,2026-08-03T10:44:11.848967+00:00
B0B4G763WS,FBA75688,Audio Array,AM-W12,1,A1WYWER0W24N8S,Other 3P (A1WYWER0W24N8S),True,3999.0,,0.0,True,True,91.0,2026-08-03T10:44:11.848967+00:00
B0B4G763WS,FBA75688,Audio Array,AM-W12,2,A28KGDTB760OU9,Other 3P (A28KGDTB760OU9),False,3999.0,,0.0,True,True,100.0,2026-08-03T10:44:11.848967+00:00
B0B4G763WS,FBA75688,Audio Array,AM-W12,3,A3UU1YIVA5VF6D,Other 3P (A3UU1YIVA5VF6D),False,3999.0,,0.0,True,True,54.0,2026-08-03T10:44:11.848967+00:00
B0FJ8S5XJ8,FBA79827,Audio Array,PB-03 (AI-04 Red + AM-C11 x 2),1,A28KGDTB760OU9,Other 3P (A28KGDTB760OU9),True,13499.0,,0.0,True,True,100.0,2026-08-03T10:44:11.848967+00:00
B0DN6LJZBR,FBA79653,Audio Array,AM-C45 Pro,1,A1WYWER0W24N8S,Other 3P (A1WYWER0W24N8S),True,4028.0,,0.0,True,True,91.0,2026-08-03T10:44:11.848967+00:00
B0DN6LJZBR,FBA79653,Audio Array,AM-C45 Pro,2,A28KGDTB760OU9,Other 3P (A28KGDTB760OU9),False,3999.0,,0.0,True,True,100.0,2026-08-03T10:44:11.848967+00:00
B0CX1XK5R6,FBA79230,Audio Array,AM-W46,1,A28KGDTB760OU9,Other 3P (A28KGDTB760OU9),True,4999.0,,0.0,True,True,100.0,2026-08-03T10:44:11.848967+00:00
B0CX1XK5R6,FBA79230,Audio Array,AM-W46,2,A1WYWER0W24N8S,Other 3P (A1WYWER0W24N8S),False,5034.0,,0.0,True,True,91.0,2026-08-03T10:44:11.848967+00:00
B0DFMQCGT1,FBA79465,Audio Array,AM-W21,1,A28KGDTB760OU9,Other 3P (A28KGDTB760OU9),True,2949.0,,0.0,True,True,100.0,2026-08-03T10:44:11.848967+00:00
B0DFMQCGT1,FBA79465,Audio Array,AM-W21,2,A1WYWER0W24N8S,Other 3P (A1WYWER0W24N8S),False,3700.0,,0.0,True,True,91.0,2026-08-03T10:44:11.848967+00:00
B0BLKB6FRR,FBA76730,Audio Array,AM-C27,1,A1WYWER0W24N8S,Other 3P (A1WYWER0W24N8S),True,1249.0,,0.0,True,True,91.0,2026-08-03T10:44:11.848967+00:00
B0BLKB6FRR,FBA76730,Audio Array,AM-C27,2,A28KGDTB760OU9,Other 3P (A28KGDTB760OU9),False,1299.0,,0.0,True,True,100.0,2026-08-03T10:44:11.848967+00:00
B0FJ8PZ9H7,FBA79833,Audio Array,PB-04 (AI-04 Red + AM-C44 x 2),1,A1WYWER0W24N8S,Other 3P (A1WYWER0W24N8S),True,13652.0,,0.0,True,True,91.0,2026-08-03T10:44:11.848967+00:00
B0FJ8PZ9H7,FBA79833,Audio Array,PB-04 (AI-04 Red + AM-C44 x 2),2,A28KGDTB760OU9,Other 3P (A28KGDTB760OU9),False,13599.0,,0.0,True,True,100.0,2026-08-03T10:44:11.848967+00:00
B0B4G5JG4P,FBA75691,Audio Array,AM-W14,1,A28KGDTB760OU9,Other 3P (A28KGDTB760OU9),True,6299.0,,0.0,True,True,100.0,2026-08-03T10:44:11.848967+00:00
B0B4G5JG4P,FBA75691,Audio Array,AM-W14,2,A1WYWER0W24N8S,Other 3P (A1WYWER0W24N8S),False,6299.0,,0.0,True,False,91.0,2026-08-03T10:44:11.848967+00:00
B0BLKBJ5HN,FBA76742,Audio Array,AM-K1,1,A28KGDTB760OU9,Other 3P (A28KGDTB760OU9),True,9299.0,,0.0,True,True,100.0,2026-08-03T10:44:11.848967+00:00
B0FJ8S53GW,FBA79832,Audio Array,GB-05 (AM-C43 + AI-06),1,A28KGDTB760OU9,Other 3P (A28KGDTB760OU9),True,5399.0,,0.0,True,True,100.0,2026-08-03T10:44:11.848967+00:00
B0FJ8S53GW,FBA79832,Audio Array,GB-05 (AM-C43 + AI-06),2,A1WYWER0W24N8S,Other 3P (A1WYWER0W24N8S),False,5436.0,,0.0,True,True,91.0,2026-08-03T10:44:11.848967+00:00
B0BLK8DNPD,FBA76716,Audio Array,AM-C13,1,A28KGDTB760OU9,Other 3P (A28KGDTB760OU9),True,499.0,,0.0,True,True,100.0,2026-08-03T10:44:11.848967+00:00
B0GN97RFPR,FBA79848,Audio Array,AM-S2,1,A28KGDTB760OU9,Other 3P (A28KGDTB760OU9),True,7499.0,,0.0,True,True,100.0,2026-08-03T10:44:11.848967+00:00
B0GN97RFPR,FBA79848,Audio Array,AM-S2,2,A1WYWER0W24N8S,Other 3P (A1WYWER0W24N8S),False,9579.0,,0.0,True,False,91.0,2026-08-03T10:44:11.848967+00:00
B0H1MTP2ZP,FBA80143,Audio Array,AM-S2,1,A28KGDTB760OU9,Other 3P (A28KGDTB760OU9),True,7499.0,,0.0,True,True,100.0,2026-08-03T10:44:11.848967+00:00
B0FLYJFC22,FBK79010,Audio Array,AM-C42,1,A1WYWER0W24N8S,Other 3P (A1WYWER0W24N8S),True,2367.0,,0.0,True,True,91.0,2026-08-03T10:44:11.848967+00:00
B0FLYJFC22,FBK79010,Audio Array,AM-C42,2,A28KGDTB760OU9,Other 3P (A28KGDTB760OU9),False,2349.0,,0.0,True,True,100.0,2026-08-03T10:44:11.848967+00:00
B0BPMN89NG,FBA77011,Audio Array,AM-C29,1,A28KGDTB760OU9,Other 3P (A28KGDTB760OU9),True,1749.0,,0.0,True,True,100.0,2026-08-03T10:44:11.848967+00:00
B0C5957W3P,FBA78420,Audio Array,AM-C33,1,A28KGDTB760OU9,Other 3P (A28KGDTB760OU9),True,449.0,,0.0,True,True,100.0,2026-08-03T10:44:11.848967+00:00
B0GNM35G8X,FBA79814,Audio Array,AH-50 Ear Cushion,1,A28KGDTB760OU9,Other 3P (A28KGDTB760OU9),True,549.0,,0.0,True,True,100.0,2026-08-03T10:44:11.848967+00:00
B0BLKD4815,FBA76726,Audio Array,AM-C23,1,A28KGDTB760OU9,Other 3P (A28KGDTB760OU9),True,1799.0,,0.0,True,True,100.0,2026-08-03T10:44:11.848967+00:00
B0C598Q6PT,FBA78423,Audio Array,AM-C36,1,A28KGDTB760OU9,Other 3P (A28KGDTB760OU9),True,449.0,,0.0,True,True,100.0,2026-08-03T10:44:11.848967+00:00
B0C59G1C4N,FBA76737,Audio Array,AA-10,1,A28KGDTB760OU9,Other 3P (A28KGDTB760OU9),True,2299.0,,0.0,True,True,100.0,2026-08-03T10:44:11.848967+00:00
B0BLS63XCL,FBA76736,Audio Array,AA-09,1,A28KGDTB760OU9,Other 3P (A28KGDTB760OU9),True,2299.0,,0.0,True,True,100.0,2026-08-03T10:44:11.848967+00:00
B0G4DNF8RZ,FBA79842,Audio Array,AM-C48,1,A28KGDTB760OU9,Other 3P (A28KGDTB760OU9),True,3299.0,,0.0,True,True,100.0,2026-08-03T10:44:11.848967+00:00
B0G4DNF8RZ,FBA79842,Audio Array,AM-C48,2,A1WYWER0W24N8S,Other 3P (A1WYWER0W24N8S),False,3323.0,,0.0,True,True,91.0,2026-08-03T10:44:11.848967+00:00
B0FJ2HZCVN,FBA79823,Audio Array,PB-01 (AM-C11 + AI-04),1,A28KGDTB760OU9,Other 3P (A28KGDTB760OU9),True,8999.0,,0.0,True,True,100.0,2026-08-03T10:44:11.848967+00:00
B0FJ2HZCVN,FBA79823,Audio Array,PB-01 (AM-C11 + AI-04),2,A1WYWER0W24N8S,Other 3P (A1WYWER0W24N8S),False,9052.0,,0.0,True,True,91.0,2026-08-03T10:44:11.848967+00:00
B0FJ2K95XT,FBA79824,Audio Array,GB-01 (AM-C43 +AI-10),1,A1WYWER0W24N8S,Other 3P (A1WYWER0W24N8S),True,5336.0,,0.0,True,True,91.0,2026-08-03T10:44:11.848967+00:00
B0FJ2K95XT,FBA79824,Audio Array,GB-01 (AM-C43 +AI-10),2,A28KGDTB760OU9,Other 3P (A28KGDTB760OU9),False,5299.0,,0.0,True,True,100.0,2026-08-03T10:44:11.848967+00:00
B0FJ8W5Y9Q,FBA79831,Audio Array,GB-04 (AM-C45 + AI-06),1,A1WYWER0W24N8S,Other 3P (A1WYWER0W24N8S),True,6342.0,,0.0,True,True,91.0,2026-08-03T10:44:11.848967+00:00
B0FJ8W5Y9Q,FBA79831,Audio Array,GB-04 (AM-C45 + AI-06),2,A28KGDTB760OU9,Other 3P (A28KGDTB760OU9),False,6299.0,,0.0,True,True,100.0,2026-08-03T10:44:11.848967+00:00
B0FJ8T4WXM,FBA79834,Audio Array,PB-05 (AA-05 + AM-C11 + AI-04),1,A1WYWER0W24N8S,Other 3P (A1WYWER0W24N8S),True,9552.0,,0.0,True,True,91.0,2026-08-03T10:44:11.848967+00:00
B0FJ8T4WXM,FBA79834,Audio Array,PB-05 (AA-05 + AM-C11 + AI-04),2,A28KGDTB760OU9,Other 3P (A28KGDTB760OU9),False,9499.0,,0.0,True,True,100.0,2026-08-03T10:44:11.848967+00:00
B0FJ8TWCQZ,FBA79835,Audio Array,PB-06 (AA-05 + AM-C44 + AI-04),1,A1WYWER0W24N8S,Other 3P (A1WYWER0W24N8S),True,9352.0,,0.0,True,True,91.0,2026-08-03T10:44:11.848967+00:00
B0FJ8TWCQZ,FBA79835,Audio Array,PB-06 (AA-05 + AM-C44 + AI-04),2,A28KGDTB760OU9,Other 3P (A28KGDTB760OU9),False,9299.0,,0.0,True,True,100.0,2026-08-03T10:44:11.848967+00:00
B0FJ8Z1W81,FBA79836,Audio Array,PB-07 (AA-05 + AM-C45 + AI-04),1,A1WYWER0W24N8S,Other 3P (A1WYWER0W24N8S),True,6058.17,,0.0,True,True,91.0,2026-08-03T10:44:11.848967+00:00
B0FJ8Z1W81,FBA79836,Audio Array,PB-07 (AA-05 + AM-C45 + AI-04),2,A28KGDTB760OU9,Other 3P (A28KGDTB760OU9),False,8149.0,,0.0,True,True,100.0,2026-08-03T10:44:11.848967+00:00
B0FN7B3KWS,FBA79845,Audio Array,UB-02 (AM-S1 + AA-21),1,A1WYWER0W24N8S,Other 3P (A1WYWER0W24N8S),True,12952.0,,0.0,True,True,91.0,2026-08-03T10:44:11.848967+00:00
B0FN7B3KWS,FBA79845,Audio Array,UB-02 (AM-S1 + AA-21),2,A28KGDTB760OU9,Other 3P (A28KGDTB760OU9),False,12899.0,,0.0,True,True,100.0,2026-08-03T10:44:11.848967+00:00
B0G3B677Z5,FBA79969,Audio Array,UB-03 (AM-S1 + AA-22),1,A28KGDTB760OU9,Other 3P (A28KGDTB760OU9),True,12799.0,,0.0,True,True,100.0,2026-08-03T10:44:11.848967+00:00
B0G3B677Z5,FBA79969,Audio Array,UB-03 (AM-S1 + AA-22),2,A1WYWER0W24N8S,Other 3P (A1WYWER0W24N8S),False,12852.0,,0.0,True,True,91.0,2026-08-03T10:44:11.848967+00:00
B0FN7FYZM3,FBA79847,Audio Array,PB-09 (AM-C45 + AI-06 + AA-05),1,A1WYWER0W24N8S,Other 3P (A1WYWER0W24N8S),True,5173.15,,0.0,True,True,91.0,2026-08-03T10:44:11.848967+00:00
B0FN7FYZM3,FBA79847,Audio Array,PB-09 (AM-C45 + AI-06 + AA-05),2,A28KGDTB760OU9,Other 3P (A28KGDTB760OU9),False,6999.0,,0.0,True,True,100.0,2026-08-03T10:44:11.848967+00:00
B0FTVSH458,FBA79905,Audio Array,PB-11 (AM-C44+AA-05+AH-45-BK),1,A28KGDTB760OU9,Other 3P (A28KGDTB760OU9),True,6499.0,,0.0,True,True,100.0,2026-08-03T10:44:11.848967+00:00
B0FTVVLNS9,FBA79906,Audio Array,PB-12 (AM-C11+AA-05+AI-04+AH-60-RD),1,A28KGDTB760OU9,Other 3P (A28KGDTB760OU9),True,11499.0,,0.0,True,True,100.0,2026-08-03T10:44:11.848967+00:00
B0FTVS34SD,FBA79907,Audio Array,PB-13 (AM-C43+AH-40-SL+AI-11),1,A28KGDTB760OU9,Other 3P (A28KGDTB760OU9),True,5199.0,,0.0,True,True,100.0,2026-08-03T10:44:11.848967+00:00
B0FTVS34SD,FBA79907,Audio Array,PB-13 (AM-C43+AH-40-SL+AI-11),2,A1WYWER0W24N8S,Other 3P (A1WYWER0W24N8S),False,6845.0,,0.0,True,True,91.0,2026-08-03T10:44:11.848967+00:00
B0FTVV1QJY,FBA79908,Audio Array,PB-14 (AM-C43+AH-40-SL+AI-12),1,A28KGDTB760OU9,Other 3P (A28KGDTB760OU9),True,4599.0,,0.0,True,True,100.0,2026-08-03T10:44:11.848967+00:00
B0FTVV1QJY,FBA79908,Audio Array,PB-14 (AM-C43+AH-40-SL+AI-12),2,A1WYWER0W24N8S,Other 3P (A1WYWER0W24N8S),False,5655.0,,0.0,True,True,91.0,2026-08-03T10:44:11.848967+00:00
B0GMPGNXX3,FBA79956,Audio Array,A3-XLR,1,A28KGDTB760OU9,Other 3P (A28KGDTB760OU9),True,599.0,,0.0,True,True,100.0,2026-08-03T10:44:11.848967+00:00
B0G3Q517Y2,FBA79957,Audio Array,AM-W23,1,A28KGDTB760OU9,Other 3P (A28KGDTB760OU9),True,2999.0,,0.0,True,True,100.0,2026-08-03T10:44:11.848967+00:00
B0G3Q517Y2,FBA79957,Audio Array,AM-W23,2,A28KGDTB760OU9,Other 3P (A28KGDTB760OU9),False,2999.0,,0.0,False,False,100.0,2026-08-03T10:44:11.848967+00:00
B0G3Q59X8C,FBA79958,Audio Array,AM-W24,1,A1WYWER0W24N8S,Other 3P (A1WYWER0W24N8S),True,1730.96,,0.0,True,True,91.0,2026-08-03T10:44:11.848967+00:00
B0G3Q59X8C,FBA79958,Audio Array,AM-W24,2,A28KGDTB760OU9,Other 3P (A28KGDTB760OU9),False,1899.0,,0.0,True,True,100.0,2026-08-03T10:44:11.848967+00:00
B0G39ZHDYP,FBA79959,Audio Array,AM-W47 Wired,1,A1WYWER0W24N8S,Other 3P (A1WYWER0W24N8S),True,1209.0,,0.0,True,True,91.0,2026-08-03T10:44:11.848967+00:00
B0G39ZHDYP,FBA79959,Audio Array,AM-W47 Wired,2,A28KGDTB760OU9,Other 3P (A28KGDTB760OU9),False,1199.0,,0.0,True,True,100.0,2026-08-03T10:44:11.848967+00:00
B0G3B152FR,FBA79960,Audio Array,AM-W47 Wireless,1,A1WYWER0W24N8S,Other 3P (A1WYWER0W24N8S),True,1914.0,,0.0,True,True,91.0,2026-08-03T10:44:11.848967+00:00
B0G3B152FR,FBA79960,Audio Array,AM-W47 Wireless,2,A28KGDTB760OU9,Other 3P (A28KGDTB760OU9),False,1899.0,,0.0,True,True,100.0,2026-08-03T10:44:11.848967+00:00
B0G53H49BS,FBA79961,Audio Array,AI-13,1,A28KGDTB760OU9,Other 3P (A28KGDTB760OU9),True,2799.0,,0.0,True,True,100.0,2026-08-03T10:44:11.848967+00:00
B0G53H49BS,FBA79961,Audio Array,AI-13,2,A1WYWER0W24N8S,Other 3P (A1WYWER0W24N8S),False,2905.0,,0.0,True,True,91.0,2026-08-03T10:44:11.848967+00:00
B0G53LZNY3,FBA79962,Audio Array,BE-4T,1,A1WYWER0W24N8S,Other 3P (A1WYWER0W24N8S),True,5336.0,,0.0,True,True,91.0,2026-08-03T10:44:11.848967+00:00
B0G53LZNY3,FBA79962,Audio Array,BE-4T,2,A28KGDTB760OU9,Other 3P (A28KGDTB760OU9),False,5299.0,,0.0,True,True,100.0,2026-08-03T10:44:11.848967+00:00
B0G53CB72D,FBA79963,Audio Array,AM-Pro8,1,A28KGDTB760OU9,Other 3P (A28KGDTB760OU9),True,20999.0,,0.0,True,True,100.0,2026-08-03T10:44:11.848967+00:00
B0G53M9258,FBA79968,Audio Array,AI-14,1,A28KGDTB760OU9,Other 3P (A28KGDTB760OU9),True,5999.0,,0.0,True,True,100.0,2026-08-03T10:44:11.848967+00:00
B0G53M9258,FBA79968,Audio Array,AI-14,2,A1WYWER0W24N8S,Other 3P (A1WYWER0W24N8S),False,8052.0,,0.0,True,True,91.0,2026-08-03T10:44:11.848967+00:00
B0G53PRM34,FBA79965,Audio Array,AM-Mix6,1,A1WYWER0W24N8S,Other 3P (A1WYWER0W24N8S),True,8352.0,,0.0,True,True,91.0,2026-08-03T10:44:11.848967+00:00
B0G53PRM34,FBA79965,Audio Array,AM-Mix6,2,A28KGDTB760OU9,Other 3P (A28KGDTB760OU9),False,8299.0,,0.0,True,True,100.0,2026-08-03T10:44:11.848967+00:00
B0G53KWRVW,FBA79966,Audio Array,AM-Mix10,1,A28KGDTB760OU9,Other 3P (A28KGDTB760OU9),True,9999.0,,0.0,True,True,100.0,2026-08-03T10:44:11.848967+00:00
B0G53KWRVW,FBA79966,Audio Array,AM-Mix10,2,A1WYWER0W24N8S,Other 3P (A1WYWER0W24N8S),False,10155.0,,0.0,True,True,91.0,2026-08-03T10:44:11.848967+00:00
B0G2C2RCXN,FBA79967,Audio Array,AM-W19,1,A28KGDTB760OU9,Other 3P (A28KGDTB760OU9),True,1999.0,,0.0,True,True,100.0,2026-08-03T10:44:11.848967+00:00
B0G2C2RCXN,FBA79967,Audio Array,AM-W19,2,A1WYWER0W24N8S,Other 3P (A1WYWER0W24N8S),False,2016.0,,0.0,True,True,91.0,2026-08-03T10:44:11.848967+00:00
B0GD8JSPB1,FBA79974,Audio Array,AM-S1,1,A28KGDTB760OU9,Other 3P (A28KGDTB760OU9),True,8999.0,,0.0,True,True,100.0,2026-08-03T10:44:11.848967+00:00
B0GN2LHJY4,FBA80007,Audio Array,MT-12,1,A28KGDTB760OU9,Other 3P (A28KGDTB760OU9),True,8999.0,,0.0,True,True,100.0,2026-08-03T10:44:11.848967+00:00
B0GN2LHJY4,FBA80007,Audio Array,MT-12,2,A1WYWER0W24N8S,Other 3P (A1WYWER0W24N8S),False,11176.0,,0.0,True,True,91.0,2026-08-03T10:44:11.848967+00:00
B0GXP7LJ75,FBA79975,Audio Array,AE831,1,A28KGDTB760OU9,Other 3P (A28KGDTB760OU9),True,3499.0,,0.0,True,True,100.0,2026-08-03T10:44:11.848967+00:00
B0GW8YC59C,FBA79998,Audio Array,W5,1,A28KGDTB760OU9,Other 3P (A28KGDTB760OU9),True,3399.0,,0.0,True,True,100.0,2026-08-03T10:44:11.848967+00:00
B0GW92TVVC,FBA79999,Audio Array,JTG800,1,A28KGDTB760OU9,Other 3P (A28KGDTB760OU9),True,4999.0,,0.0,True,True,100.0,2026-08-03T10:44:11.848967+00:00
B0GW8XGPB2,FBA80000,Audio Array,DP-718H,1,A28KGDTB760OU9,Other 3P (A28KGDTB760OU9),True,7499.0,,0.0,True,True,100.0,2026-08-03T10:44:11.848967+00:00
B0GW96SHSK,FBA80002,Audio Array,AM-W33 Pro,1,A1WYWER0W24N8S,Other 3P (A1WYWER0W24N8S),True,3427.0,,0.0,True,True,91.0,2026-08-03T10:44:11.848967+00:00
B0GW96SHSK,FBA80002,Audio Array,AM-W33 Pro,2,A28KGDTB760OU9,Other 3P (A28KGDTB760OU9),False,3399.0,,0.0,True,True,100.0,2026-08-03T10:44:11.848967+00:00
B0GW92TTMS,FBA80003,Audio Array,AM-W32 Pro,1,A28KGDTB760OU9,Other 3P (A28KGDTB760OU9),True,5499.0,,0.0,True,True,100.0,2026-08-03T10:44:11.848967+00:00
B0GW92TTMS,FBA80003,Audio Array,AM-W32 Pro,2,A1WYWER0W24N8S,Other 3P (A1WYWER0W24N8S),False,5614.0,,0.0,True,True,91.0,2026-08-03T10:44:11.848967+00:00
B0GW92316G,FBA80004,Audio Array,AM-W36 Pro,1,A28KGDTB760OU9,Other 3P (A28KGDTB760OU9),True,7999.0,,0.0,True,True,100.0,2026-08-03T10:44:11.848967+00:00
B0GW96CQMG,FBA80005,Audio Array,T-835,1,A28KGDTB760OU9,Other 3P (A28KGDTB760OU9),True,10999.0,,0.0,True,True,100.0,2026-08-03T10:44:11.848967+00:00
B0GW96CQMG,FBA80005,Audio Array,T-835,2,A1WYWER0W24N8S,Other 3P (A1WYWER0W24N8S),True,11061.0,,0.0,True,True,91.0,2026-08-03T10:44:11.848967+00:00
B01ISNU3X4,FBA77113,Tonor,K1,1,A1WYWER0W24N8S,Other 3P (A1WYWER0W24N8S),True,1899.0,,0.0,True,True,91.0,2026-08-03T10:44:11.848967+00:00
B01ISNU3X4,FBA77113,Tonor,K1,2,A15YBOSC0EMOS0,Other 3P (A15YBOSC0EMOS0),False,1899.0,,0.0,True,True,97.0,2026-08-03T10:44:11.848967+00:00
B07GVGMW59,FBK77102,Tonor,G11,1,A15YBOSC0EMOS0,Other 3P (A15YBOSC0EMOS0),True,2699.0,,0.0,True,True,97.0,2026-08-03T10:44:11.848967+00:00
B07GVGMW59,FBK77102,Tonor,G11,2,A1WYWER0W24N8S,Other 3P (A1WYWER0W24N8S),True,2754.0,,0.0,True,True,91.0,2026-08-03T10:44:11.848967+00:00
B07GVGMW59,FBK77102,Tonor,G11,3,A2EXJIQG9IJKFR,Other 3P (A2EXJIQG9IJKFR),False,4441.0,,0.0,True,True,58.0,2026-08-03T10:44:11.848967+00:00
B07GVGMW59,FBK77102,Tonor,G11,4,A1YZ9MMK17G6RH,Other 3P (A1YZ9MMK17G6RH),False,6195.48,,0.0,False,False,49.0,2026-08-03T10:44:11.848967+00:00
B07GVGMW59,FBK77102,Tonor,G11,5,A2JHZTBWPK0X2N,Other 3P (A2JHZTBWPK0X2N),False,6531.41,,0.0,False,False,34.0,2026-08-03T10:44:11.848967+00:00
B07GVGMW59,FBK77102,Tonor,G11,6,A3IJX958AMG8M3,Other 3P (A3IJX958AMG8M3),False,6630.0,,0.0,False,False,89.0,2026-08-03T10:44:11.848967+00:00
B07GVGMW59,FBK77102,Tonor,G11,7,A1LY25J9F8CBOH,Other 3P (A1LY25J9F8CBOH),False,6987.0,,0.0,False,False,55.0,2026-08-03T10:44:11.848967+00:00
B07GVGMW59,FBK77102,Tonor,G11,8,A1BE4CFIAAE12Y,Other 3P (A1BE4CFIAAE12Y),False,7328.0,,0.0,False,False,81.0,2026-08-03T10:44:11.848967+00:00
B0BTCXQQ6M,FBA79113,Tonor,TC310,1,A15YBOSC0EMOS0,Other 3P (A15YBOSC0EMOS0),True,2499.0,,0.0,True,True,97.0,2026-08-03T10:44:11.848967+00:00
B0BTCXQQ6M,FBA79113,Tonor,TC310,2,A1WYWER0W24N8S,Other 3P (A1WYWER0W24N8S),False,2550.0,,0.0,True,True,91.0,2026-08-03T10:44:11.848967+00:00
B07WLWN2ZT,FBA77101,Tonor,TC-777,1,A15YBOSC0EMOS0,Other 3P (A15YBOSC0EMOS0),True,1999.0,,0.0,True,True,97.0,2026-08-03T10:44:11.848967+00:00
B07WLWN2ZT,FBA77101,Tonor,TC-777,2,A1WYWER0W24N8S,Other 3P (A1WYWER0W24N8S),True,2041.0,,0.0,True,True,91.0,2026-08-03T10:44:11.848967+00:00
B07WLWN2ZT,FBA77101,Tonor,TC-777,3,A1ZJ9VB2OVIKVD,Other 3P (A1ZJ9VB2OVIKVD),False,5831.0,,0.0,False,False,62.0,2026-08-03T10:44:11.848967+00:00
B08CVP2HXP,FBA77111,Tonor,TC30,1,A1WYWER0W24N8S,Other 3P (A1WYWER0W24N8S),True,2684.0,,0.0,True,True,91.0,2026-08-03T10:44:11.848967+00:00
B0CQX3VB1R,FBA79696,Tonor,TD310+,1,A15YBOSC0EMOS0,Other 3P (A15YBOSC0EMOS0),True,2199.0,,0.0,True,True,97.0,2026-08-03T10:44:11.848967+00:00
B0CQX3VB1R,FBA79696,Tonor,TD310+,2,A1WYWER0W24N8S,Other 3P (A1WYWER0W24N8S),True,2245.0,,0.0,True,True,91.0,2026-08-03T10:44:11.848967+00:00
B0CQX4K9P5,FBA79697,Tonor,TD310,1,A15YBOSC0EMOS0,Other 3P (A15YBOSC0EMOS0),True,1999.0,,0.0,True,True,97.0,2026-08-03T10:44:11.848967+00:00
B0CQX4K9P5,FBA79697,Tonor,TD310,2,A1WYWER0W24N8S,Other 3P (A1WYWER0W24N8S),False,2041.0,,0.0,True,True,91.0,2026-08-03T10:44:11.848967+00:00
B0CCV74CL7,FBA79114,Tonor,TC310+,1,A15YBOSC0EMOS0,Other 3P (A15YBOSC0EMOS0),True,2899.0,,0.0,True,True,97.0,2026-08-03T10:44:11.848967+00:00
B0CCV74CL7,FBA79114,Tonor,TC310+,2,A1WYWER0W24N8S,Other 3P (A1WYWER0W24N8S),False,2957.0,,0.0,True,True,91.0,2026-08-03T10:44:11.848967+00:00
B0BYHHSLPC,FBA79116,Tonor,TC-777 PRO,1,A1WYWER0W24N8S,Other 3P (A1WYWER0W24N8S),True,2099.0,,0.0,True,True,91.0,2026-08-03T10:44:11.848967+00:00
B0BYHHSLPC,FBA79116,Tonor,TC-777 PRO,2,A15YBOSC0EMOS0,Other 3P (A15YBOSC0EMOS0),False,2099.0,,0.0,True,True,97.0,2026-08-03T10:44:11.848967+00:00
B0BYHHSLPC,FBA79116,Tonor,TC-777 PRO,3,A1LY25J9F8CBOH,Other 3P (A1LY25J9F8CBOH),False,2848.5,,0.0,False,False,55.0,2026-08-03T10:44:11.848967+00:00
B0BYHHSLPC,FBA79116,Tonor,TC-777 PRO,4,A2EXJIQG9IJKFR,Other 3P (A2EXJIQG9IJKFR),False,4239.6,,0.0,False,False,58.0,2026-08-03T10:44:11.848967+00:00
B0BYHHSLPC,FBA79116,Tonor,TC-777 PRO,5,A1YZ9MMK17G6RH,Other 3P (A1YZ9MMK17G6RH),False,4265.99,,0.0,False,False,49.0,2026-08-03T10:44:11.848967+00:00
B0BYHHSLPC,FBA79116,Tonor,TC-777 PRO,6,A2ON2B5XK3AL27,Other 3P (A2ON2B5XK3AL27),False,4295.99,,0.0,False,False,71.0,2026-08-03T10:44:11.848967+00:00
B0BYHHSLPC,FBA79116,Tonor,TC-777 PRO,7,A1ZJ9VB2OVIKVD,Other 3P (A1ZJ9VB2OVIKVD),False,4880.0,,0.0,False,False,62.0,2026-08-03T10:44:11.848967+00:00
B0BYHHSLPC,FBA79116,Tonor,TC-777 PRO,8,A1BE4CFIAAE12Y,Other 3P (A1BE4CFIAAE12Y),False,5052.0,,0.0,False,False,81.0,2026-08-03T10:44:11.848967+00:00
B0BYHHSLPC,FBA79116,Tonor,TC-777 PRO,9,A3IJX958AMG8M3,Other 3P (A3IJX958AMG8M3),False,5600.0,,0.0,False,False,89.0,2026-08-03T10:44:11.848967+00:00
B08NDB5NWP,FBA77110,Tonor,TM20,1,A1WYWER0W24N8S,Other 3P (A1WYWER0W24N8S),True,3059.0,,0.0,True,True,91.0,2026-08-03T10:44:11.848967+00:00
B08NDB5NWP,FBA77110,Tonor,TM20,2,A15YBOSC0EMOS0,Other 3P (A15YBOSC0EMOS0),False,2999.0,,0.0,True,True,97.0,2026-08-03T10:44:11.848967+00:00
B08NDB5NWP,FBA77110,Tonor,TM20,3,A1YZ9MMK17G6RH,Other 3P (A1YZ9MMK17G6RH),False,6734.56,,0.0,False,False,49.0,2026-08-03T10:44:11.848967+00:00
B08NDB5NWP,FBA77110,Tonor,TM20,4,A1BE4CFIAAE12Y,Other 3P (A1BE4CFIAAE12Y),False,6749.0,,0.0,False,False,81.0,2026-08-03T10:44:11.848967+00:00
B08NDB5NWP,FBA77110,Tonor,TM20,5,A2ON2B5XK3AL27,Other 3P (A2ON2B5XK3AL27),False,6884.56,,0.0,False,False,71.0,2026-08-03T10:44:11.848967+00:00
B08NDB5NWP,FBA77110,Tonor,TM20,6,A1ZJ9VB2OVIKVD,Other 3P (A1ZJ9VB2OVIKVD),False,7097.0,,0.0,False,False,62.0,2026-08-03T10:44:11.848967+00:00
B08NDB5NWP,FBA77110,Tonor,TM20,7,A2BWJVKSWP7TR2,Other 3P (A2BWJVKSWP7TR2),False,7097.0,,0.0,False,False,36.0,2026-08-03T10:44:11.848967+00:00
B08NDB5NWP,FBA77110,Tonor,TM20,8,A2ZLIQ6KX05CEP,Other 3P (A2ZLIQ6KX05CEP),False,7312.0,,0.0,False,False,44.0,2026-08-03T10:44:11.848967+00:00
B0B4WTHLX5,FBA79574,Tonor,TC30S,1,A15YBOSC0EMOS0,Other 3P (A15YBOSC0EMOS0),True,2499.0,,0.0,True,True,97.0,2026-08-03T10:44:11.848967+00:00
B0B4WTHLX5,FBA79574,Tonor,TC30S,2,A1WYWER0W24N8S,Other 3P (A1WYWER0W24N8S),True,2583.0,,0.0,True,True,91.0,2026-08-03T10:44:11.848967+00:00
B082W4B7SX,FBA77106,Tonor,T20,1,A1WYWER0W24N8S,Other 3P (A1WYWER0W24N8S),True,2852.0,,0.0,True,True,91.0,2026-08-03T10:44:11.848967+00:00
B078WNW4YW,FBA77117,Tonor,S20,1,A15YBOSC0EMOS0,Other 3P (A15YBOSC0EMOS0),True,2599.0,,0.0,True,True,97.0,2026-08-03T10:44:11.848967+00:00
B078WNW4YW,FBA77117,Tonor,S20,2,A1WYWER0W24N8S,Other 3P (A1WYWER0W24N8S),True,2652.0,,0.0,True,True,91.0,2026-08-03T10:44:11.848967+00:00
B078WNW4YW,FBA77117,Tonor,S20,3,A2EXJIQG9IJKFR,Other 3P (A2EXJIQG9IJKFR),False,2599.0,,0.0,False,False,58.0,2026-08-03T10:44:11.848967+00:00
B078WNW4YW,FBA77117,Tonor,S20,4,A1LY25J9F8CBOH,Other 3P (A1LY25J9F8CBOH),False,3898.5,,0.0,False,False,55.0,2026-08-03T10:44:11.848967+00:00
B078WNW4YW,FBA77117,Tonor,S20,5,A2ON2B5XK3AL27,Other 3P (A2ON2B5XK3AL27),False,5592.14,,0.0,False,False,71.0,2026-08-03T10:44:11.848967+00:00
B078WNW4YW,FBA77117,Tonor,S20,6,A1BE4CFIAAE12Y,Other 3P (A1BE4CFIAAE12Y),False,5923.0,,0.0,False,False,81.0,2026-08-03T10:44:11.848967+00:00
B0BRKFP94K,FBA79111,Tonor,TD510,1,A1WYWER0W24N8S,Other 3P (A1WYWER0W24N8S),True,3999.0,,0.0,True,True,91.0,2026-08-03T10:44:11.848967+00:00
B0BRKFP94K,FBA79111,Tonor,TD510,2,A15YBOSC0EMOS0,Other 3P (A15YBOSC0EMOS0),False,3999.0,,0.0,True,True,97.0,2026-08-03T10:44:11.848967+00:00
B0CFKZ72N7,FBA79578,Tonor,D5,1,AQ42J1HKN884D,Other 3P (AQ42J1HKN884D),True,7538.0,,0.0,False,False,94.0,2026-08-03T10:44:11.848967+00:00
B0CFKZ72N7,FBA79578,Tonor,D5,2,A1KZYIR880KB5C,Other 3P (A1KZYIR880KB5C),False,7536.0,,0.0,False,False,84.0,2026-08-03T10:44:11.848967+00:00
B0CFKZ72N7,FBA79578,Tonor,D5,3,A368CFGDO8H247,Other 3P (A368CFGDO8H247),False,9298.0,,0.0,False,False,23.0,2026-08-03T10:44:11.848967+00:00
B089FVQD3Z,FBA77105,Tonor,T30,1,A15YBOSC0EMOS0,Other 3P (A15YBOSC0EMOS0),True,2799.0,,0.0,True,True,97.0,2026-08-03T10:44:11.848967+00:00
B089FVQD3Z,FBA77105,Tonor,T30,2,A1WYWER0W24N8S,Other 3P (A1WYWER0W24N8S),False,2892.0,,0.0,True,True,91.0,2026-08-03T10:44:11.848967+00:00
B07JMYG6LF,FBA77100,Tonor,Q9,1,A2BWJVKSWP7TR2,Other 3P (A2BWJVKSWP7TR2),True,12860.0,,0.0,False,False,36.0,2026-08-03T10:44:11.848967+00:00
B07JMYG6LF,FBA77100,Tonor,Q9,2,A9CG8DYOTGWZE,Other 3P (A9CG8DYOTGWZE),False,12910.0,,0.0,False,False,47.0,2026-08-03T10:44:11.848967+00:00
B07JMYG6LF,FBA77100,Tonor,Q9,3,A1KZYIR880KB5C,Other 3P (A1KZYIR880KB5C),False,13978.0,,0.0,False,False,84.0,2026-08-03T10:44:11.848967+00:00
B07JMYG6LF,FBA77100,Tonor,Q9,4,AQ42J1HKN884D,Other 3P (AQ42J1HKN884D),False,15834.0,,0.0,False,False,94.0,2026-08-03T10:44:11.848967+00:00
B07JMYG6LF,FBA77100,Tonor,Q9,5,A3FAOK208WTEVV,Other 3P (A3FAOK208WTEVV),False,16730.06,,0.0,False,False,78.0,2026-08-03T10:44:11.848967+00:00
B07JMYG6LF,FBA77100,Tonor,Q9,6,A368CFGDO8H247,Other 3P (A368CFGDO8H247),False,17196.0,,0.0,False,False,23.0,2026-08-03T10:44:11.848967+00:00
B089SJGQBH,FBA77104,Tonor,TC20,1,A15YBOSC0EMOS0,Other 3P (A15YBOSC0EMOS0),True,4899.0,,0.0,True,True,97.0,2026-08-03T10:44:11.848967+00:00
B07TSN2H9D,FBA77114,Tonor,TC-2030,1,A2PQ9TUK44FBRK,Other 3P (A2PQ9TUK44FBRK),False,12208.0,,0.0,False,False,21.0,2026-08-03T10:44:11.848967+00:00
B08V1JS3NY,FBA77115,Tonor,TC40,1,A1WYWER0W24N8S,Other 3P (A1WYWER0W24N8S),True,3299.0,,0.0,True,True,91.0,2026-08-03T10:44:11.848967+00:00
B08V1JS3NY,FBA77115,Tonor,TC40,2,A15YBOSC0EMOS0,Other 3P (A15YBOSC0EMOS0),False,3299.0,,0.0,True,True,97.0,2026-08-03T10:44:11.848967+00:00
B0BBL47VR5,FBA77116,Tonor,TC40S,1,A15YBOSC0EMOS0,Other 3P (A15YBOSC0EMOS0),True,3499.0,,0.0,True,True,97.0,2026-08-03T10:44:11.848967+00:00
B0BBL47VR5,FBA77116,Tonor,TC40S,2,A1WYWER0W24N8S,Other 3P (A1WYWER0W24N8S),True,3567.0,,0.0,True,True,91.0,2026-08-03T10:44:11.848967+00:00
B09Z5Q194D,FBA77103,Tonor,ORCA001,1,A15YBOSC0EMOS0,Other 3P (A15YBOSC0EMOS0),True,3799.0,,0.0,True,True,97.0,2026-08-03T10:44:11.848967+00:00
B09Z5Q194D,FBA77103,Tonor,ORCA001,2,A1WYWER0W24N8S,Other 3P (A1WYWER0W24N8S),True,3873.0,,0.0,True,True,91.0,2026-08-03T10:44:11.848967+00:00
B083LPYPS9,FBA77112,Tonor,K20,1,A2BWJVKSWP7TR2,Other 3P (A2BWJVKSWP7TR2),True,77782.0,,0.0,False,False,36.0,2026-08-03T10:44:11.848967+00:00
B0BG8CJXHH,FBA79575,Tonor,TC30+,1,A1WYWER0W24N8S,Other 3P (A1WYWER0W24N8S),True,2267.19,,0.0,True,True,91.0,2026-08-03T10:44:11.848967+00:00
B0BRCR2QQ7,FBA79576,Tonor,TC30S+,1,A15YBOSC0EMOS0,Other 3P (A15YBOSC0EMOS0),True,2799.0,,0.0,True,True,97.0,2026-08-03T10:44:11.848967+00:00
B0BRCR2QQ7,FBA79576,Tonor,TC30S+,2,A1WYWER0W24N8S,Other 3P (A1WYWER0W24N8S),False,2855.0,,0.0,True,True,91.0,2026-08-03T10:44:11.848967+00:00
B0CSCT63BL,FBA79577,Tonor,TM310,1,A15YBOSC0EMOS0,Other 3P (A15YBOSC0EMOS0),True,2399.0,,0.0,True,True,97.0,2026-08-03T10:44:11.848967+00:00
B0CSCT63BL,FBA79577,Tonor,TM310,2,A1WYWER0W24N8S,Other 3P (A1WYWER0W24N8S),False,2448.0,,0.0,True,True,91.0,2026-08-03T10:44:11.848967+00:00
B0CCVBQRFX,FBA79582,Tonor,TD510+,1,A1WYWER0W24N8S,Other 3P (A1WYWER0W24N8S),True,9399.0,,0.0,True,True,91.0,2026-08-03T10:44:11.848967+00:00
B0CCVBQRFX,FBA79582,Tonor,TD510+,2,A2BWJVKSWP7TR2,Other 3P (A2BWJVKSWP7TR2),False,16683.0,,0.0,False,False,36.0,2026-08-03T10:44:11.848967+00:00
B0CFKHCQ8W,FBA79585,Tonor,T20LP,1,A15YBOSC0EMOS0,Other 3P (A15YBOSC0EMOS0),True,2099.0,,0.0,True,True,97.0,2026-08-03T10:44:11.848967+00:00
B0CFKHCQ8W,FBA79585,Tonor,T20LP,2,A1WYWER0W24N8S,Other 3P (A1WYWER0W24N8S),False,2617.0,,0.0,True,True,91.0,2026-08-03T10:44:11.848967+00:00
B0CPFS24ML,FBA79167,White Mulberry,WM-GD07-CB,1,A1ZU4WONN0SD3K,Other 3P (A1ZU4WONN0SD3K),True,8399.0,,0.0,True,True,98.0,2026-08-03T10:44:11.848967+00:00
B0BFWD6SNF,FBA76415,White Mulberry,WM-LOD-CF,1,A1ZU4WONN0SD3K,Other 3P (A1ZU4WONN0SD3K),True,8297.0,,0.0,True,True,98.0,2026-08-03T10:44:11.848967+00:00
B0BFW59TRG,FBA76416,White Mulberry,WM-LOD-BK,1,A1ZU4WONN0SD3K,Other 3P (A1ZU4WONN0SD3K),False,8297.0,,0.0,True,True,98.0,2026-08-03T10:44:11.848967+00:00
B0BFVMDJ2K,FBA76417,White Mulberry,WM-LOD-WH,1,A1ZU4WONN0SD3K,Other 3P (A1ZU4WONN0SD3K),True,8299.0,,0.0,True,True,98.0,2026-08-03T10:44:11.848967+00:00
B0BFVNS8HS,FBA76418,White Mulberry,WM-LOD-IN,1,A1ZU4WONN0SD3K,Other 3P (A1ZU4WONN0SD3K),False,8299.0,,0.0,True,True,98.0,2026-08-03T10:44:11.848967+00:00
B0CPT2NY5M,FBA79178,White Mulberry,WM-SE08-WH,1,A1ZU4WONN0SD3K,Other 3P (A1ZU4WONN0SD3K),False,14309.0,,0.0,True,True,98.0,2026-08-03T10:44:11.848967+00:00
B0CPT3Q25C,FBA79179,White Mulberry,WM-SE08-CF,1,A1ZU4WONN0SD3K,Other 3P (A1ZU4WONN0SD3K),False,15001.0,,0.0,True,True,98.0,2026-08-03T10:44:11.848967+00:00
B0DP2WC5VW,FBA79612,White Mulberry,WM1ML,1,A15YBOSC0EMOS0,Other 3P (A15YBOSC0EMOS0),True,3299.0,,0.0,True,True,97.0,2026-08-03T10:44:11.848967+00:00
B0DP2VVRND,FBA79613,White Mulberry,MS1ML,1,A15YBOSC0EMOS0,Other 3P (A15YBOSC0EMOS0),True,2099.0,,0.0,True,True,97.0,2026-08-03T10:44:11.848967+00:00
B0DP2VVRND,FBA79613,White Mulberry,MS1ML,2,AJ6SIZC8YQDZX,Other 3P (AJ6SIZC8YQDZX),False,1999.0,,0.0,True,True,80.0,2026-08-03T10:44:11.848967+00:00
B0DP2Z5DQ9,FBA79615,White Mulberry,VLMS1ML,1,A15YBOSC0EMOS0,Other 3P (A15YBOSC0EMOS0),True,2799.0,,0.0,True,True,97.0,2026-08-03T10:44:11.848967+00:00
B0DP32F346,FBA79617,White Mulberry,HDWF1ML,1,A15YBOSC0EMOS0,Other 3P (A15YBOSC0EMOS0),True,3199.0,,0.0,True,True,97.0,2026-08-03T10:44:11.848967+00:00
B0DP32F346,FBA79617,White Mulberry,HDWF1ML,2,AJ6SIZC8YQDZX,Other 3P (AJ6SIZC8YQDZX),False,3099.0,,0.0,True,True,80.0,2026-08-03T10:44:11.848967+00:00
B0DP32F346,FBA79617,White Mulberry,HDWF1ML,3,A1ZU4WONN0SD3K,Other 3P (A1ZU4WONN0SD3K),False,3149.0,,0.0,True,True,98.0,2026-08-03T10:44:11.848967+00:00
B0DB5VG39T,FBA79476,White Mulberry,WM-GS1M-BK,1,AJ6SIZC8YQDZX,Other 3P (AJ6SIZC8YQDZX),True,2749.0,,0.0,True,True,80.0,2026-08-03T10:44:11.848967+00:00
B0DB5VG39T,FBA79476,White Mulberry,WM-GS1M-BK,2,A15YBOSC0EMOS0,Other 3P (A15YBOSC0EMOS0),False,2849.0,,0.0,True,True,97.0,2026-08-03T10:44:11.848967+00:00
B0DB5VVPSB,FBA79477,White Mulberry,WM-GS2M-BK,1,AJ6SIZC8YQDZX,Other 3P (AJ6SIZC8YQDZX),True,4299.0,,0.0,True,True,80.0,2026-08-03T10:44:11.848967+00:00
B0DB5VVPSB,FBA79477,White Mulberry,WM-GS2M-BK,2,A15YBOSC0EMOS0,Other 3P (A15YBOSC0EMOS0),False,4399.0,,0.0,True,True,97.0,2026-08-03T10:44:11.848967+00:00
B0DB5W4TCP,FBA79478,White Mulberry,WM-HA1M-BK,1,AJ6SIZC8YQDZX,Other 3P (AJ6SIZC8YQDZX),True,1649.0,,0.0,True,True,80.0,2026-08-03T10:44:11.848967+00:00
B0DB5W4TCP,FBA79478,White Mulberry,WM-HA1M-BK,2,A15YBOSC0EMOS0,Other 3P (A15YBOSC0EMOS0),False,1749.0,,0.0,True,True,97.0,2026-08-03T10:44:11.848967+00:00
B0DB5YTQZV,FBA79479,White Mulberry,WM-HA2M-BK,1,A15YBOSC0EMOS0,Other 3P (A15YBOSC0EMOS0),True,2199.0,,0.0,True,True,97.0,2026-08-03T10:44:11.848967+00:00
B0DB5YTQZV,FBA79479,White Mulberry,WM-HA2M-BK,2,AJ6SIZC8YQDZX,Other 3P (AJ6SIZC8YQDZX),False,1999.0,,0.0,True,True,80.0,2026-08-03T10:44:11.848967+00:00
B0FN4JG97R,FBK79792,White Mulberry,HDMSP1ML,1,A15YBOSC0EMOS0,Other 3P (A15YBOSC0EMOS0),True,5499.0,,0.0,True,True,97.0,2026-08-03T10:44:11.848967+00:00
B0FN4FHH5Y,FBK79784,White Mulberry,POS2M,1,A15YBOSC0EMOS0,Other 3P (A15YBOSC0EMOS0),True,5499.0,,0.0,True,True,97.0,2026-08-03T10:44:11.848967+00:00
B0FN4FPJ83,FBK79786,White Mulberry,POSS-01,1,A15YBOSC0EMOS0,Other 3P (A15YBOSC0EMOS0),True,1999.0,,0.0,True,True,97.0,2026-08-03T10:44:11.848967+00:00
B0FN4HDM6Z,FBK79791,White Mulberry,TVFM1ML,1,A15YBOSC0EMOS0,Other 3P (A15YBOSC0EMOS0),True,1799.0,,0.0,True,True,97.0,2026-08-03T10:44:11.848967+00:00
B0FN4GQ9HT,FBK79787,White Mulberry,TVCF1ML,1,A15YBOSC0EMOS0,Other 3P (A15YBOSC0EMOS0),True,599.0,,0.0,True,True,97.0,2026-08-03T10:44:11.848967+00:00
B0FN4DSQ6P,FBK79789,White Mulberry,TVMF1ML,1,A15YBOSC0EMOS0,Other 3P (A15YBOSC0EMOS0),True,649.0,,0.0,True,True,97.0,2026-08-03T10:44:11.848967+00:00
B0GW8Z556N,FBA79996,Audio Array,AM-C49,1,A28KGDTB760OU9,Other 3P (A28KGDTB760OU9),True,899.0,,0.0,True,True,100.0,2026-08-03T10:44:11.848967+00:00
B0GW8Z556N,FBA79996,Audio Array,AM-C49,2,A1WYWER0W24N8S,Other 3P (A1WYWER0W24N8S),False,1090.0,,0.0,True,True,91.0,2026-08-03T10:44:11.848967+00:00
B0GW8VBCBL,FBA79995,Audio Array,AM-C50,1,A28KGDTB760OU9,Other 3P (A28KGDTB760OU9),True,899.0,,0.0,True,True,100.0,2026-08-03T10:44:11.848967+00:00
B0GW8VBCBL,FBA79995,Audio Array,AM-C50,2,A1WYWER0W24N8S,Other 3P (A1WYWER0W24N8S),False,1306.0,,0.0,True,True,91.0,2026-08-03T10:44:11.848967+00:00
B0GW8ZQRFK,FBA80010,Audio Array,AM-C52,1,A28KGDTB760OU9,Other 3P (A28KGDTB760OU9),True,1599.0,,0.0,True,True,100.0,2026-08-03T10:44:11.848967+00:00
B0GW8ZQRFK,FBA80010,Audio Array,AM-C52,2,A1WYWER0W24N8S,Other 3P (A1WYWER0W24N8S),False,1612.0,,0.0,True,True,91.0,2026-08-03T10:44:11.848967+00:00
B0GGHZWMVW,FBA79971,Nexlev,SP-01,1,AVYXL4PPA4XRV,Other 3P (AVYXL4PPA4XRV),True,11999.0,,0.0,True,True,88.0,2026-08-03T10:44:11.848967+00:00
B0GGHZWMVW,FBA79971,Nexlev,SP-01,2,A15YBOSC0EMOS0,Other 3P (A15YBOSC0EMOS0),False,12299.0,,0.0,True,True,97.0,2026-08-03T10:44:11.848967+00:00
B0GN8WW6BC,FBA79993,Nexlev,ST-03,1,AVYXL4PPA4XRV,Other 3P (AVYXL4PPA4XRV),True,13999.0,,0.0,True,True,88.0,2026-08-03T10:44:11.848967+00:00
B0GN8WW6BC,FBA79993,Nexlev,ST-03,2,A15YBOSC0EMOS0,Other 3P (A15YBOSC0EMOS0),False,14499.0,,0.0,True,True,97.0,2026-08-03T10:44:11.848967+00:00
B0GN86G345,FBA79989,Nexlev,CAP-05,1,AVYXL4PPA4XRV,Other 3P (AVYXL4PPA4XRV),True,2499.0,,0.0,True,True,88.0,2026-08-03T10:44:11.848967+00:00
B0GN86G345,FBA79989,Nexlev,CAP-05,2,A15YBOSC0EMOS0,Other 3P (A15YBOSC0EMOS0),False,2537.0,,0.0,True,True,97.0,2026-08-03T10:44:11.848967+00:00
B0GXPBHDRF,FBA80085,Audio Array,M6,1,A28KGDTB760OU9,Other 3P (A28KGDTB760OU9),True,6999.0,,0.0,True,True,100.0,2026-08-03T10:44:11.848967+00:00
B0GXPBHDRF,FBA80085,Audio Array,M6,2,A1WYWER0W24N8S,Other 3P (A1WYWER0W24N8S),True,7046.0,,0.0,True,True,91.0,2026-08-03T10:44:11.848967+00:00
B0GXP97CZG,FBA80084,Audio Array,BE-4,1,A1WYWER0W24N8S,Other 3P (A1WYWER0W24N8S),True,3827.0,,0.0,True,True,91.0,2026-08-03T10:44:11.848967+00:00
B0GXP97CZG,FBA80084,Audio Array,BE-4,2,A28KGDTB760OU9,Other 3P (A28KGDTB760OU9),False,3799.0,,0.0,True,True,100.0,2026-08-03T10:44:11.848967+00:00
B0H2ZCQFTZ,FBA80109,Audio Array,M5,1,A28KGDTB760OU9,Other 3P (A28KGDTB760OU9),True,17999.0,,0.0,True,True,100.0,2026-08-03T10:44:11.848967+00:00
B0FJS57732,FBM79783,Audio Array,AM-C47,1,A28KGDTB760OU9,Other 3P (A28KGDTB760OU9),True,2849.0,,0.0,True,True,100.0,2026-08-03T10:44:11.848967+00:00
B0FJS57732,FBA80141,Audio Array,AM-C47,1,A28KGDTB760OU9,Other 3P (A28KGDTB760OU9),True,2849.0,,0.0,True,True,100.0,2026-08-03T10:44:11.848967+00:00
B0GY827J9C,FBA80074,Audio Array,PB-15 (AH-50+AM-C2+AI-04),1,A28KGDTB760OU9,Other 3P (A28KGDTB760OU9),True,9999.0,,0.0,True,True,100.0,2026-08-03T10:44:11.848967+00:00
B0GY86ZT1X,FBA80077,Audio Array,PB-18 (AH-45-BK+AI-03+AM-C39),1,A28KGDTB760OU9,Other 3P (A28KGDTB760OU9),True,6999.0,,0.0,True,True,100.0,2026-08-03T10:44:11.848967+00:00
B0H2FCK54H,FBA80106,Audio Array,UB-06 (AM-S2+AA-22),1,A28KGDTB760OU9,Other 3P (A28KGDTB760OU9),True,10799.0,,0.0,True,True,100.0,2026-08-03T10:44:11.848967+00:00
B0H1H3K6B2,FBA80128,Audio Array,AI-13,1,A28KGDTB760OU9,Other 3P (A28KGDTB760OU9),True,2799.0,,0.0,True,True,100.0,2026-08-03T10:44:11.848967+00:00
B0H3LHF2WW,FBA80142,Audio Array,AM-C5 White,1,A28KGDTB760OU9,Other 3P (A28KGDTB760OU9),True,2499.0,,0.0,True,True,100.0,2026-08-03T10:44:11.848967+00:00
B0GYS6CJD9,FBA80113,Nexlev,SC-01_Mop_Cloth,1,AVYXL4PPA4XRV,Other 3P (AVYXL4PPA4XRV),True,299.0,,0.0,True,False,88.0,2026-08-03T10:44:11.848967+00:00
B0BVHZ5MKZ,FBK77102,Tonor,G11,1,A15YBOSC0EMOS0,Other 3P (A15YBOSC0EMOS0),True,2549.0,,0.0,True,False,97.0,2026-08-03T10:44:11.848967+00:00
B0GYSS16FJ,FBA80111,Nexlev,MR-01_Part,1,AVYXL4PPA4XRV,Other 3P (AVYXL4PPA4XRV),False,599.0,,0.0,True,True,88.0,2026-08-03T10:44:11.848967+00:00
