asin,buybox_price,amazon_1p_price,offer_count,error,sku,brand,model
B01ISNU3X4,1899.0,1899.0,2.0,,FBA77113,Tonor,K1
B07GVGMW59,,,,HTTP 429,FBK77102,Tonor,G11
B0BTCXQQ6M,2499.0,2499.0,2.0,,FBA79113,Tonor,TC310
B07WLWN2ZT,1999.0,1999.0,2.0,,FBA77101,Tonor,TC-777
B08CVP2HXP,2684.0,2684.0,1.0,,FBA77111,Tonor,TC30
B0BRKDLXCD,,,,HTTP 429,FBA79112,Tonor,T90
B0CQX3VB1R,2199.0,2199.0,2.0,,FBA79696,Tonor,TD310+
B0C8JDHLX9,,,,,FBA79115,Tonor,T10
B0CQX4K9P5,,,,HTTP 429,FBA79697,Tonor,TD310
B0CCV74CL7,2899.0,2899.0,2.0,,FBA79114,Tonor,TC310+
B0BYHHSLPC,2099.0,2099.0,2.0,,FBA79116,Tonor,TC-777 PRO
B08NDB5NWP,2999.0,2999.0,2.0,,FBA77110,Tonor,TM20
B0B4WTHLX5,,,,HTTP 429,FBA79574,Tonor,TC30S
B082W4B7SX,2852.0,2852.0,1.0,,FBA77106,Tonor,T20
B078WNW4YW,2599.0,2599.0,2.0,,FBA77117,Tonor,S20
B0BRKFP94K,,,,HTTP 429,FBA79111,Tonor,TD510
B0CFKZ72N7,7538.0,,3.0,,FBA79578,Tonor,D5
B089FVQD3Z,2799.0,2799.0,2.0,,FBA77105,Tonor,T30
B07JMYG6LF,,,,HTTP 429,FBA77100,Tonor,Q9
B089SJGQBH,4899.0,4899.0,1.0,,FBA77104,Tonor,TC20
B07TSN2H9D,,,,HTTP 429,FBA77114,Tonor,TC-2030
B08V1JS3NY,3299.0,3299.0,2.0,,FBA77115,Tonor,TC40
B0BBL47VR5,,,,HTTP 429,FBA77116,Tonor,TC40S
B09Z5Q194D,3799.0,3799.0,2.0,,FBA77103,Tonor,ORCA001
B083LPYPS9,77782.0,,1.0,,FBA77112,Tonor,K20
B0BGL16PJR,,,,HTTP 429,FBK78924,Tonor,K9
B0BGL16PJR,,,,HTTP 429,FBA78924,Tonor,K9
B0BG8CJXHH,2267.19,2267.19,1.0,,FBA79575,Tonor,TC30+
B0BRCR2QQ7,,,,HTTP 429,FBA79576,Tonor,TC30S+
B0CSCT63BL,2399.0,2399.0,2.0,,FBA79577,Tonor,TM310
B0CQX4GVSB,,,,,FBA79579,Tonor,D2
B0CCVBQRFX,9399.0,9399.0,1.0,,FBA79582,Tonor,TD510+
B0CFKHCQ8W,,,,HTTP 429,FBA79585,Tonor,T20LP
B0CH9JR3HL,,,,HTTP 429,FBA79586,Tonor,TRL-20
B0DTYHXMRQ,,,,HTTP 400,FBA79260,Tonor,G11
B0BVHZ5MKZ,,,,HTTP 429,FBK77102,Tonor,G11
