week,brand,model,sessions,units,gmv,buybox_pct,conversion_pct
5,audio array,AA-01,309,0.0,0.0,0.2242,0.0
5,audio array,AA-02,582,0.0,0.0,0.0028,0.0
5,audio array,AA-03,328,3.0,1195.7627118644068,0.04763333333333333,0.0091
5,audio array,AA-04,412,2.0,2964.406779661017,0.0035,0.0049
5,audio array,AA-05,2292,6.0,3333.0508474576272,0.06625,0.0026
5,audio array,AA-06,420,1.0,1058.4745762711866,0.04945,0.0024
5,audio array,AA-19,613,1.0,0.0,0.00455,0.0016
5,audio array,AA-19BL,599,3.0,12702.542372881357,0.1059,0.005
5,audio array,AA-19WL,590,0.0,0.0,0.08405,0.0
5,audio array,AA-20,158,2.0,1875.4237288135594,0.2694,0.0127
5,audio array,AA-21,3429,2.0,6269.491525423729,0.017366666666666666,0.0006
5,audio array,AA-22,531,0.0,0.0,0.057,0.0
5,audio array,AA-25,251,0.0,0.0,0.0031,0.0
5,audio array,AA-25M,218,8.0,5925.42372881356,1.0,0.0367
5,audio array,AA-26,1876,9.0,3816.949152542373,0.06965,0.0048
5,audio array,AC-3XL,226,0.0,0.0,0.0107,0.0
5,audio array,AC-6XL,198,4.0,1915.2542372881358,0.2008,0.0202
5,audio array,AH-40 SL,48,2.0,2266.1016949152545,0.6557,0.0417
5,audio array,AH-45 BK,1052,6.0,7987.28813559322,0.122,0.0057
5,audio array,AH-50,2714,41.0,67762.71186440678,0.4481,0.0151
5,audio array,AH-60 BL,405,1.0,1744.0677966101696,0.1644,0.0025
5,audio array,AH-60 RD,497,1.0,0.0,0.0472,0.002
5,audio array,AI-03,100,1.0,3402.542372881356,0.992,0.01
5,audio array,AI-04 RED,18954,3.0,7625.423728813559,0.0036666666666666666,0.0002
5,audio array,AI-06,1030,0.0,0.0,0.0404,0.0
5,audio array,AI-10,3210,0.0,0.0,0.0012000000000000001,0.0
5,audio array,AI-11,1814,3.0,3683.898305084746,0.0493,0.0017
5,audio array,AI-12,1124,3.0,3425.4237288135596,0.21993333333333331,0.0027
5,audio array,AI-13,86,0.0,0.0,1.0,0.0
5,audio array,AI-14,57,0.0,0.0,1.0,0.0
5,audio array,AM-C1,34960,5.0,9318.644067796611,0.014450000000000001,0.0001
5,audio array,AM-C10,436,1.0,3388.983050847458,0.0904,0.0023
5,audio array,AM-C11,331,0.0,0.0,0.101,0.0
5,audio array,AM-C11 PRO,24,0.0,0.0,0.0,0.0
5,audio array,AM-C11X,282,0.0,0.0,0.0438,0.0
5,audio array,AM-C11X PRO,128,0.0,0.0,0.0144,0.0
5,audio array,AM-C13,12,1.0,507.6271186440678,1.0,0.0833
5,audio array,AM-C2,861,1.0,3304.237288135593,0.016,0.0012
5,audio array,AM-C20,270,0.0,0.0,0.16255,0.0
5,audio array,AM-C27,30,0.0,0.0,0.5,0.0
5,audio array,AM-C28,585,3.0,4055.084745762712,0.1792,0.0051
5,audio array,AM-C29,18,0.0,0.0,0.5,0.0
5,audio array,AM-C3,528,1.0,761.8644067796611,0.07444999999999999,0.0019
5,audio array,AM-C30,33,0.0,0.0,0.0698,0.0
5,audio array,AM-C31,23,0.0,0.0,0.3333,0.0
5,audio array,AM-C32,6,0.0,0.0,1.0,0.0
5,audio array,AM-C33,10,1.0,380.5084745762712,0.5,0.1
5,audio array,AM-C36,3,0.0,0.0,1.0,0.0
5,audio array,AM-C37,20,0.0,0.0,0.0,0.0
5,audio array,AM-C39,578,0.0,0.0,0.0014,0.0
5,audio array,AM-C3A,906,0.0,0.0,0.0248,0.0
5,audio array,AM-C4,229,3.0,3388.135593220339,0.3074,0.0131
5,audio array,AM-C40,143,0.0,0.0,0.0681,0.0
5,audio array,AM-C41,682,10.0,11010.169491525425,0.45615,0.0147
5,audio array,AM-C42,277,4.0,8132.203389830509,0.584,0.0144
5,audio array,AM-C43,5058,0.0,0.0,0.0007,0.0
5,audio array,AM-C44,802,0.0,0.0,0.00675,0.0
5,audio array,AM-C44 PRO,169,2.0,8981.35593220339,0.3013,0.0118
5,audio array,AM-C45,1186,1.0,3053.389830508475,0.00265,0.0008
5,audio array,AM-C45 PRO,137,1.0,3473.728813559322,0.2848,0.0073
5,audio array,AM-C46,5668,0.0,0.0,0.0009,0.0
5,audio array,AM-C47,159,0.0,0.0,0.2021,0.0
5,audio array,AM-C48,252,3.0,8387.28813559322,0.8997,0.0119
5,audio array,AM-C5,982,2.0,4040.6779661016953,0.022166666666666668,0.002
5,audio array,AM-C6,245,1.0,1694.0677966101696,0.3366,0.0041
5,audio array,AM-C7,337,3.0,5590.677966101695,0.9978,0.0089
5,audio array,AM-K1,88,1.0,8473.728813559323,0.9655,0.0114
5,audio array,AM-MIX10,46,0.0,0.0,1.0,0.0
5,audio array,AM-MIX4 OTG,18,0.0,0.0,1.0,0.0
5,audio array,AM-MIX6,32,0.0,0.0,1.0,0.0
5,audio array,AM-MIX8,34,0.0,0.0,1.0,0.0
5,audio array,AM-PRO12,30,0.0,0.0,1.0,0.0
5,audio array,AM-S1,7551,0.0,0.0,0.5253,0.0
5,audio array,AM-W10,0,0.0,0.0,0.0,0.0
5,audio array,AM-W11,64,2.0,3811.8644067796613,1.0,0.0312
5,audio array,AM-W12,243,0.0,0.0,0.1155,0.0
5,audio array,AM-W13,224,3.0,3388.135593220339,0.3694,0.0134
5,audio array,AM-W14,74,1.0,5507.627118644068,1.0,0.0135
5,audio array,AM-W15,20,0.0,0.0,0.5,0.0
5,audio array,AM-W16,444,2.0,1143.2203389830509,0.0625,0.0045
5,audio array,AM-W17,432,2.0,3008.4745762711864,0.23255,0.0046
5,audio array,AM-W18,3188,0.0,0.0,0.00025,0.0
5,audio array,AM-W19,664,2.0,3388.135593220339,0.4447666666666667,0.003
5,audio array,AM-W20,59,1.0,0.0,0.84335,0.0169
5,audio array,AM-W21,198,0.0,0.0,0.32775,0.0
5,audio array,AM-W22,2126,0.0,0.0,0.06665,0.0
5,audio array,AM-W23,8,1.0,2541.5254237288136,1.0,0.125
5,audio array,AM-W24,10,0.0,0.0,1.0,0.0
5,audio array,AM-W32,532,0.0,0.0,0.0029,0.0
5,audio array,AM-W33,748,0.0,0.0,0.104,0.0
5,audio array,AM-W34,1016,1.0,3007.627118644068,0.1503,0.001
5,audio array,AM-W35,2362,0.0,0.0,0.12869999999999998,0.0
5,audio array,AM-W36,4100,1.0,4956.77966101695,0.024249999999999997,0.0002
5,audio array,AM-W45,304,0.0,0.0,0.0457,0.0
5,audio array,AM-W46,181,0.0,0.0,0.1307,0.0
5,audio array,AM-W47 WIRED,40,1.0,1100.8474576271187,1.0,0.025
5,audio array,AM-W47 WIRELESS,16,0.0,0.0,0.8824,0.0
5,audio array,GB-01 (AM-C43 +AI-10),744,0.0,0.0,0.6675,0.0
5,audio array,GB-02 (AM-C43 + AI-11),299,1.0,3304.237288135593,0.554,0.0033
5,audio array,GB-03 (AI-12 + AM-C43),202,0.0,0.0,0.7465,0.0
5,audio array,GB-04 (AM-C45 + AI-06),9,0.0,0.0,0.6667,0.0
5,audio array,GB-05 (AM-C43 + AI-06),135,0.0,0.0,0.0,0.0
5,audio array,KB-01 (AM-W32 + AI-12),64,0.0,0.0,0.4697,0.0
5,audio array,PB-01 (AM-C11 + AI-04),734,0.0,0.0,0.3702,0.0
5,audio array,PB-02 (AI-04 RED + AM-C11 + AA-05),23,0.0,0.0,0.0,0.0
5,audio array,PB-03 (AI-04 RED + AM-C11 X 2),0,0.0,0.0,0.0,0.0
5,audio array,PB-04 (AI-04 RED + AM-C44 X 2),887,1.0,11355.084745762713,0.6306,0.0011
5,audio array,PB-05 (AA-05 + AM-C11 + AI-04),43,0.0,0.0,1.0,0.0
5,audio array,PB-06 (AA-05 + AM-C44 + AI-04),95,0.0,0.0,0.0,0.0
5,audio array,PB-07 (AA-05 + AM-C45 + AI-04),16,0.0,0.0,0.5625,0.0
5,audio array,PB-09 (AM-C45 + AI-06 + AA-05),7,0.0,0.0,0.0,0.0
5,audio array,PB-10 (AM-C2+AI-04+AH-60-BL),1552,3.0,26181.35593220339,0.775,0.0019
5,audio array,PB-11 (AM-C44+AA-05+AH-45-BK),5,0.0,0.0,0.4,0.0
5,audio array,PB-12 (AM-C11+AA-05+AI-04+AH-60-RD),112,0.0,0.0,0.1163,0.0
5,audio array,SB-01,1157,5.0,5377.1186440677975,0.5327,0.0043
5,audio array,"UB-01 (AI-04, AM-S1, AA-21, AM-C2)",1458,0.0,0.0,0.5161,0.0
5,audio array,UB-02 (AM-S1 + AA-21),718,1.0,9999.152542372882,0.698,0.0014
5,audio array,UB-03 (AM-S1 + AA-22),775,6.0,47877.1186440678,0.9988,0.0077
5,nexlev,AP-01,120,0.0,0.0,0.5,0.0
5,nexlev,AP-01 HEPA,28,0.0,0.0,1.0,0.0
5,nexlev,AP-03,0,0.0,0.0,0.0,0.0
5,nexlev,BM-02,66,0.0,0.0,0.5,0.0
5,nexlev,BR-01,1411,38.0,45944.91525423729,0.8844000000000001,0.0269
5,nexlev,CF-01,104,1.0,1270.3389830508474,0.4576,0.0096
5,nexlev,CFM-02,108,0.0,0.0,0.9796,0.0
5,nexlev,CM-01-BL,298,4.0,4425.423728813559,0.373,0.0134
5,nexlev,CM-02-PR,696,5.0,4766.1016949152545,0.4988,0.0072
5,nexlev,CR-01,133,5.0004,3153.389830508475,0.44289999999999996,0.0376
5,nexlev,EA-01,1584,29.0,27512.71186440678,0.49945,0.0183
5,nexlev,EA-02,488,3.0,6907.627118644068,0.56335,0.0061
5,nexlev,EM-02,50,1.0,1694.0677966101696,0.9825,0.02
5,nexlev,ET-01-BK_N,1488,29.0,7268.644067796611,0.5296000000000001,0.0195
5,nexlev,ET-02-GN_N,327,20.0,4925.423728813559,0.9976,0.0612
5,nexlev,ET-03-BL_N,46,0.0,0.0,1.0,0.0
5,nexlev,ETC-04-WH,88,0.0,0.0,0.5,0.0
5,nexlev,ETC-05-PI,5,0.0,0.0,0.4,0.0
5,nexlev,ETC-07-WH,144,6.0,4062.71186440678,1.0,0.0417
5,nexlev,ETC-08-BL,63,1.0,626.271186440678,0.5,0.0159
5,nexlev,ETR-06,174,4.0,4064.406779661017,0.5,0.023
5,nexlev,FS-01,2410,9.0,13339.830508474577,0.5,0.0037
5,nexlev,GS-02,6112,66.0,115540.6779661017,0.5571,0.0108
5,nexlev,GS-04,42,1.0,1863.5593220338983,0.9388,0.0238
5,nexlev,GS-05,6818,29.0,45472.88135593221,0.49975,0.0043
5,nexlev,HB-01,13,1.0,2965.2542372881358,1.0,0.0769
5,nexlev,HD-01,54,0.0,0.0,0.0,0.0
5,nexlev,HM-01,74,0.0,0.0,0.0662,0.0
5,nexlev,HM-02,261,3.0,2371.1864406779664,1.0,0.0115
5,nexlev,HS-01,44,0.0,0.0,0.1607,0.0
5,nexlev,HS-02,98,0.0,0.0,0.53555,0.0
5,nexlev,HSB-03,3426,27.0,43483.898305084746,0.49745,0.0079
5,nexlev,HSB-04,4360,25.0,42694.06779661017,0.49385,0.0057
5,nexlev,HU-01,308,1.0004,18.64406779661017,0.25283333333333335,0.0032
5,nexlev,HU-02,200,2.0,3557.627118644068,0.48485,0.01
5,nexlev,KE-01,1544,9.0,10375.42372881356,0.5,0.0058
5,nexlev,KE-02,1590,9.0,9485.593220338984,0.5,0.0057
5,nexlev,KE-03,16,0.0,0.0,0.5,0.0
5,nexlev,KM-01,276,5.0003,6347.457627118644,0.44637499999999997,0.0181
5,nexlev,LE-02,8244,5.0,8470.338983050848,0.49885,0.0006
5,nexlev,LE-03,264,0.0,0.0,0.4784,0.0
5,nexlev,LE-04,218,2.0,2616.9491525423728,0.09649999999999999,0.0092
5,nexlev,LR-01,185,4.0,2943.220338983051,0.9954,0.0216
5,nexlev,LR-01 SET OF 2 BLADES,72,0.0,0.0,1.0,0.0
5,nexlev,LR-02,950,27.0,33232.20338983051,0.4992,0.0284
5,nexlev,LR-02 SET OF 2 BLADES,63,2.0,805.0847457627119,1.0,0.0317
5,nexlev,LR-03,1580,89.0,23937.288135593222,0.5,0.0563
5,nexlev,MC-01,2446,7.0,3553.389830508475,0.5,0.0029
5,nexlev,MF-01,31,0.0,0.0,1.0,0.0
5,nexlev,MG-01,8,0.0,0.0,1.0,0.0
5,nexlev,MGC-03,9,1.0,1668.6440677966102,1.0,0.1111
5,nexlev,MGS-02,6,0.0,0.0,1.0,0.0
5,nexlev,MM-01,71,0.0,0.0,0.9888,0.0
5,nexlev,MR-01,52405,47.0051,103407.62711864407,0.32583333333333336,0.0009
5,nexlev,MR-02,11446,16.0,46376.27118644068,0.55375,0.0014
5,nexlev,NP-01,10,0.0,0.0,0.5,0.0
5,nexlev,NP-02,6,0.0,0.0,1.0,0.0
5,nexlev,NP-03,8,0.0,0.0,0.5,0.0
5,nexlev,NP-06,13,0.0,0.0,1.0,0.0
5,nexlev,NP-07,20,0.0,0.0,0.5,0.0
5,nexlev,PB-01,870,7.0,11181.35593220339,0.5,0.008
5,nexlev,PM-02,3,0.0,0.0,1.0,0.0
5,nexlev,SC-01,11834,38.0,104208.4745762712,0.49905,0.0032
5,nexlev,SC-02,0,0.0,0.0,0.0,0.0
5,nexlev,SC-03,1410,3.0,18302.54237288136,0.49875,0.0021
5,nexlev,SC-04,10608,29.0,132283.05084745763,0.4985,0.0027
5,nexlev,SC-05,14124,51.0,120382.20338983051,0.49874999999999997,0.0036
5,nexlev,SC-05 SC-05 - SET OF SPARES,3,0.0,0.0,1.0,0.0
5,nexlev,SM-01,2852,6.0,20333.898305084746,0.49115000000000003,0.0021
5,nexlev,SPM-01,56,0.0,0.0,0.9831,0.0
5,nexlev,SPM-01 SET OF 2 MOPS,9,0.0,0.0,1.0,0.0
5,nexlev,SPM-01(NEW),350,0.0014,66.94915254237289,0.4858,0.0
5,nexlev,SS-01(NEW),446,1.0,2117.7966101694915,0.49585,0.0022
5,nexlev,SS-02,424,4.0,7222.033898305085,0.5,0.0094
5,nexlev,SS-02 SET OF SPARES,10,0.0,0.0,1.0,0.0
5,nexlev,ST-01,7780,15.0,73716.10169491525,0.49945,0.0019
5,nexlev,SW-01,2804,48.0,43140.67796610169,0.5,0.0171
5,nexlev,T-01,246,0.0,0.0,0.0196,0.0
5,nexlev,T-02,136,0.0,0.0,0.0253,0.0
5,nexlev,TI-01,20,0.0,0.0,0.5,0.0
5,nexlev,TI-02,86,0.0,0.0,0.5,0.0
5,nexlev,TIC-04,43,0.0,0.0,1.0,0.0
5,nexlev,TM-01,80,0.0,0.0,0.24,0.0
5,nexlev,TM-02,250,3.0,5107.627118644068,0.34155,0.012
5,nexlev,TM-03,80,1.0,888.9830508474577,0.5,0.0125
5,nexlev,TM-04,11,0.0,0.0,0.0,0.0
5,nexlev,TM-05,18,0.0,0.0,0.9677,0.0
5,nexlev,V-01,692,3.0,3556.7796610169494,0.48495,0.0043
5,nexlev,V-01 RG,1693,12.0007,12755.932203389832,0.3253,0.0071
5,nexlev,V-02,288,1.0,2065.2542372881358,0.9881,0.0035
5,nexlev,V-03,5666,74.0,126412.7118644068,0.49944999999999995,0.0131
5,nexlev,VC-01,6911,38.0032,53622.03389830509,0.3242,0.0055
5,nexlev,VC-02,0,0.0,0.0,0.0,0.0
5,nexlev,VC-03,92,1.0,1694.0677966101696,0.4915,0.0109
5,nexlev,VC-04,180,2.0,4235.593220338983,0.5,0.0111
5,nexlev,VC-05,1954,2.0,3896.6101694915255,0.49915000000000004,0.001
5,nexlev,VC-06,0,0.0,0.0,0.0,0.0
5,tonor,G11,218,4.0,8640.677966101695,0.4122,0.0183
5,tonor,K1,1309,5.0,7622.881355932203,0.1017,0.0038
5,tonor,ORCA001,73,0.0,0.0,0.0,0.0
5,tonor,S20,182,0.0,0.0,0.0159,0.0
5,tonor,T20,155,4.0,8132.203389830509,0.1005,0.0258
5,tonor,T20LP,236,7.0,11181.35593220339,0.986,0.0297
5,tonor,T30,81,1.0,2456.7796610169494,0.6863,0.0123
5,tonor,TC-2030,0,0.0,0.0,0.0,0.0
5,tonor,TC-777,451,0.0,0.0,0.1092,0.0
5,tonor,TC-777 PRO,449,0.0,0.0,0.1025,0.0
5,tonor,TC30,392,0.0,0.0,0.053,0.0
5,tonor,TC30S,42,0.0,0.0,0.0159,0.0
5,tonor,TC30S+,27,0.0,0.0,0.1563,0.0
5,tonor,TC310,1198,2.0,4235.593220338983,0.0259,0.0017
5,tonor,TC310+,597,0.0,0.0,0.025,0.0
5,tonor,TC40,26,0.0,0.0,1.0,0.0
5,tonor,TC40S,17,0.0,0.0,1.0,0.0
5,tonor,TD310,0,0.0,0.0,0.0,0.0
5,tonor,TD310+,349,1.0,1609.322033898305,0.1481,0.0029
5,tonor,TD510,355,0.0,0.0,0.0944,0.0
5,tonor,TM20,173,4.0,10166.101694915254,0.975,0.0231
5,tonor,TM310,173,0.0,0.0,0.9333,0.0
5,tonor,TRL-20,5,2.0,4405.084745762712,1.0,0.4
5,white mulberry,HD1ML,39,0.0,0.0,0.0,0.0
5,white mulberry,HDGS1ML,24,1.0,6771.186440677967,1.0,0.0417
5,white mulberry,HDMSP1ML,162,2.0,4660.169491525424,1.0,0.0123
5,white mulberry,HDWF1ML,604,7.0,19250.0,0.3272,0.0116
5,white mulberry,MS1ML,1313,1.0,1770.3389830508474,0.0365,0.0008
5,white mulberry,MS2ML,17,1.0,2334.7457627118647,1.0,0.0588
5,white mulberry,NAN,206,16.0,10792.372881355932,1.0,0.0777
5,white mulberry,POS2M,38,0.0,0.0,0.5355,0.0
5,white mulberry,POSS-01,48,2.0,3489.8305084745766,1.0,0.0417
5,white mulberry,TVCF1ML,421,11.0,7914.406779661017,1.0,0.0261
5,white mulberry,TVCT1ML,821,51.0,25006.77966101695,0.9982,0.0621
5,white mulberry,TVFM1ML,578,5.0,9741.525423728814,1.0,0.0087
5,white mulberry,TVMF1ML,190,9.0,5712.71186440678,1.0,0.0474
5,white mulberry,VLMS1ML,480,10.0,25144.067796610172,1.0,0.0208
5,white mulberry,WM-GD07-CB,23182,75.0,463141.56779661024,0.4995,0.0032
5,white mulberry,WM-GS1M-BK,1349,0.0,0.0,0.0176,0.0
5,white mulberry,WM-HA1M-BK,447,9.0,13332.203389830509,0.8698,0.0201
5,white mulberry,WM-LOD-BK,518,6.0,42706.77966101695,0.9086,0.0116
5,white mulberry,WM-LOD-CF,1692,9.0,64060.16949152543,0.7463,0.0053
5,white mulberry,WM-LOD-IN,775,8.0,49824.576271186445,0.4768,0.0103
5,white mulberry,WM-LOD-WH,934,3.0,14235.593220338984,0.469,0.0032
5,white mulberry,WM-LODN-WH,149,0.0,0.0,0.3269,0.0
5,white mulberry,WM-MDL-BK,258,0.0,0.0,0.7923,0.0
5,white mulberry,WM-MDL-WH,268,3.0,38138.135593220344,0.8353,0.0112
5,white mulberry,WM-MH05P-BK,156,0.0,0.0,0.3434,0.0
5,white mulberry,WM-MH05P-CF,2,0.0,0.0,1.0,0.0
5,white mulberry,WM-MH05P-WH,89,0.0,0.0,0.2857,0.0
5,white mulberry,WM-MODL-BBW,28,0.0,0.0,0.6923,0.0
5,white mulberry,WM-MODL-BK,75,1.0,13558.474576271186,0.325,0.0133
5,white mulberry,WM-MODL-WH,245,3.0,40675.42372881356,0.7868,0.0122
5,white mulberry,WM-SE08-BK,213,0.0,0.0,0.3227,0.0
5,white mulberry,WM-SE08-CF,353,1.0,13558.474576271186,0.8756,0.0028
5,white mulberry,WM-SE08-WH,136,1.0,13388.983050847459,0.8366,0.0074
5,white mulberry,WM-SEH04P-CF,7,0.0,0.0,1.0,0.0
5,white mulberry,WM-USE06-BK,9,1.0,19490.677966101695,0.5333,0.1111
5,white mulberry,WM-USE06-WH,0,0.0,0.0,0.0,0.0
5,white mulberry,WM1ML,613,12.0,30955.93220338983,0.9718,0.0196
