brand,sku,asin,model,category_l1,category_l2,product_name,latest_fob,nlc,dp,mrp,bau_deal_sp,bau_sp_mop,gross_margin,gross_margin_pct,net_margin,net_margin_pct,total_stock,soh,am_soh,am_intransit
Audio Array,FBA75673,B0B4DPX2J2,AM-C1,Microphone,Condenser Mic with Boom Arm,AM-C1,11.0,,1217.42,4999,2699.0,2699.0,1069.86,39.64,149.14,5.53,8021,791,2172,1036
Audio Array,FBA76864,B0BPLZ5CGV,AI-04 Red,Audio Interface,4 Channel Audio Interface,AI-04 Red,18.0,,1851.08,9999,4398.0,4599.0,1876.04,42.66,517.6,11.77,3984,1210,813,380
Audio Array,FBA79482,B0DXFPM4N2,AM-S1,Speaker,Studio Monitor Speaker,AM-S1,32.85,,3807.32,12999,7999.0,8799.0,2971.5,37.15,467.78,5.85,1250,936,396,161
Audio Array,FBA79103,B0CM6NTWBP,AI-10,Audio Interface,Audio Interface,AI-10,11.5,,1182.63,6999,2749.0,3249.0,1147.03,41.73,250.31,9.11,1313,1130,185,30
Audio Array,FBA79816,B0FPR962YS,AM-W22,Microphone,Wireless Lapel Microphone,AM-W22,12.88,,1425.49,6499,2999.0,3599.0,1116.03,37.21,166.31,5.55,1037,869,236,0
Audio Array,FBA79005,B0CKHVHVQ1,AM-W45,Microphone,Wireless Conference Microphone,AM-W45,21.7,,2401.65,9999,4990.0,4999.0,1827.17,36.62,235.02,4.71,2485,8,401,205
Audio Array,FBA79380,B0D3M1B4Z8,AM-C46,Microphone,RGB Condenser Mic with Boom Arm,AM-C46,15.5,,1715.46,7999,3599.0,3549.0,1334.54,37.08,161.82,4.5,1950,1721,230,22
Audio Array,FBA78975,B0CF5TCQKL,AA-21,Speaker Accessories,Speaker Stand,AA-21,12.8,,1416.64,7399,3799.0,3699.0,1802.85,47.46,474.13,12.48,704,2,172,161
Audio Array,FBA79815,B0FPR7VFCH,AM-W19,Microphone,Wireless Lapel Microphone,AM-W19,8.89,,983.9,3999,2199.0,1999.0,879.66,40.0,153.94,7.0,266,209,164,0
Audio Array,FBA79379,B0D3LZWTHV,AM-C45,Microphone,RGB Dynamic Microphone,AM-C45,15.5,,1715.46,7499,3499.0,3499.0,1249.79,35.72,143.07,4.09,763,713,85,48
Audio Array,FBA79011,B0CH4RNWJX,AM-C43,Microphone,XLR Condenser Microphone Kit - Boomarm,AM-C43,10.0,,1106.75,5999,2499.0,2499.0,1011.05,40.46,146.33,5.86,1237,15,164,27
Audio Array,FBA79446,B0DFMMTWLY,AM-W33,Microphone,Wireless UHF Microphone,AM-W33,9.16,,1013.78,3299,1799.0,1999.0,510.79,28.39,-119.93,-6.67,618,564,51,3
Audio Array,FBA79104,B0CM6NVLT9,AI-11,Audio Interface,Audio Interface,AI-11,6.5,,668.44,4999,1574.0,1549.0,665.45,42.28,115.73,7.35,516,366,175,90
Audio Array,FBA78973,B0CF5R3V95,AA-19,Microphone Accessories,Boom Arm,AA-19,15.0,,1660.12,8799,3799.0,3799.0,1559.37,41.05,422.65,11.13,780,60,296,229
Audio Array,FBA79106,B0CM9KJZWQ,AM-C44,Microphone,Dynamic Microphone,AM-C44,21.0,,2324.18,10999,5099.0,4799.0,1997.01,39.16,408.29,8.01,76,32,45,3
Audio Array,FBA79109,B0CM9HYVDM,AM-W18,Speaker,Karaoke Speaker With Mic,AM-W18,4.7,,544.73,2999,1299.0,1189.0,556.12,42.81,64.4,4.96,1734,1507,201,126
Audio Array,FBA75689,B0B4G59Y8W,AM-W13,Microphone,Wireless UHF Microphone,AM-W13,10.0,,1106.75,7999,1899.0,1999.0,502.57,26.47,-156.15,-8.22,255,214,52,2
Audio Array,FBA76862,B0BPLWW72Y,AM-C28,Microphone,Conference Microphone,AM-C28,6.8,,752.59,3399,1598.0,1549.0,601.65,37.65,45.21,2.83,2019,5,78,74
Audio Array,FBA79449,B0DFMNGFTD,AM-W36,Microphone,Wireless UHF Microphone,AM-W36,31.0,,3430.93,9999,5899.0,5799.0,1568.23,26.58,-248.49,-4.21,18,11,10,4
Audio Array,FBA75692,B0B4G1HPL5,AM-C11,Microphone,USB/XLR Dynamic Mic,AM-C11,23.0,,2545.53,10999,5199.0,4799.0,1860.41,35.78,244.69,4.71,30,2,26,5
Audio Array,FBA79355,B0D3M86SH1,AA-19BL,Microphone Accessories,RGB Boom Arm,AA-19BL,22.8,,2523.39,9999,4999.0,4999.0,1713.05,34.27,131.2,2.62,86,33,73,11
Audio Array,FBA79654,B0DN6MNS1X,AM-C11 Pro,Bundles,Bundles,AM-C11 Pro,23.0,,2545.53,9999,5499.0,5199.0,2114.64,38.46,496.92,9.04,1197,1128,78,0
Audio Array,FBA75677,B0B4KC7VBM,AM-C5,Microphone,Conference Microphone,AM-C5,10.0,,1106.75,5999,2499.0,2349.0,1011.05,40.46,184.33,7.38,1873,1747,200,142
Audio Array,FBA75681,B0B4FZS38V,AM-C7,Microphone,USB Microphone Kit - Boomarm,AM-C7,15.5,,1715.46,6999,2799.0,2199.0,656.57,23.46,-287.15,-10.26,20,19,1,0
Audio Array,FBA79356,B0D3Q2T5XX,AA-19WL,Microphone Accessories,RGB Boom Arm,AA-19WL,22.8,,2523.39,9999,4999.0,4999.0,1713.05,34.27,31.43,0.63,193,169,36,0
Audio Array,FBA75688,B0B4G763WS,AM-W12,Microphone,Wireless UHF Microphone,AM-W12,15.0,,1660.12,11999,3999.0,3999.0,1728.86,43.23,541.14,13.53,391,362,28,11
Audio Array,FBA75690,B0B4K87PR4,AM-C10,Microphone,Conference Microphone,AM-C10,18.0,,1992.15,6999,4199.0,3999.0,1566.32,37.3,263.6,6.28,489,446,84,80
Audio Array,FBA79105,B0CM6WH4ZT,AI-12,Audio Interface,Audio Interface,AI-12,5.2,,534.75,3999,1349.0,1449.0,608.47,45.1,121.75,9.02,1644,524,127,6
Audio Array,FBA75674,B0B4G19R58,AM-C2,Microphone,XLR Condenser Microphone Kit - Boomarm,AM-C2,15.5,,1715.46,8999,3999.0,3799.0,1673.52,41.85,355.8,8.9,787,121,126,82
Audio Array,FBA76863,B0BPM2T7BQ,AI-03,Audio Interface,Audio Interface,AI-03,18.0,,1851.08,10999,3999.0,3899.0,1537.91,38.46,291.19,7.28,180,139,62,38
Audio Array,FBA79813,B0FG88HVQ8,AH-50,Headphone,DJ Headphone,AH-50,8.8,,1019.92,3499,2199.0,1999.0,843.64,38.36,99.92,4.54,3826,108,741,71
Audio Array,FBA79839,B0FQBXS6Y2,AH-45 BK,Headphone,DJ Headphone,AH-45 BK,4.5,,521.55,2499,1499.0,1549.0,748.79,49.95,168.07,11.21,2384,627,222,39
Audio Array,FBA78976,B0CF5SHL15,AA-22,Speaker Accessories,Speaker Stand,AA-22,12.8,,1416.64,7399,3499.0,3699.0,1548.61,44.26,304.89,8.71,333,276,67,0
Audio Array,FBA76723,B0BLKF46QG,AM-C20,Microphone,USB Microphone Kit - Tripod,AM-C20,9.52,,1053.63,3999,1499.0,1349.0,216.71,14.46,-397.96,-26.55,4,0,4,0
Audio Array,FBA79838,B0FQBX8J17,AH-40 SL,Headphone,DJ Headphone,AH-40 SL,3.5,,405.65,1999,1199.0,1299.0,610.45,50.91,79.73,6.65,3572,1313,242,103
Audio Array,FBA79844,B0FN7DYB2M,PB-08 (AM-C1 + AI-04),Bundles,PB-08,PB-08 (AM-C1 + AI-04),29.0,,3209.57,"₹ 11,999.00",6999.0,,2721.78,38.89,497.06,7.1,1,0,1,0
Audio Array,FBA79694,B0DT6T6N6B,AA-26,Microphone Accessories,Microphone Stand,AA-26,2.0,,221.35,899,499.0,549.0,201.53,40.39,-2.23,-0.45,3264,871,668,892
Audio Array,FBA78960,B0CBCB82MT,AM-C39,Microphone,XLR Condenser Microphone Kit - Tripod,AM-C39,5.5,,608.71,3999,1599.0,1699.0,746.37,46.68,146.23,9.14,315,251,48,34
Audio Array,FBA75679,B0B4JRQP22,AA-02,Microphone Accessories,Sound Isolation Shield,AA-02,9.5,,1051.41,5999,2499.0,2499.0,1066.38,42.67,168.66,6.75,919,771,166,45
Audio Array,FBA79107,B0CM9P5CCK,AM-W17,Microphone,Wireless Lapel Microphone,AM-W17,8.0,,885.4,4999,1899.0,1749.0,723.92,38.12,73.71,3.88,1083,55,35,0
Audio Array,FBA79655,B0DN6PFWNK,AM-C44 Pro,Bundles,Bundles,AM-C44 Pro,24.0,,2656.2,9499,5799.0,5299.0,2258.21,38.94,556.49,9.6,26,4,37,8
Audio Array,FBA79841,B0FQBTRM28,AH-60 BL,Headphone,DJ Headphone,AH-60 BL,8.0,,927.2,3499,1999.0,1999.0,766.87,38.36,41.15,2.06,416,371,61,15
Audio Array,FBA75684,B0B4G7VWXD,AA-04,Microphone Accessories,Shock Mount,AA-04,6.6,,730.45,2999,1599.0,1699.0,624.63,39.06,49.91,3.12,269,193,87,56
Audio Array,FBA79008,B0CH4RT4P8,AI-06,Audio Interface,Audio Interface,AI-06,22.5,,2313.84,9999,3999.0,3499.0,1075.14,26.89,-172.58,-4.32,101,78,27,0
Audio Array,FBA79445,B0DFMLS8JG,AM-W32,Microphone,Wireless UHF Microphone,AM-W32,16.62,,1839.42,6999,3899.0,3549.0,1464.82,37.57,246.1,6.31,1256,190,65,14
Audio Array,FBA76414,B0BLJVJ2GN,AA-05,Microphone Accessories,Boom Arm,AA-05,2.0,,221.35,1999,679.0,649.0,354.07,52.15,65.35,9.62,1586,1160,435,224
Audio Array,FBA75675,B0B4G8ZB64,AM-C3,Microphone,Wired Dynamic Mic,AM-C3,5.0,,553.38,2999,899.0,899.0,208.49,23.19,-36.79,-4.09,78,34,38,53
Audio Array,FBA79783,B0FF9R3GKK,AM-C47,Microphone,RGB Condenser Mic with Boom Arm,AM-C47,12.4,,1372.37,4999,2999.0,2999.0,1169.16,38.98,164.44,5.48,455,397,75,31
Audio Array,FBA79827,B0FJ8S5XJ8,PB-03 (AI-04 Red + AM-C11 x 2),Bundles,PB-03,PB-03 (AI-04 Red + AM-C11 x 2),64.0,,7083.2,"₹ 26,299.00",13999.0,13899.0,4780.36,34.15,562.69,4.02,19,0,25,0
Audio Array,FBA77171,B0CH4VCD6R,AC-6XL,Microphone Accessories,6m XLR to 6.35m Cable,AC-6XL,1.3,,143.88,999,499.0,549.0,279.0,55.91,14.83,2.97,1754,1516,218,195
Audio Array,FBA79653,B0DN6LJZBR,AM-C45 Pro,Bundles,Bundles,AM-C45 Pro,17.5,,1936.81,8999,4499.0,4099.0,1875.9,41.7,538.18,11.96,19,10,19,0
Audio Array,FBA79825,B0FJ2DT13L,GB-02 (AM-C43 + AI-11),Bundles,GB-02,GB-02 (AM-C43 + AI-11),16.5,,1826.14,"₹ 12,499.00",3899.0,3899.0,1478.1,37.91,87.43,2.24,14,1,22,18
Audio Array,FBA75687,B0B4G5ZLTB,AM-W11,Microphone,Wireless UHF Microphone,AM-W11,22.3,,2468.05,9999,2799.0,2299.0,-96.02,-3.43,-988.74,-35.32,501,0,1,0
Audio Array,FBA78974,B0CF5RRTDJ,AA-20,Microphone Accessories,Boom Arm,AA-20,8.1,,896.47,4999,2499.0,2149.0,1221.33,48.87,356.61,14.27,389,358,39,0
Audio Array,FBA75680,B0B4G1PXWV,AM-C6,Microphone,USB Microphone Kit - Tripod,AM-C6,14.0,,1549.45,5999,2599.0,1999.0,653.09,25.13,-201.63,-7.76,8,0,8,1
Audio Array,FBA79009,B0CH4PMR8K,AM-C41,Microphone,USB Microphone Kit - Tripod,AM-C41,8.0,,885.4,3999,1799.0,1649.0,639.18,35.53,67.46,3.75,132,97,63,8
Audio Array,FBA75676,B0B4DS678Q,AM-C4,Microphone,USB Microphone Kit - Tripod,AM-C4,13.0,,1438.78,5999,2499.0,1999.0,679.02,27.17,-148.7,-5.95,38,27,21,0
Audio Array,FBA76597,B0BQ7H7418,AA-06,Microphone Accessories,Boom Arm Kit,AA-06,4.3,,475.9,2999,1349.0,1299.0,667.32,49.47,129.6,9.61,1080,0,46,45
Audio Array,FBA79016,B0CH4R1V6S,AM-C3a,Microphone,Wired Dynamic Mic,AM-C3a,4.0,,442.7,1999,899.0,749.0,319.16,35.5,32.89,3.66,552,513,43,0
Audio Array,FBA79230,B0CX1XK5R6,AM-W46,Speaker,Microphone with Speaker,AM-W46,32.8,,3801.52,12999,5999.0,4799.0,1282.38,21.38,-590.34,-9.84,25,20,5,1
Audio Array,FBA79448,B0DFMKY4TT,AM-W35,Microphone,Wireless UHF Microphone,AM-W35,15.22,,1684.47,6499,3359.0,3199.0,1162.14,34.6,94.62,2.82,311,274,42,11
Audio Array,FBA79108,B0CM9L1QZG,AM-W16,Microphone,Wireless Lapel Microphone,AM-W16,5.8,,641.91,7999,1399.0,1399.0,543.68,38.86,41.96,3.0,95,30,75,1
Audio Array,FBA78961,B0CBCB9S14,AM-C40,Microphone,Condenser Mic with Boom Arm,AM-C40,24.0,,2656.2,8999,3499.0,2499.0,309.05,8.83,-868.67,-24.83,2,0,2,0
Audio Array,FBA79010,B0CH4T2BJD,AM-C42,Microphone,USB Microphone Kit - Boomarm,AM-C42,11.5,,1272.76,5999,2699.0,2399.0,1014.53,37.59,93.81,3.48,94,46,59,4
Audio Array,FBA79465,B0DFMQCGT1,AM-W21,Microphone,Wireless Lapel Microphone,AM-W21,21.5,,2379.51,7999,4099.0,3199.0,1094.22,26.69,-121.5,-2.96,23,0,29,0
Audio Array,FBA75678,B0B4G8PH2P,AA-01,Microphone Accessories,Boom Arm Kit,AA-01,9.0,,996.08,4999,2099.0,2199.0,782.74,37.29,30.02,1.43,366,334,41,10
Audio Array,FBA79708,B0FFB6YJM1,SB-01,Speaker,Sound Bar,SB-01,0.0,,0.0,,,1299.0,0.0,0.0,-166.0,0.0,1928,1670,321,170
Audio Array,FBA79840,B0FQBWV1ST,AH-60 RD,Headphone,DJ Headphone,AH-60 RD,8.0,,927.2,3499,1999.0,1999.0,766.87,38.36,41.15,2.06,477,437,65,15
Audio Array,FBA78925,B0CBC7QMNV,AM-C11X,Microphone,XLR Dynamic Mic,AM-C11X,17.0,,1881.47,7599,3699.0,3649.0,1253.27,33.88,56.55,1.53,129,102,18,0
Audio Array,FBA79903,B0FR5DLXH9,AA-25M,Microphone Accessories,Lapel Mic Holder,AA-25M,2.3,,254.55,1799,799.0,849.0,422.57,52.89,157.79,19.75,33,0,31,0
Audio Array,FBA76730,B0BLKB6FRR,AM-C27,Microphone,Wired Dynamic Mic,AM-C27,6.27,,693.93,3299,1499.0,1399.0,576.41,38.45,88.69,5.92,6,4,4,0
Audio Array,FBA79064,B0CJR76Y7G,AA-25,Microphone Accessories,Lapel Mic Holder,AA-25,2.5,,276.69,1799,799.0,799.0,400.43,50.12,136.66,17.1,584,515,67,0
Audio Array,FBA75683,B0B4G94VP3,AA-03,Microphone Accessories,Pop Filter,AA-03,1.3,,143.88,1499,479.0,499.0,262.05,54.71,63.09,13.17,760,120,83,15
Audio Array,FBA79820,B0FQJWWDVK,AC-3XL,Microphone Accessories,3m XLR to 6.35m Cable,AC-3XL,1.0,,110.67,749,399.0,449.0,227.46,57.01,51.7,12.96,763,703,58,49
Audio Array,FBA78206,B0C4YSV3XL,AM-W15,Microphone,Wireless Mic with Charging Case,AM-W15,92.0,,10182.1,34999,14990.0,5990.0,2521.29,16.82,-1803.91,-12.03,8,6,2,0
Audio Array,FBA75686,B0B4G89VQJ,AM-W10,Microphone,Wireless Lavalier Microphone,AM-W10,38.5,,4260.99,20999,5999.0,3899.0,822.91,13.72,-924.81,-15.42,493,7,6,0
Audio Array,FBA79833,B0FJ8PZ9H7,PB-04 (AI-04 Red + AM-C44 x 2),Bundles,PB-04,PB-04 (AI-04 Red + AM-C44 x 2),60.0,,6640.5,"₹ 24,499.00",13499.0,13399.0,4799.33,35.55,755.61,5.6,22,8,30,4
Audio Array,FBA79447,B0DFMLXD9S,AM-W34,Microphone,Wireless UHF Microphone,AM-W34,18.1,,2003.22,7499,3799.0,3549.0,1216.27,32.02,-12.45,-0.33,148,135,22,2
Audio Array,FBA79909,B0FVM17Q4W,AM-W20,Microphone,Wireless Lapel Microphone,AM-W20,16.6,,1837.21,,,2199.0,-1837.21,0.0,-1947.21,0.0,30,0,30,15
Audio Array,FBA75691,B0B4G5JG4P,AM-W14,Microphone,Wireless UHF Microphone,AM-W14,25.0,,2766.88,12999,6999.0,6499.0,3164.48,45.21,1131.76,16.17,240,170,100,9
Audio Array,FBA76742,B0BLKBJ5HN,AM-K1,Microphone,Instrument Microphone - Drum Kit,AM-K1,55.11,,6099.3,19999,9499.0,,1950.7,20.54,-874.02,-9.2,20,11,4,0
Audio Array,FBA79832,B0FJ8S53GW,GB-05 (AM-C43 + AI-06),Bundles,GB-05,GB-05 (AM-C43 + AI-06),32.5,,3596.94,"₹ 13,299.00",5999.0,5899.0,1486.96,24.79,-275.76,-4.6,27,9,20,0
Audio Array,FBA76721,B0BLKB55BM,AM-C18,Microphone,Vlogging Kit,AM-C18,20.5,,2268.84,7799,2699.0,2399.0,18.45,0.68,-805.27,-29.84,1,1,0,0
Audio Array,FBA79846,B0FN7C25VS,AM-C11X Pro,Bundles,AM-C11X Pro,AM-C11X Pro,19.0,,2102.82,"₹ 7,999.00",4499.0,4199.0,1709.89,38.01,367.17,8.16,30,14,30,0
Audio Array,FBA79444,B0DFMLQBMC,AM-W20,Microphone,Wireless Lapel Microphone,AM-W20,16.6,,1837.21,7499,3099.0,2199.0,789.07,25.46,-146.65,-4.73,109,100,23,0
Audio Array,FBA76716,B0BLK8DNPD,AM-C13,Microphone,WiredLavalier Microphone,AM-C13,0.0,,0.0,2299,749.0,,634.75,84.75,364.22,48.63,23,23,9,0
Audio Array,FBA79848,-,AM-S2,Speaker,Studio Monitor Speaker,AM-S2,27.45,,3181.46,0,6999.0,,2749.9,39.29,790.18,11.29,1,1,0,0
Audio Array,FBK79009,B0FLYHJ6DK,AM-C41,Microphone,USB Microphone Kit - Tripod,AM-C41,8.0,,885.4,,,1649.0,-885.4,0.0,-1012.4,0.0,14,0,59,8
Audio Array,FBA76728,B0BLNCP74M,AM-C25,Microphone,USB Microphone Kit - Boomarm,AM-C25,16.3,,1804.0,6699,2799.0,2199.0,568.03,20.29,-381.69,-13.64,0,0,0,0
Audio Array,FBA78424,B0C55MY66L,AM-C37,Microphone,USB/XLR Dynamic Mic,AM-C37,24.0,,2656.2,9399,4199.0,3799.0,902.27,21.49,-401.45,-9.56,2,2,0,0
Audio Array,FBK79010,B0FLYJFC22,AM-C42,Microphone,USB Microphone Kit - Boomarm,AM-C42,11.5,,1272.76,,,2399.0,-1272.76,0.0,-1437.76,0.0,23,0,58,4
Audio Array,FBA78204,B0C4YT43Z3,AM-C31,Microphone,USB Microphone Kit - Tripod,AM-C31,30.0,,3320.25,10999,3999.0,2199.0,68.73,1.72,-1118.99,-27.98,0,0,0,0
Audio Array,FBA76722,B0BLKDC4PP,AM-C19,Microphone,USB Microphone Kit - Tripod,AM-C19,12.52,,1385.65,5199,1649.0,,11.81,0.72,-517.91,-31.41,0,0,0,0
Audio Array,FBA78986,B0CF5WXWFH,AB-01,Bundles,Bundles,AB-01,32.5,,3596.94,13999,5999.0,,1486.96,24.79,-265.76,-4.43,0,0,0,0
Audio Array,FBA79722,B0F2HYY7JF,AM-W21,Microphone,Wireless Lapel Microphone,AM-W21,21.5,,2379.51,,,3199.0,-2379.51,0.0,-2447.51,0.0,30,20,28,6
Audio Array,FBA78205,B0C539RBGL,AM-C32,Microphone,RGB USB Microphone Kit - Tripod,AM-C32,20.5,,2268.84,7499,3299.0,,526.93,15.97,-464.79,-14.09,5,4,3,0
Audio Array,FBA78203,B0C4YTNJG7,AM-C30,Microphone,RGB USB Microphone Kit - Tripod,AM-C30,25.0,,2766.88,8999,3299.0,2149.0,28.89,0.88,-962.83,-29.19,13,7,6,1
Audio Array,FBA76744,B0BLK7VQ2N,AM-K3,Microphone,Instrument Microphone - Drum Kit,AM-K3,76.8,,8499.84,29999,12499.0,,2092.53,16.74,-1490.19,-11.92,0,0,0,0
Audio Array,FBK79708,B0FJS7JZ4V,SB-01,Speaker,Sound Bar,SB-01,0.0,,0.0,,,1299.0,0.0,0.0,-166.0,0.0,12,0,247,0
Audio Array,FBA77011,B0BPMN89NG,AM-C29,Microphone,USB Microphone Kit - Tripod,AM-C29,27.5,,3043.56,9999,4499.0,,769.15,17.1,-558.57,-12.42,5,5,1,0
Audio Array,FBA76743,B0BLK8PXNY,AM-K2,Microphone,Instrument Microphone - Drum Kit,AM-K2,66.2,,7326.69,24999,10499.0,,1570.77,14.96,-1446.95,-13.78,2,2,0,0
Audio Array,FBA79070,B0CLH7G5WH,AI-02 2x2| Metallic Red,Audio Interface,Audio Interface,AI-02 2x2| Metallic Red,31.0,,3187.96,12499,6499.0,,2319.66,35.69,431.94,6.65,6,6,0,0
Audio Array,FBA78420,B0C5957W3P,AM-C33,Microphone,WiredLavalier Microphone,AM-C33,3.85,,426.1,1599,499.0,,-3.22,-0.64,-148.5,-29.76,67,66,9,0
Audio Array,FBA79814,-,AH-50 Ear Cushion,Headphone Accessories,Headphone Accessories,AH-50 Ear Cushion,0.45,,49.8,799,499.0,,373.08,74.77,233.36,46.77,1,1,0,0
Audio Array,FBA75682,B0B4FVV78V,AM-C8,Microphone,USB Microphone Kit - Tripod,AM-C8,26.5,,2932.89,9999,4999.0,,1303.55,26.08,-164.17,-3.28,1,1,0,0
Audio Array,FBA75685,B0B4FXDHXW,AM-C9,Microphone,USB Microphone Kit - Tripod,AM-C9,26.0,,2877.55,9999,4499.0,,935.16,20.79,-392.56,-8.73,1,1,0,0
Audio Array,FBA78425,B0C55QXL83,AM-C38,Microphone,Condenser Shotgun Mic,AM-C38,10.32,,1142.17,4399,1999.0,,551.9,27.61,-75.82,-3.79,8,8,0,0
Audio Array,FBA76726,B0BLKD4815,AM-C23,Microphone,USB Microphone Kit - Tripod,AM-C23,13.02,,1440.99,5799,2399.0,,592.06,24.68,-147.66,-6.15,4,4,0,0
Audio Array,FBA76739,B0BLRK37TB,AA-12,Microphone Accessories,Boom Arm,AA-12,11.67,,1291.58,5399,2699.0,,995.71,36.89,166.99,6.19,4,4,0,0
Audio Array,FBA79014,B0CH4WFQF6,AI-09,Pro Audio Tools,DI box,AI-09,28.8,,2961.72,14299,5499.0,,1698.45,30.89,90.73,1.65,3,3,0,0
Audio Array,FBA76718,B0BLKD8FVG,AM-C15,Microphone,WiredLavalier Microphone,AM-C15,11.11,,1229.6,5399,1999.0,,464.47,23.24,-163.25,-8.17,3,3,0,0
Audio Array,FBA76734,B0BLKHVCDX,AA-07,Microphone Accessories,Boom Arm,AA-07,8.0,,885.4,4699,2199.0,,978.16,44.48,284.44,12.93,2,2,0,0
Audio Array,FBA78419,B0C55M2GBN,AM-A1,Microphone Accessories,Mic Activator,AM-A1,14.5,,1604.79,5999,2199.0,,258.77,11.77,-424.95,-19.32,3,3,0,0
Audio Array,FBA78972,B0CF5T89FT,AA-18,Microphone Accessories,Boom Arm,AA-18,13.0,,1438.78,7399,3699.0,,1695.97,45.85,587.25,15.88,0,0,0,0
Audio Array,FBA78423,B0C598Q6PT,AM-C36,Microphone,WiredLavalier Microphone,AM-C36,3.52,,389.58,1999,699.0,,202.8,29.01,-22.48,-3.22,43,43,10,0
Audio Array,FBA76715,B0BLK31PYH,AM-C12,Microphone,WiredLavalier Microphone,AM-C12,4.25,,470.37,2999,899.0,,291.5,32.42,21.22,2.36,1,1,0,0
Audio Array,FBA78971,B0CF5TDLFH,AA-17,Microphone Accessories,Boom Arm,AA-17,13.0,,1438.78,7399,3299.0,,1356.99,41.13,355.27,10.77,0,0,0,0
Audio Array,FBA76735,B0BLKGPL4X,AA-08,Microphone Accessories,Sound Isolation Shield,AA-08,12.2,,1350.23,5699,2399.0,,682.82,28.46,-66.9,-2.79,1,1,0,0
Audio Array,FBA76732,B0BLKCB2JY,AI-01,Audio Interface,Audio Interface,AI-01,23.02,,2367.32,8399,,,-2367.32,0.0,-2435.32,0.0,1,1,0,0
Audio Array,FBA76720,B0BLKCWZQD,AM-C17,Microphone,WiredLavalier Microphone,AM-C17,2.9,,320.96,1699,425.0,,39.21,9.23,-120.16,-28.27,0,0,4,0
Audio Array,FBA76725,B0BLKCSJ7Z,AM-C22,Microphone,USB Microphone Kit - Tripod,AM-C22,6.5,,719.39,5299,1499.0,,550.95,36.75,63.23,4.22,2,2,0,0
Audio Array,FBA78422,B0C598MNMC,AM-C35,Microphone,WiredLavalier Microphone,AM-C35,2.82,,312.1,1799,599.0,,195.52,32.64,-1.26,-0.21,5,5,0,0
Audio Array,FBA79013,B0CH4TDGPG,AI-08,Pro Audio Tools,Line Mixer,AI-08,11.3,,1162.06,5599,2599.0,,1040.48,40.03,244.76,9.42,1,1,0,0
Audio Array,FBA79012,B0CH4THGGM,AI-07,Pro Audio Tools,Headphone Splitter,AI-07,11.3,,1162.06,5599,2599.0,,1040.48,40.03,244.76,9.42,0,0,0,0
Audio Array,FBA78421,B0C594FZLM,AM-C34,Microphone,WiredLavalier Microphone,AM-C34,2.02,,223.56,1599,379.0,,97.62,25.76,-51.86,-13.68,2,2,0,0
Audio Array,FBA76727,B0BLKCDRNB,AM-C24,Microphone,USB Microphone Kit - Tripod,AM-C24,12.9,,1427.71,5399,2399.0,1599.0,605.34,25.23,-134.38,-5.6,0,0,0,0
Audio Array,FBA76737,B0C59G1C4N,AA-10,Microphone Accessories,Boom Arm,AA-10,17.5,,1936.81,7399,3199.0,,774.2,24.2,-199.52,-6.24,3,2,0,0
Audio Array,FBA76717,B0BLK6P24G,AM-C14,Microphone,Condenser Shotgun Mic,AM-C14,7.62,,843.34,3599,1699.0,,596.49,35.11,52.77,3.11,0,0,0,0
Audio Array,FBA76738,B0BLRGCNRG,AA-11,Microphone Accessories,Boom Arm,AA-11,10.79,,1194.18,4999,2499.0,,923.61,36.96,150.89,6.04,0,0,0,0
Audio Array,FBA76729,B0BLNDQ757,AM-C26,Microphone,USB Microphone Kit - Boomarm,AM-C26,14.7,,1626.92,6499,2149.0,,194.26,9.04,-480.46,-22.36,1,1,0,0
Audio Array,FBA77010,B0BPMBMN3S,AI-04 Black,Audio Interface,4 Channel Audio Interface,AI-04 Black,20.2,,2077.32,9999,3999.0,,1311.67,32.8,123.95,3.1,0,0,0,0
Audio Array,FBAM75673,B0DFTVZPM8,AM-C1,Microphone,Condenser Mic with Boom Arm,AM-C1,11.0,,1217.42,,,2699.0,-1217.42,0.0,-1290.42,0.0,0,0,1926,0
Audio Array,FBA76719,B0BLKCXQRT,AM-C16,Microphone,WiredLavalier Microphone,AM-C16,2.22,,245.7,1299,449.0,,134.81,30.02,-29.73,-6.62,0,0,0,0
Audio Array,FBA76724,B0BLNC5D8L,AM-C21,Microphone,USB Microphone Kit - Tripod,AM-C21,11.43,,1265.02,5199,2499.0,,852.78,34.12,85.06,3.4,0,0,0,0
Audio Array,FBA76733,B0BLKCJXZR,AI-02,Audio Interface,4 Channel Audio Interface,AI-02,31.0,,3187.96,12499,6999.0,,2743.39,39.2,715.67,10.23,0,0,0,0
Audio Array,FBA76736,B0BLS63XCL,AA-09,Microphone Accessories,Boom Arm,AA-09,14.6,,1615.86,6399,2999.0,,925.67,30.87,12.95,0.43,2,2,0,0
Audio Array,FBA76740,B0BLRKFBBP,AA-13,Microphone Accessories,Boom Arm,AA-13,8.98,,993.86,3999,2099.0,,784.95,37.4,124.23,5.92,0,0,0,0
Audio Array,FBA76741,B0BLS2HJ68,AA-14,Microphone Accessories,Boom Arm,AA-14,9.86,,1091.26,4299,2299.0,,857.05,37.28,135.33,5.89,1,1,0,0
Audio Array,FBA78207,B0C53CQV5Z,AA-15,Microphone Accessories,Boom Arm,AA-15,15.0,,1660.12,9999,3999.0,,1728.86,43.23,531.14,13.28,0,0,0,0
Audio Array,FBA78970,B0CF5T1LFR,AA-16,Microphone Accessories,Boom Arm,AA-16,16.2,,1792.93,8999,4499.0,,2019.78,44.89,760.06,16.89,0,0,0,0
Audio Array,FBA78977,B0CF5TVDRT,AA-23,Microphone Accessories,Accessories,AA-23,25.5,,2822.21,12999,6499.0,,2685.41,41.32,865.69,13.32,0,0,0,0
Audio Array,FBA78978,B0CF5PCL34,AA-24,Microphone Accessories,Accessories,AA-24,29.0,,3209.57,14999,6499.0,,2298.05,35.36,478.33,7.36,0,0,0,0
Audio Array,FBA79004,B0CF9BY345,AI-05,Audio Interface,5 Channel Audio Interface,AI-05,40.0,,4113.5,19999,9999.0,,4360.23,43.61,1487.51,14.88,0,0,0,0
Audio Array,FBA79180,B0CPXVV5XN,AB-02 (AI-04 Red + AM-C2),Bundles,Bundles,AB-02 (AI-04 Red + AM-C2),0.0,,0.0,18998,0.0,,0.0,0.0,0.0,0.0,0,0,0,0
Audio Array,FBA79181,B0CPXXJM6C,AB-03 (AM-C11+ AI-04 + AA-05),Bundles,Bundles,AB-03 (AM-C11+ AI-04 + AA-05),0.0,,0.0,22997,0.0,,0.0,0.0,0.0,0.0,0,0,0,0
Audio Array,FBA79182,B0CPXXYY6H,AB-04 (2xAM-C2 + AI-04 Red),Bundles,Bundles,AB-04 (2xAM-C2 + AI-04 Red),0.0,,0.0,27997,0.0,,0.0,0.0,0.0,0.0,0,0,0,0
Audio Array,FBA79183,B0CPXWXCBS,AB-05 (2xAM-C11+AI-04Red+2xAA-05),Bundles,Bundles,AB-05 (2xAM-C11+AI-04Red+2xAA-05),0.0,,0.0,35995,0.0,,0.0,0.0,0.0,0.0,0,0,0,0
Audio Array,FBA79842,B0G4DNF8RZ,AM-C48,Microphone,RGB Dynamic Mic with Boom Arm,AM-C48,15.0,,1660.12,5999,3499.0,,1305.13,37.3,325.41,9.3,796,203,103,11
Audio Array,FBA79821,B0FJ2JJZL3,"UB-01 (AI-04, AM-S1, AA-21, AM-C2)",Bundles,UB-01,"UB-01 (AI-04, AM-S1, AA-21, AM-C2)",79.15,,8759.93,"₹ 32,299.00",18499.0,19499.0,6917.19,37.39,1643.47,8.88,22,0,25,10
Audio Array,FBA79822,B0FJ2J6MTF,KB-01 (AM-W32 + AI-12),Bundles,KB-01,KB-01 (AM-W32 + AI-12),21.8,,2412.72,"₹ 8,999.00",4999.0,4799.0,1823.73,36.48,192.01,3.84,30,4,32,2
Audio Array,FBA79823,B0FJ2HZCVN,PB-01 (AM-C11 + AI-04),Bundles,PB-01,PB-01 (AM-C11 + AI-04),41.0,,4537.68,"₹ 16,499.00",8999.0,9099.0,3088.6,34.32,303.88,3.38,17,0,17,5
Audio Array,FBA79824,B0FJ2K95XT,GB-01 (AM-C43 +AI-10),Bundles,GB-01,GB-01 (AM-C43 +AI-10),21.5,,2379.51,"₹ 8,799.00",4999.0,5599.0,1856.93,37.15,374.21,7.49,19,5,21,2
Audio Array,FBA79826,B0FJ2LQT7K,PB-02 (AI-04 Red + AM-C11 + AA-05),Bundles,PB-02,PB-02 (AI-04 Red + AM-C11 + AA-05),43.0,,4759.02,"₹ 17,499.00",9999.0,9749.0,3714.7,37.15,831.98,8.32,21,2,25,0
Audio Array,FBA79830,B0FJ8TSQK1,GB-03 (AI-12 + AM-C43),Bundles,GB-03,GB-03 (AI-12 + AM-C43),15.2,,1682.26,"₹ 6,299.00",3519.0,3799.0,1299.94,36.94,231.62,6.58,1002,2,21,65
Audio Array,FBA79831,B0FJ8W5Y9Q,GB-04 (AM-C45 + AI-06),Bundles,GB-04,GB-04 (AM-C45 + AI-06),38.0,,4205.65,"₹ 15,499.00",7999.0,6799.0,2573.16,32.17,250.44,3.13,22,12,18,0
Audio Array,FBA79834,B0FJ8T4WXM,PB-05 (AA-05 + AM-C11 + AI-04),Bundles,PB-05,PB-05 (AA-05 + AM-C11 + AI-04),43.0,,4759.02,"₹ 17,499.00",9999.0,9799.0,3714.7,37.15,831.98,8.32,18,0,19,5
Audio Array,FBA79835,B0FJ8TWCQZ,PB-06 (AA-05 + AM-C44 + AI-04),Bundles,PB-06,PB-06 (AA-05 + AM-C44 + AI-04),41.0,,4537.68,"₹ 16,499.00",9499.0,9799.0,3512.32,36.98,769.6,8.1,21,3,23,0
Audio Array,FBA79836,B0FJ8Z1W81,PB-07 (AA-05 + AM-C45 + AI-04),Bundles,PB-07,PB-07 (AA-05 + AM-C45 + AI-04),35.5,,3928.96,"₹ 14,299.00",7999.0,8499.0,2849.85,35.63,527.13,6.59,27,9,24,5
Audio Array,FBA79837,B0FJ8V2LZM,AI-06 + AM-C45,Bundles,Bundles,AI-06 + AM-C45,38.0,,4205.65,"₹ 15,699.00",7499.0,,2149.43,28.66,49.71,0.66,0,0,0,0
Audio Array,FBA79845,B0FN7B3KWS,UB-02 (AM-S1 + AA-21),Bundles,UB-02,UB-02 (AM-S1 + AA-21),45.65000000000001,,5052.31,"₹ 18,999.00",12499.0,11799.0,5540.06,44.32,1947.49,15.58,34,11,26,21
Audio Array,FBA79847,B0FN7FYZM3,PB-09 (AM-C45 + AI-06 + AA-05),Bundles,PB-09,PB-09 (AM-C45 + AI-06 + AA-05),40.0,,4427.0,"₹ 16,999.00",7699.0,7499.0,2097.58,27.24,-141.14,-1.83,20,15,14,0
Audio Array,FBA79904,B0FTVQQVDC,PB-10 (AM-C2+AI-04+AH-60-BL),Bundles,PB-10,PB-10 (AM-C2+AI-04+AH-60-BL),41.5,,4593.01,17999,11999.0,9999.0,5575.63,46.47,2125.83,17.72,96,10,104,77
Audio Array,FBA79905,B0FTVSH458,PB-11 (AM-C44+AA-05+AH-45-BK),Bundles,PB-11,PB-11 (AM-C44+AA-05+AH-45-BK),27.5,,3043.56,12999,7999.0,6799.0,3735.25,46.7,1412.53,17.66,7,1,5,0
Audio Array,FBA79906,B0FTVVLNS9,PB-12 (AM-C11+AA-05+AI-04+AH-60-RD),Bundles,PB-12,PB-12 (AM-C11+AA-05+AI-04+AH-60-RD),51.0,,5644.43,20999,12999.0,11749.0,5371.68,41.32,1643.38,12.64,21,1,19,12
Audio Array,FBA79907,B0FTVS34SD,PB-13 (AM-C43+AH-40-SL+AI-11),Bundles,PB-13,PB-13 (AM-C43+AH-40-SL+AI-11),20.0,,2213.5,8999,4999.0,5099.0,2022.94,40.47,550.22,11.01,34,0,28,0
Audio Array,FBA79908,B0FTVV1QJY,PB-14 (AM-C43+AH-40-SL+AI-12),Bundles,PB-14,PB-14 (AM-C43+AH-40-SL+AI-12),18.7,,2069.62,7999,4499.0,4899.0,1743.09,38.74,400.37,8.9,36,10,30,21
Audio Array,FBA79389,B0D3M13T6H,AWB-01,Bundles,Bundles,AWB-01,41.0,,4537.68,19999,8299.0,,2495.38,30.07,171.66,2.07,0,0,0,0
Audio Array,FBA79956,-,A3-XLR,Microphone Accessories,Accessories,A3-XLR,1.5,,166.01,999,599.0,,341.61,57.03,197.85,33.03,1,1,0,0
Audio Array,FBA79957,B0G3Q517Y2,AM-W23,Microphone,Wireless Lapel Microphone,AM-W23,12.01,,1329.21,5499,2999.0,3510.0,1212.32,40.42,372.6,12.42,287,228,133,0
Audio Array,FBA79958,B0G3Q59X8C,AM-W24,Microphone,Wireless Lapel Microphone,AM-W24,6.94,,768.08,2999,1899.0,1999.0,841.24,44.3,309.52,16.3,215,180,69,0
Audio Array,FBA79959,B0G39ZHDYP,AM-W47 Wired,Voice Amplifier,Wired Voice Amplifier,AM-W47 Wired,3.86,,427.21,2999,1499.0,1499.0,843.13,56.25,313.41,20.91,4263,23,42,54
Audio Array,FBA79960,B0G3B152FR,AM-W47 Wireless,Voice Amplifier,Wireless Voice Amplifier,AM-W47 Wireless,7.06,,781.37,3999,2199.0,2199.0,1082.19,49.21,356.47,16.21,4119,30,29,0
Audio Array,FBA79961,B0G53H49BS,AI-13,Mixers,4 channels Mixer,AI-13,13.06,,1343.06,5499,2899.0,2999.0,1113.72,38.42,302.0,10.42,2135,82,599,223
Audio Array,FBA79962,B0G53LZNY3,AM-Mix4 OTG,Mixers,4 channels mixer with OTG,AM-Mix4 OTG,25.09,,2580.19,7999,5499.0,5899.0,2079.98,37.82,540.26,9.82,568,88,146,90
Audio Array,FBA79963,B0G53CB72D,AM-Mix8,Mixers,8 channels Mixer,AM-Mix8,99.96,,10279.64,29999,20999.0,22499.0,7516.13,35.79,1636.41,7.79,11,0,1,0
Audio Array,FBA79964,B0G53KWRWH,AM-Pro12,Mixers,12 channels Mixer,AM-Pro12,108.63,,11171.24,34999,24999.0,24999.0,10014.36,40.06,3014.64,12.06,51,0,2,0
Audio Array,FBA79965,B0G53PRM34,AM-Mix6,Mixers,6 channels mixer,AM-Mix6,38.76,,3985.98,14999,8499.0,9499.0,3216.56,37.85,836.84,9.85,168,47,16,4
Audio Array,FBA79966,B0G53KWRVW,AM-Mix10,Mixers,10 channels mixer,AM-Mix10,47.94,,4930.03,18999,11999.0,11999.0,5238.61,43.66,1878.89,15.66,323,7,9,7
Nexlev,FBA78980,B0CDPMX152,GS-02,Home & Kitchen,Fabric Care,Nexlev Garment Steamer - Swift,9.45,1259.863340251765,1127.0,4999,2399.0,2171.94,906.05,37.77,-44.45,-1.85,1758,1165,515,512
Nexlev,FBA78981,B0CDPP45BM,SC-01,Home & Kitchen,Cleaning & Vacumming,Nexlev Steam Cleaner,13.8,1785.858091272,1643.88,9999,4799.0,3814.94,2423.07,50.49,713.49,14.87,5707,29,1118,1051
Nexlev,FBA78994,B0CDQ98FDM,NP-01,Home & Kitchen,Travel Accessories,Neck Pillow with Memory Foam and Striped Texture,2.95,412.44241932,368.95,1499,699.0,581.94,296.77,42.46,-76.89,-11.0,358,358,0,0
Nexlev,FBA78995,B0CDQ55W2M,NP-02,Home & Kitchen,Travel Accessories,Neck Pillow with Memory Foam (Dark Grey),2.95,417.7687104,373.71,1999,699.0,698.54,292.0,41.77,-114.08,-16.32,638,564,6,0
Nexlev,FBA78996,B0CDQ6G4TC,NP-03,Home & Kitchen,Travel Accessories,Neck Pillow with Memory Foam (Grey),2.95,412.87845528,369.34,1499,699.0,651.9,296.38,42.4,-76.31,-10.92,606,603,0,0
Nexlev,FBA78997,B0CDQ5Y3YB,NP-04,Home & Kitchen,Travel Accessories,Neck Pillow with Memory Foam (Blue),2.95,412.43655708,368.94,1499,1199.0,0.0,772.96,64.47,229.31,19.13,0,0,0,0
Nexlev,FBA78998,B0CDQ5NBH8,NP-05,Home & Kitchen,Travel Accessories,Neck Pillow with Memory Foam (Pink),3.925,557.5435244549999,498.74,1999,1199.0,0.0,643.16,53.64,87.9,7.33,43,43,0,0
Nexlev,FBA79229,B0CQX9ZZMH,GS-04,Home & Kitchen,Fabric Care,Nexlev Garment Steamer with Touch Screen Breeze,11.38,1511.237201601177,1351.86,5999,2199.0,2330.94,511.7,23.27,-429.91,-19.55,46,46,4,0
Nexlev,FBA79375,B0D2P6KF4N,ET-03-BL_NE,HPC,Oral Care,ET-03-BL_NE Nexlev Smart Smile Electric Toothbrush Skyblue,1.48,192.7051100470588,172.38,699,299.0,316.94,81.01,27.09,-118.57,-39.66,0,0,0,0
Nexlev,FBA79373,B0D2P5TGWK,ET-01-BK_NE,HPC,Oral Care,ET-01-BK_NE Nexlev Smart Smile Electric Toothbrush Black,2.25,294.1858844047059,263.16,1199,299.0,316.94,-9.77,-3.27,-218.47,-73.07,561,528,163,50
Nexlev,FBA79374,B0D2P7WLJB,ET-02-GN_NE,HPC,Oral Care,ET-02-GN_NE Nexlev Smart Smile Electric Toothbrush Green,2.25,294.072546390353,263.06,1199,299.0,316.94,-9.67,-3.23,-252.26,-84.37,74,41,82,0
Nexlev,FBA79262,B0CYSMBCB8,SC-02,Home & Kitchen,Cleaning & Vacumming,Steam Cleaner-Shine,10.3,1376.098740986824,1230.97,6999,2399.0,2595.94,802.08,33.43,-190.73,-7.95,53,53,0,0
Nexlev,FBA79263,B0CYSLCRQS,MR-01,Home & Kitchen,Cleaning & Vacumming,Smart Care Mite Remover (Nexlev Dust Mite UV),8.8,1043.966580466765,1076.05,5499,2999.0,3125.94,1465.48,48.87,295.24,9.84,3411,689,592,480
Nexlev,FBA79265,B0D2LHNS9B,CR-01,HPC,Skin Care,Smooth Sole Callus Remover,4.48,532.2458977941177,476.11,1999,999.0,698.54,370.5,37.09,-156.68,-15.68,404,203,238,20
Nexlev,FBA79266,B0D2LGR3GG,T-01,HPC,Trimmers & Body Groomers,Velvet Vibe Multi-Trimmer,3.96,515.9893311698823,461.57,1499,1999.0,1058.94,1232.5,61.66,361.58,18.09,9,9,0,0
Nexlev,FBA79267,B0D2LD6BYJ,T-02,HPC,Trimmers & Body Groomers,Velvet Vibe Plus Multi-Trimmer,4.65,605.2201951552942,541.39,1899,1059.0,1164.94,356.06,33.62,-210.07,-19.84,1066,906,80,20
Nexlev,FBA79268,B0D383WQPB,GS-05,Home & Kitchen,Fabric Care,Nexlev Smart Care Travel Steamer - Nomad,7.5,986.0083948418823,882.02,3999,1999.0,1906.94,812.05,40.62,35.45,1.77,176,95,241,0
Nexlev,FBA79271,B0D83Q7L8W,V-01,HPC,Hair Care,Nexlev Volumizer,5.5,727.868396556,651.11,3499,1399.0,1323.94,534.49,38.2,-190.36,-13.61,562,461,173,24
Nexlev,FBK79271,B0DQ8W1RBV,V-01 Rose Gold,HPC,Hair Care,Nexlev Volumizer,5.0,662.8817921357646,592.97,3499,1499.0,1588.94,677.37,45.19,-80.78,-5.39,235,167,60,6
Nexlev,FBA79272,B0D2LFMY48,HS-01,HPC,Hair Care,Hair Straightner - Black,2.87,377.0089397491765,337.25,1299,799.0,804.54,339.87,42.54,-61.93,-7.75,425,330,49,0
Nexlev,FBA79273,B0D2LKB4BJ,HS-02,HPC,Hair Care,Hair Straightner - Purple,2.96,388.0184501138823,347.1,1499,799.0,837.4,330.02,41.3,-72.66,-9.09,104,87,30,0
Nexlev,FBA79453,B0D2LFMY48,HS-01_NE,Home & Kitchen,Hair Care,Nexlev Hair Straightener - Black New,2.87,377.0089397491765,337.25,1299,799.0,0.0,339.87,42.54,-21.98,-2.75,425,330,49,0
Nexlev,FBA79454,B0D2LKB4BJ,HS-02_NE,Home & Kitchen,Hair Care,Nexlev Hair Straightener - Purple New,2.96,388.0184501138823,347.1,1499,799.0,0.0,330.02,41.3,-32.71,-4.09,104,87,30,0
Nexlev,FBA79276,B0D2LJSQXZ,SM-01,Home & Kitchen,Cleaning & Vacumming,Steam Mop,17.5,2356.124327593412,2107.64,8999,3799.0,4026.94,1111.85,29.27,-424.36,-11.17,305,117,149,20
Nexlev,FBA79277,B0D672NXC8,SC-03,Home & Kitchen,Cleaning & Vacumming,Steam Cleaner-Heavy Duty,29.04,3991.942051902,3570.95,11999,7199.0,7418.94,2529.9,35.14,-472.95,-6.57,10,10,40,30
Nexlev,FBA79279,B0D8445KJN,LR-01,Home & Kitchen,Fabric Care,Nexlev Lint Remover - Mini,3.4,443.9562895312941,397.14,1899,899.0,910.54,364.73,40.57,-29.98,-3.34,114,77,115,0
Nexlev,FBA79280,B0D845B2DG,LR-02,Home & Kitchen,Fabric Care,Nexlev Lint Remover ,6.8,888.8646458202353,795.12,2999,1499.0,1588.94,475.22,31.7,-151.11,-10.08,804,579,200,0
Nexlev,FBA79278,B0D86ZC9YT,HD-01,HPC,Hair Care,Nexlev Hair Dryer,5.85,768.3564682503529,687.32,2499,1499.0,1323.94,583.01,38.89,-183.57,-12.25,1235,1064,72,0
Nexlev,FBA79332,B0D63FKYZ5,HM-01,HPC,Hair Care,Scalp Massager,4.1,489.4298656263529,437.81,2099,999.0,1058.94,513.61,51.41,-34.14,-3.42,25,16,16,0
Nexlev,FBA79333,B0D63DTKQB,HM-02,HPC,Hair Care,Scalp Massager Pro,6.0,713.2138369411765,638.0,2699,1499.0,1588.94,789.62,52.68,-29.5,-1.97,41,41,0,0
Nexlev,FBA79346,B0D25LNDSY,ETC-04-WH,HPC,Oral Care,Electric Toothbrush - C Type - White-Sparkle Pro,3.09,404.1756601411765,361.55,1499,799.0,846.94,315.57,39.5,-93.4,-11.69,899,805,57,0
Nexlev,FBA79347,B0D842173P,ETC-05-PI,HPC,Oral Care,Electric Toothbrush - C Type - Pink-Sparkle Pro,3.15,412.1703686541176,368.7,1499,799.0,804.54,308.42,38.6,-101.19,-12.66,189,180,18,0
Nexlev,FBA79349,B0D9KDQCCM,SW-01,Home & Kitchen,Fabric Care,Portable Sewing Machine,3.46,415.6081769752941,371.78,1299,999.0,1058.94,579.65,58.02,158.69,15.88,346,7,270,0
Nexlev,FBA79348,B0D81DLSFT,HD-02,HPC,Hair Care,Nexlev Hair Dryer 1500W - Women,3.5,461.394376884,412.74,1999,999.0,889.34,433.88,43.43,-65.68,-6.57,659,558,122,0
Nexlev,FBA79350,B0D67727VG,EA-01,HPC,Hair Care,Electric Oil Applicator,6.0,709.0588431529411,634.28,2999,1099.0,1164.94,412.39,37.52,-155.47,-14.15,460,170,236,0
Nexlev,FBA79352,B0D637B562,WF-02-BL,Home & Kitchen,Pet Supplies,Nexlev Pet Water Fountain 2L,4.7,561.6879530112,502.45,2999,1199.0,1323.94,513.65,42.84,-134.92,-11.25,48,48,0,0
Nexlev,FBA79381,B0D9KCNVNM,ETR-06,HPC,Oral Care,Oscillating Electric Toothbrush Sparkle Plus,5.16,671.4046721054117,600.6,1699,1249.0,1270.94,457.88,36.66,-161.72,-12.95,77,59,36,0
Nexlev,FBA79404,B0D9KFZYG8,FS-01,HPC,Skin Care,Nexlev Face Steamer,6.65,888.6326424247059,794.92,3399,1699.0,1853.94,644.91,37.96,-203.82,-12.0,1179,944,113,0
Nexlev,FBA79405,B0D9KFP4MG,HSB-03,HPC,Hair Care,Nexlev Hair Straightener Brush,6.72,878.3125268611764,785.68,3499,1949.0,2012.94,866.01,44.43,-82.62,-4.24,1689,1456,78,0
Nexlev,FBA79406,B0DCK3N2JJ,HSB-04,HPC,Hair Care,Nexlev Hair Straightener Brush - Portable,8.0,1039.810120212706,930.15,3699,2699.0,2542.94,1357.14,50.28,124.84,4.63,1043,33,77,5
Nexlev,FBA79439,B0DCK7ZH5P,MR-02,Home & Kitchen,Cleaning & Vacumming,Nexlev Cordless Mite Remover ,10.45,1280.077881641471,1145.08,6599,3399.0,3602.94,1735.43,51.06,465.31,13.69,2853,17,242,0
Nexlev,FBA79440,B0DCGHKRXX,LE-02,HPC,Skin Care,NEXLEV LED Light Therapy Comb,5.3,632.990503872,566.23,2999,1999.0,2118.94,1127.83,56.42,197.58,9.88,1257,1072,158,0
Nexlev,FBA79443,B0D9KFQG8Q,LE-03,HPC,Skin Care,NEXLEV Light Therapy Skin Scrubber,8.7,1007.409733632,901.17,3399,1699.0,1800.94,538.66,31.7,-263.57,-15.51,189,85,69,0
Nexlev,FBA79452,B0DCGHVN81,VC-01,Home & Kitchen,Cleaning & Vacumming,Nexlev Stick Vacuum Cleaner,8.6,1075.244194191176,961.85,3999,2099.0,2171.94,816.97,38.92,-99.27,-4.73,1450,962,268,174
Nexlev,FBA79451,B0D9KCKY9F,SS-01,Home & Kitchen,Cleaning & Vacumming,Nexlev Spin Scrubber,10.0,1324.366579495059,1184.7,4999,2599.0,0.0,1017.85,39.16,5.18,0.2,79,78,0,0
Nexlev,FBA79463,B0DCK56Q85,VC-02,Home & Kitchen,Cleaning & Vacumming,Nexlev Portable vacuum cleaner - Duster Pro,10.2,1224.479997825882,1095.34,5499,2499.0,2648.94,1022.45,40.91,46.28,1.85,709,667,56,0
Nexlev,FBA79464,B0DFCDKMWR,CM-01-BL,HPC,Electric Massagers,Nexlev Cramp Massager Blue,4.7,559.7018914934117,500.67,2499,1499.0,1323.94,926.94,61.84,225.03,15.01,31,31,6,0
Nexlev,FBA79472,B0DFCDZWND,CM-02-PR,HPC,Electric Massagers,Nexlev Cramp Massager Purple,4.7,559.7018914934117,500.67,2499,1399.0,1482.94,831.71,59.45,167.29,11.96,1185,1057,127,60
Nexlev,FBA79466,B0DFM4JZV9,TI-01,Home & Kitchen,Car Accessories,Corded Tyre Inflator With Touch Control and Carry Pouch,10.7,1249.9684028352,1118.14,4199,999.0,2436.94,-271.53,-27.18,-868.16,-86.9,96,88,7,0
Nexlev,FBA79467,B0DK9LYT4P,TM-01,HPC,Trimmers & Body Groomers,Beard Boss Men Beard Trimmer,3.7,482.405187726,431.53,1499,1199.0,837.4,584.57,48.75,4.34,0.36,241,217,68,0
Nexlev,FBA79699,B0DTYDTKN8,SPM-01,Home & Kitchen,Cleaning & Vacumming,Nexlev Spin Mop ,21.0,2762.011436717647,2470.73,7499,3699.0,4238.94,664.02,17.95,-1087.58,-29.4,0,0,10,0
Nexlev,FBA79469,B0DCK4DR1B,LE-04,HPC,Skin Care,Nexlev Skin Lift Device,5.0,593.7632574437647,531.14,2499,1529.0,1557.14,764.62,50.01,-58.0,-3.79,568,495,34,0
Nexlev,FBA79473,B0DJFH6RTL,TI-02,Home & Kitchen,Car Accessories,Nexlev Corded Tyre Inflator ,7.0,818.559830016,732.23,2799,1699.0,1588.94,707.6,41.65,-114.52,-6.74,783,731,16,0
Nexlev,FBA79474,B0DJFH4K8B,TIC-03,Home & Kitchen,Car Accessories,Nexlev Cordeless Tyre Inflator 4000mAh,7.0,813.471473664,727.68,3699,1949.0,2065.94,924.01,47.41,9.81,0.5,31,16,4,0
Nexlev,FBA79475,B0DJFJZMC6,TIC-04,Home & Kitchen,Car Accessories,Nexlev Cordeless Tyre Inflator 6000mAh,12.0,1391.8283136,1245.04,4699,1999.0,2436.94,449.02,22.46,-529.95,-26.51,29,29,1,0
Nexlev,FBA79480,B0DDC3GVZW,VC-03,Home & Kitchen,Cleaning & Vacumming,Nexlev Car Vacuum Cleaner with safety feature,6.57,784.0850119417061,701.39,3999,1999.0,2118.94,992.67,49.66,233.23,11.67,910,793,38,0
Nexlev,FBA79481,B0DFMRG2K4,TM-02,HPC,Trimmers & Body Groomers,NexLev Multi-Trimmer for Men,10.0,1301.729149793647,1164.45,3999,1999.0,2330.94,529.62,26.49,-454.13,-22.72,298,265,1,0
Nexlev,FBA79484,B0DNJF1BLS,CF-01,Home & Kitchen,Kitchen Appliances,Nexlev Drip Coffee Maker,5.2,715.7238826870589,640.24,2699,1399.0,1588.94,545.35,38.98,-109.62,-7.84,48,47,5,0
Nexlev,FBA79483,B0DK9NRBWJ,TM-03,HPC,Trimmers & Body Groomers,"Nexlev Intimate Body Trimmer With Charging Base, Display and Light",4.55,593.9335702588235,531.3,1999,1999.0,1270.94,1162.77,58.17,235.64,11.79,835,802,46,0
Nexlev,FBA79485,B0DK9QNKK8,TM-04,HPC,Trimmers & Body Groomers,Nexlev Intimate Body Trimmer and Nose Trimmer,3.04,396.9780903275294,355.11,1599,1199.0,1270.94,660.99,55.13,87.59,7.31,33,24,10,0
Nexlev,FBA79488,B0DFCG2VGS,KE-01,Home & Kitchen,Kitchen Appliances,Nexlev Multi-Purpose Food Kettle 1.8L,7.25,983.1173151779999,879.44,2799,1999.0,1800.94,814.63,40.75,-32.73,-1.64,228,92,206,6
Nexlev,FBA79489,B0DFD123P5,KE-02,Home & Kitchen,Kitchen Appliances,Nexlev Multi-Purpose Food Kettle 1.5L,7.25,979.8619625174118,876.52,2799,2099.0,1588.94,902.29,42.99,26.69,1.27,18,18,13,12
Nexlev,FBA79492,B0DT6Y7KJM,V-02,HPC,Hair Care,Nexlev Volumizer Straightener,8.32,1094.099631179294,978.71,3699,2299.0,2118.94,969.59,42.17,-131.05,-5.7,706,574,33,0
Nexlev,FBA79493,B0DQCWRG3H,V-03,HPC,Hair Care,Nexlev Volumizer Dryer,6.48,853.0487662870589,763.09,3399,2049.0,2118.94,973.36,47.5,-11.75,-0.57,1653,483,340,0
Nexlev,FBA79567,B0DNJS23HS,SC-04,Home & Kitchen,Cleaning & Vacumming,Nexlev 10 in 1 Steam Cleaner,20.0,2694.41164836,2410.26,10299,5999.0,6358.94,2673.64,44.57,259.23,4.32,4759,585,604,304
Nexlev,FBA79566,B0DKJSCLBD,VC-05,Home & Kitchen,Cleaning & Vacumming,Nexlev Portable Vacuum Cleaner and Blower,8.83,1062.74395224,950.67,4499,2299.0,2436.94,997.64,43.39,22.44,0.98,657,639,41,0
Nexlev,FBA79565,B0DKJZDY72,VC-04,Home & Kitchen,Cleaning & Vacumming,Nexlev Portable Vacuum Cleaner and Blower,9.35,1111.527628907294,994.3,4499,2499.0,2648.94,1123.49,44.96,119.39,4.78,432,407,17,0
Nexlev,FBA79570,B0DKJXRXKM,BR-01,HPC,Skin Care,Nexlev Black Head Remover,4.5,535.5270253821177,479.05,2799,1799.0,1641.94,1045.53,58.12,245.04,13.62,1823,16,21,10
Nexlev,FBA79573,B0DKK15YNJ,EA-02,HPC,Hair Care,Nexlev Oil Applicator Comb,8.4,996.4635911830588,891.38,3999,2499.0,2754.94,1488.62,59.57,368.77,14.76,458,21,63,0
Nexlev,FBA79589,B0DNJP9T35,SS-02,Home & Kitchen,Cleaning & Vacumming,Nexlev Spin Scrubber - mini,9.0,1188.722739255882,1063.36,4999,1699.0,2224.94,376.47,22.16,-462.29,-27.21,469,469,0,0
Nexlev,FBA79590,B0DM6BB3VT,CFM-01,HPC,Electric Massagers,NexLev Calf Massager,8.2,990.3467358084704,885.9,3999,2999.0,2966.94,1970.29,65.7,635.42,21.19,2945,24,76,0
Nexlev,FBA79591,B0DM66B2DW,KM-01,HPC,Electric Massagers,NexLev Knee Massager,8.65,1038.277948792765,928.78,3399,1499.0,1535.94,498.84,33.28,-297.36,-19.84,67,66,0,0
Nexlev,FBA79595,B0DMSHZXG2,EM-02,HPC,Electric Massagers,NexLev Eye Massager - Pro,12.0,1421.140347207529,1271.26,6299,2599.0,1868.78,1203.97,46.32,31.65,1.22,9,9,0,0
Nexlev,FBA79596,B0DMT19RWC,MG-01,HPC,Electric Massagers,NexLev Massage Gun,7.8,941.3024705788233,842.03,3199,1799.0,1864.54,871.3,48.43,-25.64,-1.43,162,144,39,0
Nexlev,FBA79598,B0DNJJKBKG,BM-02,HPC,Electric Massagers,NexLev Back and Shoulder Massager,7.82,969.1737972352942,1024.96,3399,2599.0,1949.34,1450.27,55.8,225.11,8.66,249,249,17,0
Nexlev,FBA79652,B0F43P6D23,SC-05,Home & Kitchen,Cleaning & Vacumming,Steam Cleaner-Shine Pro,10.8,1442.751538447059,1290.6,5499,3649.0,3125.94,1801.78,49.38,447.39,12.26,6079,275,961,900
Nexlev,FBA79679,B0DVC7VJP1,ST-01,Home & Kitchen,Kitchen Appliances,Stand Mixer,25.5,3422.031243928941,3061.14,10999,6099.0,6358.94,2107.51,34.55,-411.41,-6.75,1754,2,166,96
Nexlev,FBA79673,B0FJG5PFGQ,ETC-07-WH,HPC,Oral Care,Electric Toothbrush - Type C- White,2.84,370.7116072824705,331.62,1199,799.0,677.34,345.5,43.24,-60.79,-7.61,2602,2539,59,20
Nexlev,FBA79677,B0DVCBR11D,NP-06,Home & Kitchen,Travel Accessories,NexLev Donut Pillow - Blue,3.6,500.364286875,447.6,1899,999.0,931.74,503.83,50.43,21.14,2.12,180,147,35,20
Nexlev,FBA79678,B0DVCDD5VC,NP-07,Home & Kitchen,Travel Accessories,NexLev Donut Pillow - Grey,3.6,500.6295333225,447.83,1899,999.0,930.68,503.6,50.41,-29.11,-2.91,253,238,24,10
Nexlev,FBA79683,B0DVC9PRSD,AP-01,Home & Kitchen,Air Purifier,Air Purifier - 5 Speed,85.0,10157.5494254592,9086.32,29999,16990.0,15147.4,5311.98,31.27,-1503.28,-8.85,54,38,28,0
Nexlev,FBA79681,B0DVC968P1,HU-01,Home & Kitchen,Air Purifier,Humidifier - Black,6.0,828.1827976785884,740.84,3599,1999.0,2224.94,953.23,47.69,58.29,2.92,74,73,1,0
Nexlev,FBA79682,B0DVC8NYY2,HU-02,Home & Kitchen,Air Purifier,Humidifier - White,6.0,817.0415588329412,730.88,2899,1799.0,2171.94,793.7,44.12,-37.35,-2.08,788,536,243,18
Nexlev,FBA79686,B0DV94R4QD,MGS-02,HPC,Electric Massagers,Massage Gun - Mini,3.61,435.150557856,389.26,1999,899.0,876.62,466.93,51.94,-30.48,-3.39,8,0,16,0
Nexlev,FBA79687,B0DV9CY3XR,MGC-03,HPC,Electric Massagers,Hot & Cold Massage Gun,8.15,979.9131594758823,876.57,3999,2119.0,2087.14,1141.53,53.87,123.7,5.84,55,49,21,0
Nexlev,FBA79688,B0DV8TR64D,MM-01,HPC,Electric Massagers,Foldable Massage Mat,51.8,6145.047201599999,5654.98,19999,9999.0,10598.94,2818.75,28.19,-1451.53,-14.52,2,2,0,0
Nexlev,FBA79689,B0DVSZ2VVJ,CFM-02,HPC,Electric Massagers,Complete Leg Massager,26.5,3169.762874660118,2993.48,11999,5999.0,6358.94,2719.86,45.34,77.64,1.29,1,0,10,0
Nexlev,FBA79692,B0DVC58QPZ,AP-03,Home & Kitchen,Air Purifier,NexLev Air Purifier Mini,17.0,2004.3549508608,1792.97,7999,4199.0,4874.94,1765.5,42.05,83.47,1.99,1566,378,175,0
Nexlev,FBA79693,B0DVC91Q7J,TM-05,HPC,Trimmers & Body Groomers,Vacuum Trimmer,9.0,1176.51339765847,1052.44,3499,3499.0,2648.94,1912.82,54.67,343.58,9.82,47,21,1,0
Nexlev,FBA79707,B0FJ1ZB4G9,ETC-08-BL,HPC,Oral Care,Electric Toothbrush - Type C- Blue,3.09,404.5080908795294,361.85,1499,799.0,783.34,315.27,39.46,-93.73,-11.73,1056,981,103,20
Nexlev,FBA79809,B0FJ8SFNRH,KE-03,Home & Kitchen,Kitchen Appliances,NexLev Grand SS 1.8L Electric Kettle,0.0,324.5,43.18,1499,749.0,645.54,591.57,78.98,164.16,21.92,1318,1238,92,0
Nexlev,FBA79810,B0FS7T8151,MF-01,Home & Kitchen,Kitchen Appliances,NexLev Delite Milk Frother,1.98,260.705247354,233.21,999,599.0,528.94,274.42,45.81,-45.08,-7.53,1790,1705,26,0
Nexlev,FBA79811,B0FSF1N457,MC-01,Home & Kitchen,Kitchen Appliances,NexLev ChopLite Electric Mini Chopper,2.28,299.8877864558823,268.26,1199,599.0,560.74,239.37,39.96,-52.32,-8.73,867,741,86,0
Nexlev,FBA79812,B0FS6TB7CP,PB-01,Home & Kitchen,Kitchen Appliances,NexLev TurboSip Portable Blender,9.950000000000001,1306.860547256471,1169.04,4999,2499.0,2223.88,948.76,37.97,-29.0,-1.16,2454,32,184,0
Nexlev,FBA79819,B0FT8R24QM,LR-03,Home & Kitchen,Fabric Care,NexLev Lint Remover - Battery Operated,1.2,157.3065790221176,140.72,699,399.0,380.54,197.42,49.48,-16.86,-4.23,3041,2710,529,0
Nexlev,FBA79849,B0FPGDVVCX,CFM-03,HPC,Electric Massagers,NexLev Calf Massager,16.4,1956.836866102941,1750.47,7899,4999.0,4556.94,2485.97,49.73,338.79,6.78,12,12,77,20
Nexlev,FBA79971,B0GGHZWMVW,SP-01,Home & Kitchen,Cleaning & Vacumming,NexLev Spot Cleaner,38.2,5344.856012448,4781.18,17899,9499.0,,3268.82,34.41,-543.94,-5.73,4047,5,38,0
Nexlev,FBA79984,B0GM1CZC7Y,MR-03,Home & Kitchen,Cleaning & Vacumming,NexLev Mite Remover Pro,16.3,2001.475485741176,1790.4,9999,6599.0,,3801.98,57.61,1089.22,16.51,1883,143,52,40
Nexlev,FBA79988,B0GN8N96R5,AP-04,Home & Kitchen,Air Purifier,NexLev Air Purifier - AP180 Pro,24.75,2894.895573564706,2589.6,11099,6199.0,,2663.79,42.97,217.53,3.51,494,399,19,0
Nexlev,FBA79989,B0GN86G345,CAP-05,Home & Kitchen,Air Purifier,NexLev Car Air Purifier ,10.98,1266.064237058824,1132.54,4899,2299.0,,815.76,35.48,-102.71,-4.47,486,356,40,0
Nexlev,FBA79991,B0GN85NZQN,DH-01,Home & Kitchen,Air Purifier,NexLev Dehumidifier - 1000ml,17.0,1996.999597720588,1786.39,7599,5999.0,,3297.51,54.97,1090.06,18.17,2289,1,459,459
Nexlev,FBA79992,B0GN94YDY2,ST-02,Kitchen Appliances,Stand Mixer,NexLev Stand Mixer - 6.2L,45.5,5962.510506601058,5391.65,23799,11999.0,,4777.0,39.81,190.32,1.59,622,12,49,0
Nexlev,FBA79993,B0GN8WW6BC,ST-03,Kitchen Appliances,Stand Mixer,NexLev Stand Mixer - 8L,51.5,6790.381866719999,6074.26,27229,13999.0,,5789.3,41.36,510.39,3.65,564,3,46,0
White Mulberry,FBA79167,B0CPFS24ML,WM-GD07-CB,Z-shaped Desk,,Z-shaped Desk,0.0,,180.0,18999,7849.0,,6471.69,82.45,3468.77,44.19,204,0,0,0
White Mulberry,FBA76415,B0BFWD6SNF,WM-LOD-CF,L-shaped Desk,,L-shaped Desk,0.0,,180.0,14999,8499.0,,7022.54,82.63,3877.37,45.62,63,8,0,0
White Mulberry,FBA76416,B0BFW59TRG,WM-LOD-BK,L-shaped Desk,,L-shaped Desk,0.0,,180.0,14999,8499.0,,7022.54,82.63,3877.37,45.62,21,0,0,0
White Mulberry,FBA76417,B0BFVMDJ2K,WM-LOD-WH,L-shaped Desk,,L-shaped Desk,0.0,,180.0,14999,8499.0,,7022.54,82.63,3741.37,44.02,76,0,0,0
White Mulberry,FBA76418,B0BFVNS8HS,WM-LOD-IN,L-shaped Desk,,L-shaped Desk,0.0,,180.0,14999,8499.0,,7022.54,82.63,3969.37,46.7,34,0,0,0
White Mulberry,FBA79175,B0CPT2YJX2,WM-LODN-BK,L-shaped Desk,,L-shaped Desk,24.91,,3197.22,0,8499.0,,4005.32,47.13,912.14,10.73,15,15,0,0
White Mulberry,FBA79166,B0CPFP9ZL4,WM-LWS-CF,L-shaped Desk,,L-shaped Desk,24.99,,3276.91,0,8499.0,,3925.63,46.19,1545.91,18.19,0,0,0,0
White Mulberry,FBA79667,B0DQPK7MFH,WM-LODN-WH,L-shaped Desk,,L-shaped Desk,24.99,,3206.91,17999,8499.0,,3995.63,47.01,532.45,6.26,0,0,0,0
White Mulberry,FBA79668,B0DQPLCZ3G,WM-LODN-BK,L-shaped Desk,,L-shaped Desk,24.99,,3206.91,17999,8499.0,,3995.63,47.01,-289.55,-3.41,0,0,0,0
White Mulberry,FBA79669,B0DQPLMQQ7,WM-LWS-CF,L-shaped Desk,,L-shaped Desk,24.91,,3197.22,17999,8499.0,,4005.32,47.13,267.14,3.14,0,0,0,0
White Mulberry,FBA79670,B0DQPGLK2T,WM-LWS-GR,L-shaped Desk,,L-shaped Desk,24.91,,3197.22,17999,8499.0,,4005.32,47.13,267.14,3.14,0,0,0,0
White Mulberry,FBA76382,B0BF4T7SWK,WM-MH05P-BK,Manual Sit-stand,,Manual Sit-stand,61.0,,7638.62,0,15001.0,,5074.09,33.82,-238.24,-1.59,2,1,0,0
White Mulberry,FBK76387,B0BF4S7V8C,WM-MH05P-WH,Manual Sit-stand,,Manual Sit-stand,54.0,,6790.75,0,15001.0,,5921.96,39.48,1385.68,9.24,0,0,0,0
White Mulberry,FBK76764,B0BMV1WPHL,WM-MH05P-CF,Manual Sit-stand,,Manual Sit-stand,54.0,,6790.75,0,13999.0,,5072.81,36.24,-208.87,-1.49,0,0,0,0
White Mulberry,FBA79175,B0CPT2YJX2,WM-SMD09-WH,Manual Sit-stand,,Manual Sit-stand,24.91,,3197.22,0,8499.0,,4005.32,47.13,912.14,10.73,15,15,0,0
White Mulberry,FBA79176,B0CPT25SD8,WM-MD09-BK,Manual Sit-stand,,Manual Sit-stand,54.4,,6839.2,0,15001.0,,5873.51,39.15,459.19,3.06,0,0,0,0
White Mulberry,FBA79658,B0DQ1PKNSP,WM-MDL-WH,Manual Sit-stand,,Manual Sit-stand,49.62,,6260.22,28999,15001.0,,6452.49,43.01,1661.21,11.07,0,0,0,0
White Mulberry,FBA79659,B0DQ1NV8D2,WM-MDL-BK,Manual Sit-stand,,Manual Sit-stand,49.62,,6260.22,28999,15001.0,,6452.49,43.01,1833.21,12.22,1,1,0,0
White Mulberry,FBA76383,B0BF4TKQKN,WM-SEH04P-BK,Motorised Sit-stand,,Motorised Sit-stand,83.0,,10303.38,34999,15001.0,,2409.34,16.06,-2485.94,-16.57,0,0,0,0
White Mulberry,FBA76388,B0BF4VRJJ1,WM-SEH04P-WH,Motorised Sit-stand,,Motorised Sit-stand,83.0,,10303.38,0,15999.0,,3255.1,20.35,-1919.62,-12.0,0,0,0,0
White Mulberry,FBA79433,B0DC3JRBW1,WM-SE08-WD,Motorised Sit-stand,,Motorised Sit-stand,64.0,,8002.0,0,15999.0,,5556.47,34.73,-542.25,-3.39,0,0,0,0
White Mulberry,FBA79177,B0CPT34B2L,WM-SE08-BK,Motorised Sit-stand,,Motorised Sit-stand,64.0,,8002.0,27999,15999.0,,5556.47,34.73,645.75,4.04,0,0,0,0
White Mulberry,FBA79178,B0CPT2NY5M,WM-SE08-WH,Motorised Sit-stand,,Motorised Sit-stand,64.0,,8002.0,27999,15999.0,,5556.47,34.73,645.75,4.04,11,0,0,0
White Mulberry,FBA79179,B0CPT3Q25C,WM-SE08-CF,Motorised Sit-stand,,Motorised Sit-stand,58.86,,7379.42,27999,15999.0,,6179.06,38.62,1268.34,7.93,17,0,0,0
White Mulberry,FBA79660,B0DQ4ZK2WQ,WM-MODL-BBW,Motorised Sit-stand,,Motorised Sit-stand,58.86,,7379.42,34999,15999.0,,6179.06,38.62,1368.34,8.55,0,0,0,0
White Mulberry,FBA79661,B0DQ51R95T,WM-MODL-BK,Motorised Sit-stand,,Motorised Sit-stand,58.86,,7379.42,34999,15999.0,,6179.06,38.62,1268.34,7.93,1,0,0,0
White Mulberry,FBA79662,B0DQ4YWSMC,WM-MODL-WH,Motorised Sit-stand,,Motorised Sit-stand,58.86,,7379.42,34999,15999.0,,6179.06,38.62,1368.34,8.55,32,12,0,0
White Mulberry,FBA79164,B0CPFN27Z2,WM-USE06-BK,USB Drawer Desk,,USB Drawer Desk,88.4,,10957.45,33999,22999.0,,8533.23,37.1,1762.51,7.66,3,0,0,0
White Mulberry,FBA79165,B0CPFPT6DZ,WM-USE06-WH,USB Drawer Desk,,USB Drawer Desk,88.4,,10957.45,33999,24999.0,,10228.14,40.91,2797.42,11.19,0,0,0,0
White Mulberry,FBA79434,B0DC3SJMZ6,WM-USE06-WB,USB Drawer Desk,,USB Drawer Desk,88.4,,10957.45,33999,25999.0,,11075.6,42.6,2176.88,8.37,0,0,0,0
White Mulberry,FBA79435,B0DC3NPKGF,WM-USE06-WW,USB Drawer Desk,,USB Drawer Desk,88.4,,10957.45,33999,19999.0,,5990.86,29.96,-1227.86,-6.14,0,0,0,0
White Mulberry,FBA79476,B0DB5VG39T,WM-GS1M-BK,Single Gas Spring,,Single Gas Spring,8.08,,894.25,5399,2499.0,,1223.54,48.96,275.84,11.04,1022,0,72,22
White Mulberry,FBA79477,B0DB5VVPSB,WM-GS2M-BK,Dual Gas Spring,,Dual Gas Spring,15.02,,1662.34,7599,4599.0,,2235.12,48.6,619.42,13.47,776,200,74,3
White Mulberry,FBA79478,B0DB5W4TCP,WM-HA1M-BK,Single Height Adjustable,,Single Height Adjustable,5.2685,,583.09,3799,1599.0,,771.99,48.28,-0.38,-0.02,609,573,62,15
White Mulberry,FBA79479,B0DB5YTQZV,WM-HA2M-BK,Dual Height Adjustable,,Dual Height Adjustable,7.093,,785.02,5699,1899.0,,824.3,43.41,23.6,1.24,705,4,51,6
White Mulberry,FBA79612,B0DP2WC5VW,WM1ML,Wall Mount,,Wall Mount,9.221300000000001,,1020.57,3799,2899.0,,1436.21,49.54,368.51,12.71,2093,10,63,10
White Mulberry,FBA79613,B0DP2VVRND,MS1ML,Single Ht Adj Monitor Stand,,Single Ht Adj Monitor Stand,6.116750000000001,,676.97,2499,1959.0,,983.2,50.19,197.5,10.08,1008,5,83,84
White Mulberry,FBA79614,B0DP313R77,MS2ML,Dual Ht Adj Monitor Stand,,Dual Ht Adj Monitor Stand,8.69675,,962.51,3499,2859.0,,1460.37,51.08,371.67,13.0,0,0,4,4
White Mulberry,FBA79615,B0DP2Z5DQ9,VLMS1ML, Vertical Lift Steel Monitor Stand,, Vertical Lift Steel Monitor Stand,9.7061,,1074.22,3999,2799.0,,1297.81,46.37,194.11,6.94,261,197,22,20
White Mulberry,FBA79616,B0DP3194QN,HD1ML,Heavy Duty,,Heavy Duty,13.534,,1497.88,5599,3999.0,,1891.11,47.29,460.41,11.51,0,0,1,0
White Mulberry,FBA79617,B0DP32F346,HDWF1ML,Wooden Desk Mount,,Wooden Desk Mount,10.7969,,1194.95,4499,3199.0,,1516.07,47.39,297.37,9.3,640,22,125,18
White Mulberry,FBK79784,B0FN4FHH5Y,POS2M,POS Stand,,POS Stand,16.61,,1838.31,4499,5499.0,,2821.86,51.32,365.25,6.64,21,8,10,0
White Mulberry,FBK79785,B0FN4HDBN5,POS2MK,POS Stand,,POS Stand,22.31,,2469.16,6299,6899.0,,3377.45,48.96,356.81,5.17,11,3,0,0
White Mulberry,FBK79786,B0FN4FPJ83,POSS-01,POS Stand,,POS Stand,4.88,,540.09,4499,1999.0,,1153.97,57.73,179.36,8.97,130,70,68,0
White Mulberry,FBK79787,B0FN4GQ9HT,TVCF1ML,TV Wall Mount,,TV Wall Mount,1.44,,159.37,4499,729.0,,458.42,62.88,298.04,40.88,459,230,139,24
White Mulberry,FBK79788,B0FN4D3C89,TVCT1ML,TV Wall Mount,,TV Wall Mount,0.93,,102.93,4499,429.0,,260.63,60.75,166.25,38.75,1512,0,48,0
White Mulberry,FBK79789,B0FN4DSQ6P,TVMF1ML,TV Wall Mount,,TV Wall Mount,1.47,,162.69,4499,579.0,,327.99,56.65,200.61,34.65,1031,5,279,18
White Mulberry,FBK79790,B0FN4GJ9S1,TVLF1ML,TV Wall Mount,,TV Wall Mount,1.76,,194.79,4499,773.0,,460.3,59.55,290.24,37.55,551,551,0,0
White Mulberry,FBK79791,B0FN4HDM6Z,TVFM1ML,TV Wall Mount,,TV Wall Mount,5.96,,659.62,4499,2255.0,,1251.39,55.49,484.69,21.49,622,514,138,0
White Mulberry,FBK79792,B0FN4JG97R,HDMSP1ML,Heavy Duty Pole,,Heavy Duty Pole,16.22,,1795.15,6499,5499.0,,2865.02,52.1,511.41,9.3,0,0,1,0
White Mulberry,FBK79793,B0FN81FD8M,HDGS1ML,Heavy Duty Gas Spring,,Heavy Duty Gas Spring,25.82,,2857.63,4499,8470.0,,4320.34,51.01,765.71,9.04,10,10,2,0
