,,Programme=[Retail],Distributor View=[Manufacturing],View By=[ASIN],Countries=[IN],Businesses=[CAMBIUM RETAIL PRIVATE LIMITED - PC - MH - CRPL;Cambium Retail - Autio Array - Amazon Now;Cambium Retail Private Limited - Master - PC - MH;Cambium Retail Pvt. Lt. - Mumbai - cb;Cambium Retail Pvt. Ltd.-MH],Locale=[en_IN],Currency=[INR],Reporting Range=[Custom],Viewing Range=[01/11/25 - 30/11/25],Report Updated=[04/08/26]
SKU,Model,ASIN,Product Title,Brand,Store Code,Ordered Revenue,Ordered Units,Shipped Revenue,Shipped COGS,Shipped Units,Customer Returns
FBA79405,HSB-03,B0D9KFP4MG,Nexlev Hair Straightener Brush For Woman | Ionic Hair Straightener For Woman Brush | Ceramic Plates | 60mm Wide | Thermo Protect | 130–210°C Adjustable Heat | Keratin Bristles | 1500W HSB-03,nexlev,IN,36982.16,23,0,0,24,10
FBA79469,LE-04,B0DCK4DR1B,Nexlev Skin Lift Device | 7 Color LED | Face & Neck Skin Lifting| 3 Massage Modes| Face Sculpting Tool |Micro-currents to reduce Wrinkles| Hot Compress | Rechargeable| Type-C| 180 Min Use| Glow+ LE-04,nexlev,IN,34019.56,27,0,0,27,7
FBA79267,T-02,B0D2LD6BYJ,"NexLev 6-in-1 trimmer | Sensitive Bikini Trimmer for Women | Skin Safe with Rounded Tips & Foil Shaver| Hair Removal for Intimate Areas, Face, Arms, Legs & Body | 90 min Runtime |2H Quick Charge |T-02",nexlev,IN,16764.48,18,0,0,18,4
FBA79492,V-02,B0DT6Y7KJM,"NexLev IONIC Volumizer + Straightening Brush| 1200 W| Ceramic Tourmaline Coating| Hot Air Brush| Large Barrel| Ionic Technology| Dual bristles for drying, volumizing & straightening | 360° vents| V-02",nexlev,IN,11824.57,7,0,0,7,
FBA79266,T-01,B0D2LGR3GG,"NexLev 6-in-1 trimmer | Sensitive Bikini Trimmer for Women | Skin Safe with Rounded Tips & Safety Guards| Hair Removal for Intimate Areas, Face, Arms, Legs & Body | 90 min Runtime | Type C | T-01",nexlev,IN,11534.89,14,0,0,14,3
FBA79472,CM-02-PR,B0DFCDZWND,NexLev Cordless Electric Heating Pad| Period Cramp & Back Pain Relief Massager | 9 modes| Menstrual Cramp Relief|Type C| Crampfree Periods | Portable | Gift for Women| Strap upto 40 Inch |Purple CM-02,nexlev,IN,9897.12,8,0,0,11,3
FBA79467,TM-01,B0DK9LYT4P,NexLev Beard Trimmer| 90min Run Time| 40 Length Settings| 0.5mm Precision| Washable Stainless Steel Blades| Copper Motor| USB Type-C| IPX7 Waterproof| Travel Lock| 2 Beard Comb| 1 Year Warranty |TM-01,nexlev,IN,8703.4,13,0,0,14,8
FBA79406,HSB-04,B0DCK3N2JJ,NexLev Cordless Hair Straightener | Ionic Keratin Bristles Hair Straightener Brush for Woman | Up to 200°C Heating | 60 Min Runtime | Type-C Rechargeable Portable Styling Comb for Frizz Control,nexlev,IN,8183.04,4,0,0,4,1
FBA79333,HM-02,B0D63DTKQB,NexLev 2 in 1 Scalp Massager & red Light Therapy |LED Massage Comb for Hair Growth | 96 Tangle Free Silicone Kneading Nodes | Hand Like Head Massage | 120 Min Runtime | Type C | Washable Heads | HM-02,nexlev,IN,7659.04,6,0,0,6,4
FBA79493,V-03,B0DQCWRG3H,"NexLev Hot Air Brush For Hair | V-03 3 in 1 Volumizer Hair Blow Dry Brush with 1.5 Inch Barrel, Ceramic Tourmaline Coating, 1200W, Dual Bristle for Tangle Free Salon Styling",nexlev,IN,5262.71,3,0,0,3,2
FBA79483,TM-03,B0DK9NRBWJ,NexLev Intimate Trimmer for Men|Ceramic Blade|120 Min Runtime|Type C Charge | IPX7 Waterproof | 7000RPM Copper Motor| Cordless|LED Light| Travel Lock| Wet/Dry Groin & Body Shaver | Intimate Pro TM-03,nexlev,IN,5039.05,5,0,0,5,2
FBP79350,EA-01,B0D67727VG,NexLev LED Therapy Oil Applicator | Reduce Dandruff | Improve Hair Growth | EMS for Scalp Improvement | Red & Blue Light | High Frequency Massage for Better Absorption | 10 ML | Waterproof | EA-01,nexlev,IN,4405.7,4,0,0,4,2
FBA79481,TM-02,B0DFMRG2K4,"NexLev All in One Body Trimmer for Men | Suitable for Beard, Body, Balls, Pubic Hair, Private Parts | 90 Min Runtime |Type C | IPX 7 Waterproof | No Nicks No Cuts | 2 Safety Combs| Extra Blade | TM-02",nexlev,IN,3727.12,2,0,0,2,
FBA79332,HM-01,B0D63FKYZ5,NexLev Scalp Massager for Stress Relief | Head Massager for Hair Growth | 96 Tangle Free Silicone Kneading Nodes | Hand Like Massage | 120 Min Runtime | Type C | Washable Heads | 3 Modes | HM-01,nexlev,IN,3577.14,4,0,0,4,3
FBA79381,ETR-06,B0D9KCNVNM,Nexlev Oscillating Electric Toothbrush | 8000 Strokes/min | 25 Days Battery Life |Type C|3 modes| 2 Minute Timer |Quad Change Reminder| IPX7 Waterproof | For adults| 1 year warranty| SparklePro ETR-06,nexlev,IN,3048.3,3,0,0,3,1
FBA79404,FS-01,B0D9KFZYG8,"NexLev Vaporizer Steamer for Cough, Cold and Facial | Steam Inhaler for Cold and Cough with UV Sterilization | Nano Ionic Steam | Aroma Diffuser | 30 Sec Heating | Anti-Spill Design | FS-01",nexlev,IN,2625.44,2,0,0,2,1
FBA79233,ET-01-BK,B0CS69T7HF,NexLev Smart Electric Toothbrush for Adults | 2 Min Timer with Quadpacer | 3 Replacebale Heads|AAA Battery Powered | 2 Cleaning Modes|Upto 60 Days | Waterproof | Travel Case | Soft Bristle|ET-01 Black,nexlev,IN,2027.08,8,0,0,9,4
FBA79485,TM-04,B0DK9QNKK8,"NexLev 2 in 1 Nose, Ear & Body Trimmer for Men| Ceramic Blade| 7000 RPM Copper Motor| Type C Charge| 90 Min Runtime| IPX7 Waterproof| Cordless| Overcharge Protection|TM-04",nexlev,IN,1693.22,2,0,0,2,1
FBA79440,LE-02,B0DCGHKRXX,Nexlev Red Light Therapy For Hair Comb | Red & Blue LED Laser Comb For Hair Regrowth Phototherapy Scalp Massager | 49 Bristle Hair Growth Comb | Rechargeable Type-C | 3 Modes LE-02,nexlev,IN,1662.72,1,0,0,1,
FBA79346,ETC-04-WH,B0D25LNDSY,Nexlev Rechargeable Electric Toothbrush| 120 Days Life | 35K strokes/min| Type C| 5 Modes for Daily Use| 2 Min timer with 30sec Quadpacer | 4 Brushheads| IPX7 Waterproof| For Men & Women | ETC-04 White,nexlev,IN,1306.78,2,0,0,2,
FBA79234,ET-02-GN,B0CSG2JZ19,NexLev Smart Electric Toothbrush | 2-Min Timer with Quadpacer | 2 Replaceable Heads | AAA Battery | 3 Cleaning Modes | Upto 60 Days | Waterproof | Travel Case | Soft Bristles | ET-02 Green,nexlev,IN,1266.88,5,0,0,6,3
FBA79570,BR-01,B0DKJXRXKM,NexLev Blackhead & Whitehead Remover Tool | Rechargeable |1Hr Use| Acne & Pimple Pore Cleaner | 6 Heads | Electric Derma Suction Machine | Hydra Facial Cleanser Device for Face |For Men & Women |BR-01,nexlev,IN,1189.83,1,0,0,1,1
FBA79348,HD-02,B0D81DLSFT,Nexlev Hair Dryer for Man & Women | 1200W Foldable Hair Dryer | Cool Shot Function | 3 Heat & 2 Speed Settings | Overheat Protection | Portable Blow Dryer for Women | Black & Copper,nexlev,IN,698.31,1,0,0,1,
FBA79272,HS-01,B0D2LFMY48,"Nexlev Hair Styling Straightener & Curler| 2 in 1 Hair Styler| 200°C in 30 Seconds| Long Ceramic Floating Plates| Rounded Body for Curls| Plate Lock| Portable HS-01, Hair Straightener Tong - Black",nexlev,IN,677.12,1,0,0,1,1
FBK79347,ETC-05-PI,B0D842173P,Nexlev Electric Toothbrush| 40000 vibrations/min|USB Type C| 5 Modes| 2 Min timer| 30 sec Quad Interval| 4 Replaceable Brushheads With Cover| IPX7 Waterproof| For Adults|Sparkle Pro ETC-05 Sunset Pink,nexlev,IN,596.61,1,0,0,1,1
FBA79278,HD-01,B0D86ZC9YT,Nexlev Just Style Pro Hair Dryer |2100 W for Quick & Easy Blowdry | Double Heat Protection Technology | 3 Heat Settings & Cool Shot Function For Salon-Like Styling at Home (HD-01),nexlev,IN,0,0,,,,
FBA79271,V-01,B0D83Q7L8W,"NexLev Ionic Hot Air Brush | 3 in 1 Blow Dryer, Straightener & Styler | 360° Airflow Vents | Ceramic Tourmaline Coated Brushing Head | Tangle Free Bristle | 1200W | 3 Speed & 2 Heat Settings|V-01",nexlev,IN,0,0,,,,
FBA79590,CFM-01,B0DM6BB3VT,NexLev Calf Massager | Daily Use Leg Massager for Sore Muscle |1 Piece | Hand Like Massage with Air Compression | Improve Blood Circulation & Relieve Pain | 2500 mAh | Large Belt | Type C | CFM-01,nexlev,IN,0,0,0,0,1,
FBA79265,CR-01,B0D2LHNS9B,"NexLev Foot Callus Remover Electric Scrubber & Shaver for Dead, Hard & Cracked Skin Professional Pedicure at Home Waterproof Type C 3 Crystal Quartz Heads for Men and Women CR-01",nexlev,IN,0,0,,,,2
FBA79571,IPL-01,B0DKK12XWR,"NexLev Laser Hair Remover Device| Cooling Technology | Silky Skin for Women & Men |Painless & PermanentHair Reduction |Clinical-grade technology best suited for Indian Skin| At-home epilator for Face, Body & Bikini |IPL-01",nexlev,IN,0,0,0,0,1,
FBA79464,CM-01-BL,B0DFCDKMWR,NexLev Cordless Electric Heating Pad| Period Cramp & Back Pain Relief Massager | 9 modes| Menstrual Cramp Relief|Type C| Crampfree Periods | Portable | Gift for Women| Strap upto 40 Inch |Blue CM-01,nexlev,IN,0,0,0,0,1,
FBK79271,V-01 RG,B0DQ8W1RBV,Nexlev Ionic Volumizer|3 In 1 Hot Air Brush To Straight Dry & Volumize|1200 Watts|Reduce Frizz|Ceramic Tourmaline Coated Large Barrel|Salon Like Soft Curl At Home|3 Speed & 2 Heat Settings|V-01 RG,nexlev,IN,0,0,0,0,1,
FBA79443,LE-03,B0D9KFQG8Q,"Nexlev Skin Scrubber |Red & Blue LED Therapy| Blackhead Remover| Pore Cleaner| Skin Lifting & tightening, wrinkle remover| 2 Silicone Cleaning Heads| Facial Cleansing|Type C Charging| Elixir Pro LE-03",nexlev,IN,0,0,0,0,1,
FBA79573,EA-02,B0DKK15YNJ,NexLev Oil Applicator Comb|Red Led Light Therapy |Boost Hair Growth| Reduce Dandruff | Relieve Stress |High Vibration Corded Electric Scalp/Head Massager | 6 ML Oil Tank | 2 Hr Run-Time| Type-C|EA-02,nexlev,IN,0,0,0,0,1,
FBA79258,ET-03-BL,B0CSG3FC4G,Nexlev Sonic Spin Mop | ET-01 Extra Mop Pads | Water Spray Function | Mopping for all Floor types | ET-03,nexlev,IN,0,0,,,,