"return-date","order-id","sku","asin","fnsku","product-name","quantity","fulfillment-center-id","detailed-disposition","reason","license-plate-number","customer-comments"
"2026-05-21T04:38:32+00:00","403-2400247-1930753","FBA76417","B0BFVMDJ2K","X001MZZQ8V","White Mulberry L-Shape Corner Desk |DIY Assembly| Monitor Raising Shelf | Engineered Wood & Sturdy Steel Leg|Perfect for Office Home Gaming Study Desk Computer Table|L(130+130)*45 * 77cm|White","1","SDEG","SELLABLE","UNDELIVERABLE_REFUSED","LPNSDEGF099136",
"2026-05-20T11:30:45+00:00","406-2648444-6601917","FBA79167","B0CPFS24ML","X001Y5UYX1","White Mulberry Gaming Desk, Computer Desk with Carbon Fiber Surface, Z Shaped Gaming Table, Computer Table, Workstation, Home Office Desk with Cup Holder and Headphone Holder | (110 * 60 * 75 CM)","1","DEL4","SELLABLE","UNDELIVERABLE_UNKNOWN","LPNDEL4AA2147464",
"2026-05-19T08:03:32+00:00","405-4744559-6958733","FBA76416","B0BFW59TRG","X001N02VPV","White Mulberry L-Shape Corner Desk | Monitor Raising Shelf | Made of P2 Grade Melamine Particle Board & Sturdy Steel Leg | Suitable for Office, Home, Gaming, Streaming | Black |L(130+130)*B45*H77cm","1","SDEG","SELLABLE","UNDELIVERABLE_REFUSED","LPNSDEGF097985",
"2026-05-18T11:36:05+00:00","171-1585723-0908356","FBA79658","B0DQ1PKNSP","X0026ZHXR3","White Mulberry |120X60CM Table Top|Manual Sit Stand Desk|Multi-Purpose Manual Height Adjustable Ergonomic Desk - Office Work Study Table|3 Year Warranty| 80 Kg Weight Carrying Capacity - White","1","BLX1","CARRIER_DAMAGED","UNDELIVERABLE_REFUSED","LPNBLX1C155145",
"2026-05-15T08:29:30+00:00","402-4856546-1261939","FBA76415","B0BFWD6SNF","X001MZYX7L","White Mulberry L-Shape Corner Desk |DIY Assembly| Monitor Raising Shelf | Engineered Wood & Sturdy Steel Leg|Perfect for Office Home Gaming Study Desk Computer Table|L(130+130)*45 * 77cm|Carbon Fibre","1","SDEG","SELLABLE","UNDELIVERABLE_REFUSED","LPNSDEGF074601",
"2026-05-13T13:50:43+00:00","403-7495250-9937954","FBA76415","B0BFWD6SNF","X001MZYX7L","White Mulberry L-Shape Corner Desk |DIY Assembly| Monitor Raising Shelf | Engineered Wood & Sturdy Steel Leg|Perfect for Office Home Gaming Study Desk Computer Table|L(130+130)*45 * 77cm|Carbon Fibre","1","BLX1","CARRIER_DAMAGED","UNDELIVERABLE_UNKNOWN","LPNBLX1C154096",
"2026-05-12T07:19:54+00:00","408-0473775-6641108","FBA76417","B0BFVMDJ2K","X001MZZQ8V","White Mulberry L-Shape Corner Desk |DIY Assembly| Monitor Raising Shelf | Engineered Wood & Sturdy Steel Leg|Perfect for Office Home Gaming Study Desk Computer Table|L(130+130)*45 * 77cm|White","1","SBOB","CUSTOMER_DAMAGED","QUALITY_UNACCEPTABLE","LPNSBOB1362246",
"2026-05-11T10:31:39+00:00","404-1750959-8518722","FBA76417","B0BFVMDJ2K","X001MZZQ8V","White Mulberry L-Shape Corner Desk |DIY Assembly| Monitor Raising Shelf | Engineered Wood & Sturdy Steel Leg|Perfect for Office Home Gaming Study Desk Computer Table|L(130+130)*45 * 77cm|White","1","SHTI","CARRIER_DAMAGED","UNDELIVERABLE_UNKNOWN","LPNSHTI00006165",
"2026-05-10T09:15:43+00:00","402-1548587-3227555","FBA79167","B0CPFS24ML","X001Y5UYX1","White Mulberry Gaming Desk, Computer Desk with Carbon Fiber Surface, Z Shaped Gaming Table, Computer Table, Workstation, Home Office Desk with Cup Holder and Headphone Holder | (110 * 60 * 75 CM)","1","BOM5","CUSTOMER_DAMAGED","QUALITY_UNACCEPTABLE","LPNBOM5F5057136",
"2026-05-08T15:43:17+00:00","402-8374307-7441113","FBA76417","B0BFVMDJ2K","X001MZZQ8V","White Mulberry L-Shape Corner Desk |DIY Assembly| Monitor Raising Shelf | Engineered Wood & Sturdy Steel Leg|Perfect for Office Home Gaming Study Desk Computer Table|L(130+130)*45 * 77cm|White","1","SDEG","CUSTOMER_DAMAGED","QUALITY_UNACCEPTABLE","LPNSDEGF064205",
"2026-05-08T13:25:23+00:00","171-7381542-8368365","FBA79662","B0DQ4YWSMC","X00270AW07","White Mulberry |120X60CM Table Top|Motorized Sit Stand Desk|Multi-Purpose Electric Height Adjustable Ergonomic Desk - Office Work study Table|3 Year Warranty|Digital screen Advance Memory Preset-White","1","BLX1","CUSTOMER_DAMAGED","NOT_COMPATIBLE","LPNBLX1C042486",
"2026-05-08T07:49:38+00:00","403-3056736-6311553","FBA79167","B0CPFS24ML","X001Y5UYX1","White Mulberry Gaming Desk, Computer Desk with Carbon Fiber Surface, Z Shaped Gaming Table, Computer Table, Workstation, Home Office Desk with Cup Holder and Headphone Holder | (110 * 60 * 75 CM)","1","BLR7","CARRIER_DAMAGED","UNDELIVERABLE_REFUSED","LPNBLR7Y5321963",
"2026-05-06T06:52:28+00:00","403-2654029-0716338","FBA76417","B0BFVMDJ2K","X001MZZQ8V","White Mulberry L-Shape Corner Desk |DIY Assembly| Monitor Raising Shelf | Engineered Wood & Sturdy Steel Leg|Perfect for Office Home Gaming Study Desk Computer Table|L(130+130)*45 * 77cm|White","1","SHTI","SELLABLE","UNDELIVERABLE_REFUSED","LPNSHTI00005958",
"2026-05-06T05:51:00+00:00","404-9426288-6037168","FBA79167","B0CPFS24ML","X001Y5UYX1","White Mulberry Gaming Desk, Computer Desk with Carbon Fiber Surface, Z Shaped Gaming Table, Computer Table, Workstation, Home Office Desk with Cup Holder and Headphone Holder | (110 * 60 * 75 CM)","1","BOM5","CUSTOMER_DAMAGED","QUALITY_UNACCEPTABLE","LPNBOM5F5236158",
"2026-05-02T04:54:42+00:00","407-6201969-2856316","FBA76415","B0BFWD6SNF","X001MZYX7L","White Mulberry L-Shape Corner Desk |DIY Assembly| Monitor Raising Shelf | Engineered Wood & Sturdy Steel Leg|Perfect for Office Home Gaming Study Desk Computer Table|L(130+130)*45 * 77cm|Carbon Fibre","1","LMAA","CARRIER_DAMAGED","MISSING_PARTS","LPNLMAA0004457",
"2026-04-28T08:52:43+00:00","171-6713241-8377149","FBA76415","B0BFWD6SNF","X001MZYX7L","White Mulberry L-Shape Corner Desk |DIY Assembly| Monitor Raising Shelf | Engineered Wood & Sturdy Steel Leg|Perfect for Office Home Gaming Study Desk Computer Table|L(130+130)*45 * 77cm|Carbon Fibre","1","LMAA","CARRIER_DAMAGED","MISSING_PARTS","LPNLMAA0003844",
"2026-04-27T06:04:11+00:00","403-6021111-3520325","FBA76417","B0BFVMDJ2K","X001MZZQ8V","White Mulberry L-Shape Corner Desk |DIY Assembly| Monitor Raising Shelf | Engineered Wood & Sturdy Steel Leg|Perfect for Office Home Gaming Study Desk Computer Table|L(130+130)*45 * 77cm|White","1","LMAA","SELLABLE","UNDELIVERABLE_REFUSED","LPNLMAA0003335",
"2026-04-26T08:09:27+00:00","402-4881396-1030704","FBA79167","B0CPFS24ML","X001Y5UYX1","White Mulberry Gaming Desk, Computer Desk with Carbon Fiber Surface, Z Shaped Gaming Table, Computer Table, Workstation, Home Office Desk with Cup Holder and Headphone Holder | (110 * 60 * 75 CM)","1","DEL4","SELLABLE","UNDELIVERABLE_UNKNOWN","LPNDEL4AA2253845",
"2026-04-26T04:14:08+00:00","408-1134010-7973925","FBA79167","B0CPFS24ML","X001Y5UYX1","White Mulberry Gaming Desk, Computer Desk with Carbon Fiber Surface, Z Shaped Gaming Table, Computer Table, Workstation, Home Office Desk with Cup Holder and Headphone Holder | (110 * 60 * 75 CM)","1","BLR7","SELLABLE","QUALITY_UNACCEPTABLE","LPNBLR7Y5321963",
"2026-04-26T03:22:50+00:00","406-9614580-4613163","FBA76417","B0BFVMDJ2K","X001MZZQ8V","White Mulberry L-Shape Corner Desk |DIY Assembly| Monitor Raising Shelf | Engineered Wood & Sturdy Steel Leg|Perfect for Office Home Gaming Study Desk Computer Table|L(130+130)*45 * 77cm|White","1","SPUN","CARRIER_DAMAGED","QUALITY_UNACCEPTABLE","LPNSPUN46511",
"2026-04-25T05:33:44+00:00","171-3077342-1790757","FBA79662","B0DQ4YWSMC","X00270AW07","White Mulberry |120X60CM Table Top|Motorized Sit Stand Desk|Multi-Purpose Electric Height Adjustable Ergonomic Desk - Office Work study Table|3 Year Warranty|Digital screen Advance Memory Preset-White","1","LMAA","CARRIER_DAMAGED","QUALITY_UNACCEPTABLE","LPNLMAA0002840",
"2026-04-25T03:48:59+00:00","404-4908572-3783532","FBA76864","B0BPLZ5CGV","X002FOAUSJ","Audio Array AI-04 HD 2x2 Gen 3 Audio Interface | Premium Mic Pre-Amps | 48V Phantom Power | 24bit/192kHz Hi-Fi Recording | XLR/MIC/LINE inputs | Plug & Play-No Drivers | 2 in 3 out | Metal Body | Red","1","BLR7","CARRIER_DAMAGED","UNDELIVERABLE_REFUSED","LPNBLR7Y6090385",
"2026-04-22T10:55:13+00:00","407-4868470-8499505","FBA76417","B0BFVMDJ2K","X001MZZQ8V","White Mulberry L-Shape Corner Desk |DIY Assembly| Monitor Raising Shelf | Engineered Wood & Sturdy Steel Leg|Perfect for Office Home Gaming Study Desk Computer Table|L(130+130)*45 * 77cm|White","1","LMAA","SELLABLE","UNDELIVERABLE_UNKNOWN","LPNLMAA0001354",
"2026-04-22T04:17:57+00:00","406-5030280-5555520","FBA76416","B0BFW59TRG","X001N02VPV","White Mulberry L-Shape Corner Desk | Monitor Raising Shelf | Made of P2 Grade Melamine Particle Board & Sturdy Steel Leg | Suitable for Office, Home, Gaming, Streaming | Black |L(130+130)*B45*H77cm","1","SDEG","CUSTOMER_DAMAGED","SWITCHEROO","LPNSDEGF117193",
"2026-04-21T20:42:51+00:00","403-7744956-9735520","FBA79167","B0CPFS24ML","X001Y5UYX1","White Mulberry Gaming Desk, Computer Desk with Carbon Fiber Surface, Z Shaped Gaming Table, Computer Table, Workstation, Home Office Desk with Cup Holder and Headphone Holder | (110 * 60 * 75 CM)","1","CCX1","CARRIER_DAMAGED","UNDELIVERABLE_REFUSED","LPNCCX1B1519621",
"2026-04-20T05:04:40+00:00","171-5598784-9947515","FBA76864","B0BPLZ5CGV","X002FOAUSJ","Audio Array AI-04 HD 2x2 Gen 3 Audio Interface | Premium Mic Pre-Amps | 48V Phantom Power | 24bit/192kHz Hi-Fi Recording | XLR/MIC/LINE inputs | Plug & Play-No Drivers | 2 in 3 out | Metal Body | Red","1","BLR7","CUSTOMER_DAMAGED","DEFECTIVE","LPNBLR7Y5552415",
"2026-04-18T05:41:14+00:00","404-0309463-1310709","FBA79167","B0CPFS24ML","X001Y5UYX1","White Mulberry Gaming Desk, Computer Desk with Carbon Fiber Surface, Z Shaped Gaming Table, Computer Table, Workstation, Home Office Desk with Cup Holder and Headphone Holder | (110 * 60 * 75 CM)","1","DEL4","SELLABLE","UNDELIVERABLE_REFUSED","LPNDEL4AA0788989",
"2026-04-15T13:55:57+00:00","407-7885481-2445152","FBA76417","B0BFVMDJ2K","X001MZZQ8V","White Mulberry L-Shape Corner Desk |DIY Assembly| Monitor Raising Shelf | Engineered Wood & Sturdy Steel Leg|Perfect for Office Home Gaming Study Desk Computer Table|L(130+130)*45 * 77cm|White","1","SMAB","CARRIER_DAMAGED","UNDELIVERABLE_REFUSED","LPNSMAB1153810",
"2026-04-15T08:47:44+00:00","407-3585151-4323522","FBA76417","B0BFVMDJ2K","X001MZZQ8V","White Mulberry L-Shape Corner Desk |DIY Assembly| Monitor Raising Shelf | Engineered Wood & Sturdy Steel Leg|Perfect for Office Home Gaming Study Desk Computer Table|L(130+130)*45 * 77cm|White","1","SDEG","CUSTOMER_DAMAGED","DEFECTIVE","LPNSDEGF027993",
"2026-04-12T10:47:54+00:00","407-0802588-3857957","FBA76415","B0BFWD6SNF","X001MZYX7L","White Mulberry L-Shape Corner Desk |DIY Assembly| Monitor Raising Shelf | Engineered Wood & Sturdy Steel Leg|Perfect for Office Home Gaming Study Desk Computer Table|L(130+130)*45 * 77cm|Carbon Fibre","1","SDEG","SELLABLE","UNDELIVERABLE_UNKNOWN","LPNSDEGF026167",
"2026-04-11T06:17:07+00:00","408-2417441-1123516","FBK76764","B0BMV1WPHL","X00242TZTH","White Mulberry Ergonomic Sit Stand Desk | Standing Desk for Office, Home & Study | Everyday Ergonomic Desk | 1200mm x 600mm | Carbon Fibre","1","SHTI","CARRIER_DAMAGED","QUALITY_UNACCEPTABLE","LPNSHTI00004704",
"2026-04-09T03:38:39+00:00","406-0798045-4525148","FBA79662","B0DQ4YWSMC","X00270AW07","White Mulberry |120X60CM Table Top|Motorized Sit Stand Desk|Multi-Purpose Electric Height Adjustable Ergonomic Desk - Office Work study Table|3 Year Warranty|Digital screen Advance Memory Preset-White","1","SDEG","CARRIER_DAMAGED","MISORDERED","LPNSDEGF168570",
"2026-04-08T10:17:09+00:00","406-3115014-9939528","FBA79167","B0CPFS24ML","X001Y5UYX1","White Mulberry Gaming Desk, Computer Desk with Carbon Fiber Surface, Z Shaped Gaming Table, Computer Table, Workstation, Home Office Desk with Cup Holder and Headphone Holder | (110 * 60 * 75 CM)","1","DEL4","SELLABLE","UNDELIVERABLE_UNKNOWN","LPNDEL4AA2155169",
"2026-04-08T09:53:57+00:00","403-7697438-5361950","FBA79167","B0CPFS24ML","X001Y5UYX1","White Mulberry Gaming Desk, Computer Desk with Carbon Fiber Surface, Z Shaped Gaming Table, Computer Table, Workstation, Home Office Desk with Cup Holder and Headphone Holder | (110 * 60 * 75 CM)","1","MAA4","CARRIER_DAMAGED","UNDELIVERABLE_REFUSED","LPNMAA4Z0044638",
"2026-04-07T23:27:35+00:00","402-3182844-0423531","FBA79167","B0CPFS24ML","X001Y5UYX1","White Mulberry Gaming Desk, Computer Desk with Carbon Fiber Surface, Z Shaped Gaming Table, Computer Table, Workstation, Home Office Desk with Cup Holder and Headphone Holder | (110 * 60 * 75 CM)","1","CCX1","SELLABLE","NO_REASON_GIVEN","LPNCCX1B1676425",
"2026-04-07T08:05:07+00:00","404-2599173-5513112","FBA79662","B0DQ4YWSMC","X00270AW07","White Mulberry |120X60CM Table Top|Motorized Sit Stand Desk|Multi-Purpose Electric Height Adjustable Ergonomic Desk - Office Work study Table|3 Year Warranty|Digital screen Advance Memory Preset-White","1","BLX1","CUSTOMER_DAMAGED","QUALITY_UNACCEPTABLE","LPNBLX1C066978",
"2026-04-06T21:28:06+00:00","408-0894434-7394724","FBA79167","B0CPFS24ML","X001Y5UYX1","White Mulberry Gaming Desk, Computer Desk with Carbon Fiber Surface, Z Shaped Gaming Table, Computer Table, Workstation, Home Office Desk with Cup Holder and Headphone Holder | (110 * 60 * 75 CM)","1","CCX1","CUSTOMER_DAMAGED","DEFECTIVE","LPNCCX1B1676919",
"2026-04-06T19:49:19+00:00","402-0299451-2765120","FBA79167","B0CPFS24ML","X001Y5UYX1","White Mulberry Gaming Desk, Computer Desk with Carbon Fiber Surface, Z Shaped Gaming Table, Computer Table, Workstation, Home Office Desk with Cup Holder and Headphone Holder | (110 * 60 * 75 CM)","1","CCX1","SELLABLE","UNDELIVERABLE_REFUSED","LPNCCX1B2787065",
"2026-04-06T09:26:15+00:00","402-1769603-3523555","FBA79167","B0CPFS24ML","X001Y5UYX1","White Mulberry Gaming Desk, Computer Desk with Carbon Fiber Surface, Z Shaped Gaming Table, Computer Table, Workstation, Home Office Desk with Cup Holder and Headphone Holder | (110 * 60 * 75 CM)","1","MAA4","SELLABLE","UNDELIVERABLE_REFUSED","LPNMAA4Z0044156",
"2026-04-06T08:31:32+00:00","408-6381953-4631553","FBA79662","B0DQ4YWSMC","X00270AW07","White Mulberry |120X60CM Table Top|Motorized Sit Stand Desk|Multi-Purpose Electric Height Adjustable Ergonomic Desk - Office Work study Table|3 Year Warranty|Digital screen Advance Memory Preset-White","1","SPUN","CUSTOMER_DAMAGED","SWITCHEROO","LPNSPUN45721",
"2026-04-05T06:19:10+00:00","408-5061007-8220304","FBA79167","B0CPFS24ML","X001Y5UYX1","White Mulberry Gaming Desk, Computer Desk with Carbon Fiber Surface, Z Shaped Gaming Table, Computer Table, Workstation, Home Office Desk with Cup Holder and Headphone Holder | (110 * 60 * 75 CM)","1","BLR7","SELLABLE","NOT_COMPATIBLE","LPNBLR7Y6062118",
"2026-04-04T08:29:33+00:00","404-3586878-1942709","FBA79167","B0CPFS24ML","X001Y5UYX1","White Mulberry Gaming Desk, Computer Desk with Carbon Fiber Surface, Z Shaped Gaming Table, Computer Table, Workstation, Home Office Desk with Cup Holder and Headphone Holder | (110 * 60 * 75 CM)","1","DEL4","SELLABLE","UNDELIVERABLE_REFUSED","LPNDEL4AA2909513",
"2026-04-04T05:05:55+00:00","406-7410699-4348354","FBA79167","B0CPFS24ML","X001Y5UYX1","White Mulberry Gaming Desk, Computer Desk with Carbon Fiber Surface, Z Shaped Gaming Table, Computer Table, Workstation, Home Office Desk with Cup Holder and Headphone Holder | (110 * 60 * 75 CM)","1","BOM5","SELLABLE","QUALITY_UNACCEPTABLE","LPNBOM5F4750684",
"2026-04-03T06:19:12+00:00","402-5121290-6150762","FBA79167","B0CPFS24ML","X001Y5UYX1","White Mulberry Gaming Desk, Computer Desk with Carbon Fiber Surface, Z Shaped Gaming Table, Computer Table, Workstation, Home Office Desk with Cup Holder and Headphone Holder | (110 * 60 * 75 CM)","1","BLR7","SELLABLE","UNDELIVERABLE_REFUSED","LPNBLR7Y6061498",
"2026-04-02T22:22:31+00:00","408-3588035-4966746","FBA79167","B0CPFS24ML","X001Y5UYX1","White Mulberry Gaming Desk, Computer Desk with Carbon Fiber Surface, Z Shaped Gaming Table, Computer Table, Workstation, Home Office Desk with Cup Holder and Headphone Holder | (110 * 60 * 75 CM)","1","CCX1","CUSTOMER_DAMAGED","MISORDERED","LPNCCX1B1791593",
"2026-04-02T09:06:26+00:00","407-9710322-7452309","FBA76415","B0BFWD6SNF","X001MZYX7L","White Mulberry L-Shape Corner Desk |DIY Assembly| Monitor Raising Shelf | Engineered Wood & Sturdy Steel Leg|Perfect for Office Home Gaming Study Desk Computer Table|L(130+130)*45 * 77cm|Carbon Fibre","1","SMAB","CUSTOMER_DAMAGED","DEFECTIVE","LPNSMAB1152091",
"2026-04-01T07:39:28+00:00","406-6943963-1269164","FBA79167","B0CPFS24ML","X001Y5UYX1","White Mulberry Gaming Desk, Computer Desk with Carbon Fiber Surface, Z Shaped Gaming Table, Computer Table, Workstation, Home Office Desk with Cup Holder and Headphone Holder | (110 * 60 * 75 CM)","1","MAA4","CUSTOMER_DAMAGED","QUALITY_UNACCEPTABLE","LPNMAA4Z0042841",
"2026-04-01T04:41:19+00:00","407-5389538-7877131","FBA79167","B0CPFS24ML","X001Y5UYX1","White Mulberry Gaming Desk, Computer Desk with Carbon Fiber Surface, Z Shaped Gaming Table, Computer Table, Workstation, Home Office Desk with Cup Holder and Headphone Holder | (110 * 60 * 75 CM)","1","BLR7","CARRIER_DAMAGED","UNDELIVERABLE_REFUSED","LPNBLR7Y6066340",
"2026-03-30T05:18:49+00:00","404-1982461-8334714","FBA76417","B0BFVMDJ2K","X001MZZQ8V","White Mulberry L-Shape Corner Desk |DIY Assembly| Monitor Raising Shelf | Engineered Wood & Sturdy Steel Leg|Perfect for Office Home Gaming Study Desk Computer Table|L(130+130)*45 * 77cm|White","1","SBOB","CARRIER_DAMAGED","UNDELIVERABLE_REFUSED","LPNSBOB1349280",
"2026-03-29T10:53:53+00:00","405-8091328-8864306","FBA79167","B0CPFS24ML","X001Y5UYX1","White Mulberry Gaming Desk, Computer Desk with Carbon Fiber Surface, Z Shaped Gaming Table, Computer Table, Workstation, Home Office Desk with Cup Holder and Headphone Holder | (110 * 60 * 75 CM)","1","BLR7","DAMAGED","UNDELIVERABLE_REFUSED","LPNBLR7Y5210343",
"2026-03-29T08:39:47+00:00","404-0275397-5471541","FBA79167","B0CPFS24ML","X001Y5UYX1","White Mulberry Gaming Desk, Computer Desk with Carbon Fiber Surface, Z Shaped Gaming Table, Computer Table, Workstation, Home Office Desk with Cup Holder and Headphone Holder | (110 * 60 * 75 CM)","1","MAA4","SELLABLE","SWITCHEROO","LPNMAA4Z0042171",
"2026-03-29T04:27:01+00:00","408-2590879-7685922","FBA76417","B0BFVMDJ2K","X001MZZQ8V","White Mulberry L-Shape Corner Desk |DIY Assembly| Monitor Raising Shelf | Engineered Wood & Sturdy Steel Leg|Perfect for Office Home Gaming Study Desk Computer Table|L(130+130)*45 * 77cm|White","1","SCCE","CUSTOMER_DAMAGED","SWITCHEROO","LPNSCCE00184933",
"2026-03-28T09:39:21+00:00","404-8968142-0792368","FBA79167","B0CPFS24ML","X001Y5UYX1","White Mulberry Gaming Desk, Computer Desk with Carbon Fiber Surface, Z Shaped Gaming Table, Computer Table, Workstation, Home Office Desk with Cup Holder and Headphone Holder | (110 * 60 * 75 CM)","1","DEL4","CUSTOMER_DAMAGED","QUALITY_UNACCEPTABLE","LPNDEL4AA2286093",
"2026-03-27T07:20:53+00:00","171-0125093-8349152","FBA76417","B0BFVMDJ2K","X001MZZQ8V","White Mulberry L-Shape Corner Desk |DIY Assembly| Monitor Raising Shelf | Engineered Wood & Sturdy Steel Leg|Perfect for Office Home Gaming Study Desk Computer Table|L(130+130)*45 * 77cm|White","1","SDEG","CUSTOMER_DAMAGED","MISORDERED","LPNSDEGF065164",
"2026-03-27T06:20:12+00:00","404-1687880-6063541","FBA79167","B0CPFS24ML","X001Y5UYX1","White Mulberry Gaming Desk, Computer Desk with Carbon Fiber Surface, Z Shaped Gaming Table, Computer Table, Workstation, Home Office Desk with Cup Holder and Headphone Holder | (110 * 60 * 75 CM)","1","MAA4","SELLABLE","UNDELIVERABLE_UNKNOWN","LPNMAA4Z0059504",
"2026-03-26T08:09:19+00:00","403-3951292-6220302","FBA79167","B0CPFS24ML","X001Y5UYX1","White Mulberry Gaming Desk, Computer Desk with Carbon Fiber Surface, Z Shaped Gaming Table, Computer Table, Workstation, Home Office Desk with Cup Holder and Headphone Holder | (110 * 60 * 75 CM)","1","MAA4","CUSTOMER_DAMAGED","DAMAGED_BY_FC","LPNMAA4Z0059330",
"2026-03-26T03:23:19+00:00","405-0953308-8736342","FBA79167","B0CPFS24ML","X001Y5UYX1","White Mulberry Gaming Desk, Computer Desk with Carbon Fiber Surface, Z Shaped Gaming Table, Computer Table, Workstation, Home Office Desk with Cup Holder and Headphone Holder | (110 * 60 * 75 CM)","1","BLR7","CUSTOMER_DAMAGED","NOT_COMPATIBLE","LPNBLR7Y4679561",
"2026-03-25T09:41:45+00:00","406-9047503-4368345","FBA79105","B0CM6WH4ZT","X002FOC6Q3","Audio Array AI-12 USB Bluetooth Soundcard | 1Ch Mixer interface | 2 mic inputs, 2 smartphone & PC/Mac outputs | Karaoke Recording, Mobile/PC Streaming, Live Broadcasting | Singing, Recording,Gaming","1","MAA4","SELLABLE","DEFECTIVE","LPNMAA4Z0830579",
"2026-03-25T09:36:16+00:00","405-3581691-5369106","FBA76864","B0BPLZ5CGV","X002FOAUSJ","Audio Array AI-04 2x2 Gen 3 Audio Interface | Premium Mic Pre-Amps | 48V Phantom Power | 24bit/192kHz Hi-Fi Recording | XLR/MIC/LINE inputs | Plug & Play-No Drivers | 2 in 3 out | Metal Body | Red","1","MAA4","CUSTOMER_DAMAGED","MISSING_PARTS","LPNMAA4Z0101471",
"2026-03-25T06:27:33+00:00","402-0123406-2553920","FBA76382","B0BF4T7SWK","X001MUB3RT","White Mulberry Alloy Steel Manual Height Adjustable Desk | Ergonomic Design | Ecofriendly Desk | Sit Stand Desk for Office, Home & Study Table| 1200Mm X 600Mm | Black","1","SPUN","CARRIER_DAMAGED","QUALITY_UNACCEPTABLE","LPNSPUN42808",
"2026-03-24T08:44:26+00:00","171-4543580-4224365","FBA79167","B0CPFS24ML","X001Y5UYX1","White Mulberry Gaming Desk, Computer Desk with Carbon Fiber Surface, Z Shaped Gaming Table, Computer Table, Workstation, Home Office Desk with Cup Holder and Headphone Holder | (110 * 60 * 75 CM)","1","MAA4","SELLABLE","NEVER_ARRIVED","LPNMAA4Z1581821",
"2026-03-24T05:27:29+00:00","405-9845223-9216346","FBA76417","B0BFVMDJ2K","X001MZZQ8V","White Mulberry L-Shape Corner Desk |DIY Assembly| Monitor Raising Shelf | Engineered Wood & Sturdy Steel Leg|Perfect for Office Home Gaming Study Desk Computer Table|L(130+130)*45 * 77cm|White","1","SDEG","CUSTOMER_DAMAGED","SWITCHEROO","LPNSDEGF163243",
"2026-03-24T05:25:16+00:00","407-9639385-9630765","FBA79167","B0CPFS24ML","X001Y5UYX1","White Mulberry Gaming Desk, Computer Desk with Carbon Fiber Surface, Z Shaped Gaming Table, Computer Table, Workstation, Home Office Desk with Cup Holder and Headphone Holder | (110 * 60 * 75 CM)","1","BOM5","SELLABLE","UNDELIVERABLE_REFUSED","LPNBOM5F4762284",
"2026-03-23T21:05:27+00:00","171-7548460-4662708","FBA79167","B0CPFS24ML","X001Y5UYX1","White Mulberry Gaming Desk, Computer Desk with Carbon Fiber Surface, Z Shaped Gaming Table, Computer Table, Workstation, Home Office Desk with Cup Holder and Headphone Holder | (110 * 60 * 75 CM)","1","CCX1","CARRIER_DAMAGED","UNDELIVERABLE_UNKNOWN","LPNCCX1B3858977",
"2026-03-23T20:55:02+00:00","404-5470169-2657130","FBA79167","B0CPFS24ML","X001Y5UYX1","White Mulberry Gaming Desk, Computer Desk with Carbon Fiber Surface, Z Shaped Gaming Table, Computer Table, Workstation, Home Office Desk with Cup Holder and Headphone Holder | (110 * 60 * 75 CM)","1","CCX1","SELLABLE","UNDELIVERABLE_REFUSED","LPNCCX1A7630036",
"2026-03-21T08:22:38+00:00","408-4471119-8377132","FBA76765","B0BMQQQ7YD","X001O7YYCV","White Mulberry Motorized Height Adjustable Sit-Stand Desk | Electronic Height Adjustable | Motor & Memory Preset Controller | Office, Workstation or Home | Carbon Fibre | 120 * 60*H(75-118) cm","1","BLX1","CUSTOMER_DAMAGED","MISORDERED","LPNBLX1B166145",
"2026-03-20T22:16:40+00:00","403-9476963-2225946","FBA79167","B0CPFS24ML","X001Y5UYX1","White Mulberry Gaming Desk, Computer Desk with Carbon Fiber Surface, Z Shaped Gaming Table, Computer Table, Workstation, Home Office Desk with Cup Holder and Headphone Holder | (110 * 60 * 75 CM)","1","CCX1","CUSTOMER_DAMAGED","QUALITY_UNACCEPTABLE","LPNCCX1B1556066",
"2026-03-20T14:02:20+00:00","402-7079474-8183544","FBA76415","B0BFWD6SNF","X001MZYX7L","White Mulberry L-Shape Corner Desk |DIY Assembly| Monitor Raising Shelf | Engineered Wood & Sturdy Steel Leg|Perfect for Office Home Gaming Study Desk Computer Table|L(130+130)*45 * 77cm|Carbon Fibre","1","SDEG","DEFECTIVE","QUALITY_UNACCEPTABLE","LPNSDEGF160987",
"2026-03-20T05:01:53+00:00","171-8141999-1229119","FBA79167","B0CPFS24ML","X001Y5UYX1","White Mulberry Gaming Desk, Computer Desk with Carbon Fiber Surface, Z Shaped Gaming Table, Computer Table, Workstation, Home Office Desk with Cup Holder and Headphone Holder | (110 * 60 * 75 CM)","1","BOM5","SELLABLE","DEFECTIVE","LPNBOM5F4511969",
"2026-03-19T19:46:22+00:00","404-3222980-0185109","FBA79167","B0CPFS24ML","X001Y5UYX1","White Mulberry Gaming Desk, Computer Desk with Carbon Fiber Surface, Z Shaped Gaming Table, Computer Table, Workstation, Home Office Desk with Cup Holder and Headphone Holder | (110 * 60 * 75 CM)","1","CCX1","CUSTOMER_DAMAGED","QUALITY_UNACCEPTABLE","LPNCCX1B1708329",
"2026-03-19T03:46:12+00:00","407-7618238-2153136","FBA79167","B0CPFS24ML","X001Y5UYX1","White Mulberry Gaming Desk, Computer Desk with Carbon Fiber Surface, Z Shaped Gaming Table, Computer Table, Workstation, Home Office Desk with Cup Holder and Headphone Holder | (110 * 60 * 75 CM)","1","MAA4","SELLABLE","UNDELIVERABLE_REFUSED","LPNMAA4Z2097916",
"2026-03-19T03:35:18+00:00","405-5016744-6382726","FBA79167","B0CPFS24ML","X001Y5UYX1","White Mulberry Gaming Desk, Computer Desk with Carbon Fiber Surface, Z Shaped Gaming Table, Computer Table, Workstation, Home Office Desk with Cup Holder and Headphone Holder | (110 * 60 * 75 CM)","1","BLR7","CUSTOMER_DAMAGED","QUALITY_UNACCEPTABLE","LPNBLR7Y4677053",
"2026-03-19T03:32:29+00:00","406-8729444-6533961","FBA79167","B0CPFS24ML","X001Y5UYX1","White Mulberry Gaming Desk, Computer Desk with Carbon Fiber Surface, Z Shaped Gaming Table, Computer Table, Workstation, Home Office Desk with Cup Holder and Headphone Holder | (110 * 60 * 75 CM)","1","BLR7","CUSTOMER_DAMAGED","QUALITY_UNACCEPTABLE","LPNBLR7Y4677052",
"2026-03-18T12:07:27+00:00","405-7854742-4267523","FBA76417","B0BFVMDJ2K","X001MZZQ8V","White Mulberry L-Shape Corner Desk |DIY Assembly| Monitor Raising Shelf | Engineered Wood & Sturdy Steel Leg|Perfect for Office Home Gaming Study Desk Computer Table|L(130+130)*45 * 77cm|White","1","BLX1","SELLABLE","SWITCHEROO","LPNBLX1C064295",
"2026-03-18T09:33:49+00:00","403-3751559-0700361","FBA79167","B0CPFS24ML","X001Y5UYX1","White Mulberry Gaming Desk, Computer Desk with Carbon Fiber Surface, Z Shaped Gaming Table, Computer Table, Workstation, Home Office Desk with Cup Holder and Headphone Holder | (110 * 60 * 75 CM)","1","BLR7","SELLABLE","UNDELIVERABLE_UNKNOWN","LPNBLR7Y5507908",
"2026-03-18T09:31:11+00:00","403-4795988-1241952","FBA79167","B0CPFS24ML","X001Y5UYX1","White Mulberry Gaming Desk, Computer Desk with Carbon Fiber Surface, Z Shaped Gaming Table, Computer Table, Workstation, Home Office Desk with Cup Holder and Headphone Holder | (110 * 60 * 75 CM)","1","BLR7","SELLABLE","QUALITY_UNACCEPTABLE","LPNBLR7Y5507907",
"2026-03-18T08:54:37+00:00","406-9712846-9799554","FBA79105","B0CM6WH4ZT","X002FOC6Q3","Audio Array AI-12 USB Bluetooth Soundcard | 1Ch Mixer interface | 2 mic inputs, 2 smartphone & PC/Mac outputs | Karaoke Recording, Mobile/PC Streaming, Live Broadcasting | Singing, Recording,Gaming","1","MAA4","SELLABLE","UNDELIVERABLE_REFUSED","LPNMAA4Z1966671",
"2026-03-17T07:59:26+00:00","403-4219343-7127544","FBA76417","B0BFVMDJ2K","X001MZZQ8V","White Mulberry L-Shape Corner Desk |DIY Assembly| Monitor Raising Shelf | Engineered Wood & Sturdy Steel Leg|Perfect for Office Home Gaming Study Desk Computer Table|L(130+130)*45 * 77cm|White","1","SDEG","CUSTOMER_DAMAGED","MISSING_PARTS","LPNSDEGF148528",
"2026-03-17T05:33:45+00:00","403-3704384-2236362","FBA76415","B0BFWD6SNF","X001MZYX7L","White Mulberry L-Shape Corner Desk |DIY Assembly| Monitor Raising Shelf | Engineered Wood & Sturdy Steel Leg|Perfect for Office Home Gaming Study Desk Computer Table|L(130+130)*45 * 77cm|Carbon Fibre","1","SMAB","SELLABLE","UNDELIVERABLE_UNKNOWN","LPNSMAB1148659",
"2026-03-17T04:38:13+00:00","405-2961749-2129920","FBA79167","B0CPFS24ML","X001Y5UYX1","White Mulberry Gaming Desk, Computer Desk with Carbon Fiber Surface, Z Shaped Gaming Table, Computer Table, Workstation, Home Office Desk with Cup Holder and Headphone Holder | (110 * 60 * 75 CM)","1","MAA4","SELLABLE","SWITCHEROO","LPNMAA4Z2097474",
"2026-03-16T14:48:42+00:00","407-8807668-9907503","FBA76416","B0BFW59TRG","X001N02VPV","White Mulberry L-Shape Corner Desk | Monitor Raising Shelf | Made of P2 Grade Melamine Particle Board & Sturdy Steel Leg | Suitable for Office, Home, Gaming, Streaming | Black |L(130+130)*B45*H77cm","1","SDEG","CUSTOMER_DAMAGED","SWITCHEROO","LPNSDEGF148240",
"2026-03-16T11:41:34+00:00","407-9075585-8298758","FBA79167","B0CPFS24ML","X001Y5UYX1","White Mulberry Gaming Desk, Computer Desk with Carbon Fiber Surface, Z Shaped Gaming Table, Computer Table, Workstation, Home Office Desk with Cup Holder and Headphone Holder | (110 * 60 * 75 CM)","1","MAA4","SELLABLE","UNDELIVERABLE_REFUSED","LPNMAA4Z0099572",
"2026-03-16T11:33:16+00:00","406-4636875-2312357","FBA79167","B0CPFS24ML","X001Y5UYX1","White Mulberry Gaming Desk, Computer Desk with Carbon Fiber Surface, Z Shaped Gaming Table, Computer Table, Workstation, Home Office Desk with Cup Holder and Headphone Holder | (110 * 60 * 75 CM)","1","BLR7","CUSTOMER_DAMAGED","QUALITY_UNACCEPTABLE","LPNBLR7Y5507267",
"2026-03-15T10:25:34+00:00","402-3781702-6451545","FBA76416","B0BFW59TRG","X001N02VPV","White Mulberry L-Shape Corner Desk | Monitor Raising Shelf | Made of P2 Grade Melamine Particle Board & Sturdy Steel Leg | Suitable for Office, Home, Gaming, Streaming | Black |L(130+130)*B45*H77cm","1","SBOB","SELLABLE","UNDELIVERABLE_REFUSED","LPNSBOB1343711",
"2026-03-15T08:09:46+00:00","402-6769498-4821109","FBA79167","B0CPFS24ML","X001Y5UYX1","White Mulberry Gaming Desk, Computer Desk with Carbon Fiber Surface, Z Shaped Gaming Table, Computer Table, Workstation, Home Office Desk with Cup Holder and Headphone Holder | (117 * 67 * 71 CM)","1","DEL4","CUSTOMER_DAMAGED","QUALITY_UNACCEPTABLE","LPNDEL4AA2382415",
"2026-03-15T04:22:18+00:00","408-3673989-0050748","FBA79167","B0CPFS24ML","X001Y5UYX1","White Mulberry Gaming Desk, Computer Desk with Carbon Fiber Surface, Z Shaped Gaming Table, Computer Table, Workstation, Home Office Desk with Cup Holder and Headphone Holder | (110 * 60 * 75 CM)","1","BOM5","DAMAGED","UNDELIVERABLE_REFUSED","LPNBOM5F4575674",
"2026-03-15T04:12:19+00:00","407-4708597-8145914","FBA79167","B0CPFS24ML","X001Y5UYX1","White Mulberry Gaming Desk, Computer Desk with Carbon Fiber Surface, Z Shaped Gaming Table, Computer Table, Workstation, Home Office Desk with Cup Holder and Headphone Holder | (110 * 60 * 75 CM)","1","DEL4","CUSTOMER_DAMAGED","QUALITY_UNACCEPTABLE","LPNDEL4AA2278419",
"2026-03-14T22:17:41+00:00","407-4006008-5736369","FBA79167","B0CPFS24ML","X001Y5UYX1","White Mulberry Gaming Desk, Computer Desk with Carbon Fiber Surface, Z Shaped Gaming Table, Computer Table, Workstation, Home Office Desk with Cup Holder and Headphone Holder | (110 * 60 * 75 CM)","1","CCX1","SELLABLE","UNDELIVERABLE_REFUSED","LPNCCX1A7607453",
"2026-03-14T07:04:12+00:00","408-0832973-9373953","FBA79658","B0DQ1PKNSP","X0026ZHXR3","White Mulberry |120X60CM Table Top|Manual Sit Stand Desk|Multi-Purpose Manual Height Adjustable Ergonomic Desk - Office Work Study Table|3 Year Warranty| 80 Kg Weight Carrying Capacity - White","1","SDEG","SELLABLE","UNDELIVERABLE_UNKNOWN","LPNSDEGF146540",
"2026-03-14T06:39:43+00:00","408-5494812-7282710","FBA79167","B0CPFS24ML","X001Y5UYX1","White Mulberry Gaming Desk, Computer Desk with Carbon Fiber Surface, Z Shaped Gaming Table, Computer Table, Workstation, Home Office Desk with Cup Holder and Headphone Holder | (110 * 60 * 75 CM)","1","MAA4","CUSTOMER_DAMAGED","QUALITY_UNACCEPTABLE","LPNMAA4Z2026540",
"2026-03-13T23:41:25+00:00","408-1533345-0430703","FBA79167","B0CPFS24ML","X001Y5UYX1","White Mulberry Gaming Desk, Computer Desk with Carbon Fiber Surface, Z Shaped Gaming Table, Computer Table, Workstation, Home Office Desk with Cup Holder and Headphone Holder | (110 * 60 * 75 CM)","1","CCX1","CARRIER_DAMAGED","UNDELIVERABLE_REFUSED","LPNCCX1A7669627",
"2026-03-13T10:48:14+00:00","408-1737006-2292301","FBA76765","B0BMQQQ7YD","X001O7YYCV","White Mulberry Motorized Height Adjustable Sit-Stand Desk | Electronic Height Adjustable | Motor & Memory Preset Controller | Office, Workstation or Home | Carbon Fibre | 120 * 60*H(75-118) cm","1","BLX1","SELLABLE","UNDELIVERABLE_REFUSED","LPNBLX1C063457",
"2026-03-13T08:47:19+00:00","406-8610881-6169132","FBA79662","B0DQ4YWSMC","X00270AW07","White Mulberry |120X60CM Table Top|Motorized Sit Stand Desk|Multi-Purpose Electric Height Adjustable Ergonomic Desk - Office Work study Table|3 Year Warranty|Digital screen Advance Memory Preset-White","1","BLX1","CUSTOMER_DAMAGED","DEFECTIVE","LPNBLX1C063412",
"2026-03-12T07:43:45+00:00","407-5193921-5638723","FBA79167","B0CPFS24ML","X001Y5UYX1","White Mulberry Gaming Desk, Computer Desk with Carbon Fiber Surface, Z Shaped Gaming Table, Computer Table, Workstation, Home Office Desk with Cup Holder and Headphone Holder | (110 * 60 * 75 CM)","1","BLR7","SELLABLE","NO_REASON_GIVEN","LPNBLR7Y5505685",
"2026-03-12T03:57:53+00:00","402-7824877-8897116","FBA79167","B0CPFS24ML","X001Y5UYX1","White Mulberry Gaming Desk, Computer Desk with Carbon Fiber Surface, Z Shaped Gaming Table, Computer Table, Workstation, Home Office Desk with Cup Holder and Headphone Holder | (110 * 60 * 75 CM)","1","BLR7","SELLABLE","QUALITY_UNACCEPTABLE","LPNBLR7Y5505537",
"2026-03-11T12:43:54+00:00","403-2815144-4157918","FBA79167","B0CPFS24ML","X001Y5UYX1","White Mulberry Gaming Desk, Computer Desk with Carbon Fiber Surface, Z Shaped Gaming Table, Computer Table, Workstation, Home Office Desk with Cup Holder and Headphone Holder | (110 * 60 * 75 CM)","1","MAA4","SELLABLE","UNDELIVERABLE_REFUSED","LPNMAA4Z1376873",
"2026-03-11T09:19:03+00:00","405-3197437-9134722","FBA79167","B0CPFS24ML","X001Y5UYX1","White Mulberry Gaming Desk, Computer Desk with Carbon Fiber Surface, Z Shaped Gaming Table, Computer Table, Workstation, Home Office Desk with Cup Holder and Headphone Holder | (110 * 60 * 75 CM)","1","BLR7","SELLABLE","UNDELIVERABLE_UNKNOWN","LPNBLR7Y5534985",
"2026-03-10T10:01:34+00:00","404-3315050-0505969","FBA79167","B0CPFS24ML","X001Y5UYX1","White Mulberry Gaming Desk, Computer Desk with Carbon Fiber Surface, Z Shaped Gaming Table, Computer Table, Workstation, Home Office Desk with Cup Holder and Headphone Holder | (110 * 60 * 75 CM)","1","DEL4","CUSTOMER_DAMAGED","MISORDERED","LPNDEL4AA0691370",
"2026-03-10T09:59:50+00:00","405-7798277-6789168","FBA79167","B0CPFS24ML","X001Y5UYX1","White Mulberry Gaming Desk, Computer Desk with Carbon Fiber Surface, Z Shaped Gaming Table, Computer Table, Workstation, Home Office Desk with Cup Holder and Headphone Holder | (117 * 67 * 71 CM)","1","BLR7","SELLABLE","DEFECTIVE","LPNBLR7Y5534661",
"2026-03-10T09:56:58+00:00","407-8783344-6655565","FBA79167","B0CPFS24ML","X001Y5UYX1","White Mulberry Gaming Desk, Computer Desk with Carbon Fiber Surface, Z Shaped Gaming Table, Computer Table, Workstation, Home Office Desk with Cup Holder and Headphone Holder | (117 * 67 * 71 CM)","1","BLR7","SELLABLE","UNDELIVERABLE_REFUSED","LPNBLR7Y5534660",
"2026-03-10T09:47:53+00:00","404-1775703-7481956","FBA79167","B0CPFS24ML","X001Y5UYX1","White Mulberry Gaming Desk, Computer Desk with Carbon Fiber Surface, Z Shaped Gaming Table, Computer Table, Workstation, Home Office Desk with Cup Holder and Headphone Holder | (110 * 60 * 75 CM)","1","DEL4","CUSTOMER_DAMAGED","MISSING_PARTS","LPNDEL4AA1580861",
"2026-03-10T08:12:01+00:00","402-7935106-6677936","FBA79167","B0CPFS24ML","X001Y5UYX1","White Mulberry Gaming Desk, Computer Desk with Carbon Fiber Surface, Z Shaped Gaming Table, Computer Table, Workstation, Home Office Desk with Cup Holder and Headphone Holder | (117 * 67 * 71 CM)","1","MAA4","SELLABLE","SWITCHEROO","LPNMAA4Z2025606",
"2026-03-10T05:46:26+00:00","402-7090403-4913133","FBA79167","B0CPFS24ML","X001Y5UYX1","White Mulberry Gaming Desk, Computer Desk with Carbon Fiber Surface, Z Shaped Gaming Table, Computer Table, Workstation, Home Office Desk with Cup Holder and Headphone Holder | (110 * 60 * 75 CM)","1","DEL4","CUSTOMER_DAMAGED","SWITCHEROO","LPNDEL4AA0691233",
"2026-03-09T11:46:12+00:00","403-4142659-6849109","FBA76415","B0BFWD6SNF","X001MZYX7L","White Mulberry L-Shape Corner Desk |DIY Assembly| Monitor Raising Shelf | Engineered Wood & Sturdy Steel Leg|Perfect for Office Home Gaming Study Desk Computer Table|L(130+130)*45 * 77cm|Carbon Fibre","1","SMAB","CUSTOMER_DAMAGED","DEFECTIVE","LPNSMAB1146978",
"2026-03-09T07:52:47+00:00","406-2814996-5885163","FBA79167","B0CPFS24ML","X001Y5UYX1","White Mulberry Gaming Desk, Computer Desk with Carbon Fiber Surface, Z Shaped Gaming Table, Computer Table, Workstation, Home Office Desk with Cup Holder and Headphone Holder | (110 * 60 * 75 CM)","1","DEL4","CUSTOMER_DAMAGED","MISSING_PARTS","LPNDEL4AA0690899",
"2026-03-09T05:49:21+00:00","404-2509859-1037104","FBA76864","B0BPLZ5CGV","X002FOAUSJ","Audio Array AI-04 2x2 Gen 3 Audio Interface | Premium Mic Pre-Amps | 48V Phantom Power | 24bit/192kHz Hi-Fi Recording | XLR/MIC/LINE inputs | Plug & Play-No Drivers | 2 in 3 out | Metal Body | Red","1","MAA4","SELLABLE","DEFECTIVE","LPNMAA4Z2078093",
"2026-03-08T23:05:12+00:00","402-3989320-1732330","FBA79167","B0CPFS24ML","X001Y5UYX1","White Mulberry Gaming Desk, Computer Desk with Carbon Fiber Surface, Z Shaped Gaming Table, Computer Table, Workstation, Home Office Desk with Cup Holder and Headphone Holder | (110 * 60 * 75 CM)","1","CCX1","SELLABLE","UNDELIVERABLE_REFUSED","LPNCCX1B3688240",
"2026-03-08T17:41:44+00:00","171-8143880-6461925","FBA79167","B0CPFS24ML","X001Y5UYX1","White Mulberry Gaming Desk, Computer Desk with Carbon Fiber Surface, Z Shaped Gaming Table, Computer Table, Workstation, Home Office Desk with Cup Holder and Headphone Holder | (110 * 60 * 75 CM)","1","CCX1","SELLABLE","UNDELIVERABLE_REFUSED","LPNCCX1B1484686",
"2026-03-08T09:26:45+00:00","408-7463413-9527508","FBA79167","B0CPFS24ML","X001Y5UYX1","White Mulberry Gaming Desk, Computer Desk with Carbon Fiber Surface, Z Shaped Gaming Table, Computer Table, Workstation, Home Office Desk with Cup Holder and Headphone Holder | (110 * 60 * 75 CM)","1","DEL4","CUSTOMER_DAMAGED","QUALITY_UNACCEPTABLE","LPNDEL4AA2900708",
"2026-03-08T08:56:56+00:00","404-0924252-9942705","FBA79167","B0CPFS24ML","X001Y5UYX1","White Mulberry Gaming Desk, Computer Desk with Carbon Fiber Surface, Z Shaped Gaming Table, Computer Table, Workstation, Home Office Desk with Cup Holder and Headphone Holder | (117 * 67 * 71 CM)","1","DEL4","SELLABLE","QUALITY_UNACCEPTABLE","LPNDEL4AA0690584",
"2026-03-08T05:12:10+00:00","406-0225867-6759563","FBA79167","B0CPFS24ML","X001Y5UYX1","White Mulberry Gaming Desk, Computer Desk with Carbon Fiber Surface, Z Shaped Gaming Table, Computer Table, Workstation, Home Office Desk with Cup Holder and Headphone Holder | (110 * 60 * 75 CM)","1","DEL4","CUSTOMER_DAMAGED","QUALITY_UNACCEPTABLE","LPNDEL4AA0690466",
"2026-03-08T04:39:16+00:00","404-2424249-3133164","FBA79167","B0CPFS24ML","X001Y5UYX1","White Mulberry Gaming Desk, Computer Desk with Carbon Fiber Surface, Z Shaped Gaming Table, Computer Table, Workstation, Home Office Desk with Cup Holder and Headphone Holder | (110 * 60 * 75 CM)","1","BOM5","SELLABLE","UNDELIVERABLE_UNKNOWN","LPNBOM5F4354591",
"2026-03-08T04:05:38+00:00","171-9159846-7285946","FBA79167","B0CPFS24ML","X001Y5UYX1","White Mulberry Gaming Desk, Computer Desk with Carbon Fiber Surface, Z Shaped Gaming Table, Computer Table, Workstation, Home Office Desk with Cup Holder and Headphone Holder | (110 * 60 * 75 CM)","1","BOM5","CUSTOMER_DAMAGED","QUALITY_UNACCEPTABLE","LPNBOM5F4309016",
"2026-03-08T03:54:55+00:00","402-7732426-9009938","FBA79167","B0CPFS24ML","X001Y5UYX1","White Mulberry Gaming Desk, Computer Desk with Carbon Fiber Surface, Z Shaped Gaming Table, Computer Table, Workstation, Home Office Desk with Cup Holder and Headphone Holder | (110 * 60 * 75 CM)","1","BLR7","SELLABLE","NO_REASON_GIVEN","LPNBLR7Y5533713",
"2026-03-08T03:52:00+00:00","406-6348584-5371525","FBA79167","B0CPFS24ML","X001Y5UYX1","White Mulberry Gaming Desk, Computer Desk with Carbon Fiber Surface, Z Shaped Gaming Table, Computer Table, Workstation, Home Office Desk with Cup Holder and Headphone Holder | (110 * 60 * 75 CM)","1","BOM5","CARRIER_DAMAGED","UNDELIVERABLE_UNKNOWN","LPNBOM5F4309009",
"2026-03-07T10:13:07+00:00","406-3844247-0983507","FBA79167","B0CPFS24ML","X001Y5UYX1","White Mulberry Gaming Desk, Computer Desk with Carbon Fiber Surface, Z Shaped Gaming Table, Computer Table, Workstation, Home Office Desk with Cup Holder and Headphone Holder | (110 * 60 * 75 CM)","1","DEL4","SELLABLE","UNDELIVERABLE_UNKNOWN","LPNDEL4AA0690271",
"2026-03-07T05:48:11+00:00","403-5313140-4030716","FBA79105","B0CM6WH4ZT","X002FOC6Q3","Audio Array AI-12 USB Bluetooth Soundcard | 1Ch Mixer interface | 2 mic inputs, 2 smartphone & PC/Mac outputs | Karaoke Recording, Mobile/PC Streaming, Live Broadcasting | Singing, Recording,Gaming","1","CCX1","SELLABLE","UNDELIVERABLE_REFUSED","LPNCCX1B1526480",
"2026-03-07T04:51:12+00:00","404-3921474-3981111","FBA79658","B0DQ1PKNSP","X0026ZHXR3","White Mulberry |120X60CM Table Top|Manual Sit Stand Desk|Multi-Purpose Manual Height Adjustable Ergonomic Desk - Office Work Study Table|3 Year Warranty| 80 Kg Weight Carrying Capacity - White","1","SDEG","SELLABLE","UNDELIVERABLE_REFUSED","LPNSDEGF127471",
"2026-03-06T11:46:51+00:00","407-6139395-6795533","FBA79167","B0CPFS24ML","X001Y5UYX1","White Mulberry Gaming Desk, Computer Desk with Carbon Fiber Surface, Z Shaped Gaming Table, Computer Table, Workstation, Home Office Desk with Cup Holder and Headphone Holder | (117 * 67 * 71 CM)","1","BLR7","SELLABLE","UNDELIVERABLE_REFUSED","LPNBLR7Y5533244",
"2026-03-06T09:12:59+00:00","404-7756318-7403540","FBA79167","B0CPFS24ML","X001Y5UYX1","White Mulberry Gaming Desk, Computer Desk with Carbon Fiber Surface, Z Shaped Gaming Table, Computer Table, Workstation, Home Office Desk with Cup Holder and Headphone Holder | (117 * 67 * 71 CM)","1","BLR7","SELLABLE","UNDELIVERABLE_UNKNOWN","LPNBLR7Y5533169",
"2026-03-06T09:11:34+00:00","406-0578479-2414745","FBA79167","B0CPFS24ML","X001Y5UYX1","White Mulberry Gaming Desk, Computer Desk with Carbon Fiber Surface, Z Shaped Gaming Table, Computer Table, Workstation, Home Office Desk with Cup Holder and Headphone Holder | (110 * 60 * 75 CM)","1","BLR7","SELLABLE","UNDELIVERABLE_REFUSED","LPNBLR7Y5533168",
"2026-03-06T05:25:08+00:00","171-9400544-0173147","FBA79167","B0CPFS24ML","X001Y5UYX1","White Mulberry Gaming Desk, Computer Desk with Carbon Fiber Surface, Z Shaped Gaming Table, Computer Table, Workstation, Home Office Desk with Cup Holder and Headphone Holder | (110 * 60 * 75 CM)","1","HYD8","CUSTOMER_DAMAGED","DEFECTIVE","LPNHYD8EG31328",
"2026-03-06T04:43:55+00:00","402-7280771-9705169","FBA79167","B0CPFS24ML","X001Y5UYX1","White Mulberry Gaming Desk, Computer Desk with Carbon Fiber Surface, Z Shaped Gaming Table, Computer Table, Workstation, Home Office Desk with Cup Holder and Headphone Holder | (110 * 60 * 75 CM)","1","BLR7","SELLABLE","UNDELIVERABLE_REFUSED","LPNBLR7Y5532974",
"2026-03-06T04:25:06+00:00","403-4869580-9862738","FBA79167","B0CPFS24ML","X001Y5UYX1","White Mulberry Gaming Desk, Computer Desk with Carbon Fiber Surface, Z Shaped Gaming Table, Computer Table, Workstation, Home Office Desk with Cup Holder and Headphone Holder | (110 * 60 * 75 CM)","1","BLR7","CUSTOMER_DAMAGED","DEFECTIVE","LPNBLR7Y5532966",
"2026-03-06T04:23:49+00:00","407-1221889-8366734","FBA79167","B0CPFS24ML","X001Y5UYX1","White Mulberry Gaming Desk, Computer Desk with Carbon Fiber Surface, Z Shaped Gaming Table, Computer Table, Workstation, Home Office Desk with Cup Holder and Headphone Holder | (117 * 67 * 71 CM)","1","BLR7","CARRIER_DAMAGED","UNDELIVERABLE_REFUSED","LPNBLR7Y5532961",
"2026-03-05T10:32:57+00:00","403-3060137-1569113","FBA79167","B0CPFS24ML","X001Y5UYX1","White Mulberry Gaming Desk, Computer Desk with Carbon Fiber Surface, Z Shaped Gaming Table, Computer Table, Workstation, Home Office Desk with Cup Holder and Headphone Holder | (117 * 67 * 71 CM)","1","MAA4","CARRIER_DAMAGED","UNDELIVERABLE_UNKNOWN","LPNMAA4Z0659671",
"2026-03-05T08:09:57+00:00","407-8088860-9078737","FBA79105","B0CM6WH4ZT","X002FOC6Q3","Audio Array AI-12 USB Bluetooth Soundcard | 1Ch Mixer interface | 2 mic inputs, 2 smartphone & PC/Mac outputs | Karaoke Recording, Mobile/PC Streaming, Live Broadcasting | Singing, Recording,Gaming","1","MAA4","SELLABLE","UNDELIVERABLE_REFUSED","LPNMAA4Z2071623",
"2026-03-05T07:57:06+00:00","404-2239042-0849117","FBA76415","B0BFWD6SNF","X001MZYX7L","White Mulberry L-Shape Corner Desk |DIY Assembly| Monitor Raising Shelf | Engineered Wood & Sturdy Steel Leg|Perfect for Office Home Gaming Study Desk Computer Table|L(130+130)*45 * 77cm|Carbon Fibre","1","SMAB","CUSTOMER_DAMAGED","QUALITY_UNACCEPTABLE","LPNSMAB1145982",
"2026-03-04T11:06:19+00:00","406-3517514-2176360","FBA79167","B0CPFS24ML","X001Y5UYX1","White Mulberry Gaming Desk, Computer Desk with Carbon Fiber Surface, Z Shaped Gaming Table, Computer Table, Workstation, Home Office Desk with Cup Holder and Headphone Holder | (110 * 60 * 75 CM)","1","BLR7","SELLABLE","UNDELIVERABLE_REFUSED","LPNBLR7Y5532393",
"2026-03-04T06:47:42+00:00","402-4280323-4327540","FBA79167","B0CPFS24ML","X001Y5UYX1","White Mulberry Gaming Desk, Computer Desk with Carbon Fiber Surface, Z Shaped Gaming Table, Computer Table, Workstation, Home Office Desk with Cup Holder and Headphone Holder | (110 * 60 * 75 CM)","1","BOM5","SELLABLE","UNDELIVERABLE_UNKNOWN","LPNBOM5F4688742",
"2026-03-04T05:56:55+00:00","408-8360817-3037932","FBA79105","B0CM6WH4ZT","X002FOC6Q3","Audio Array AI-12 USB Bluetooth Soundcard | 1Ch Mixer interface | 2 mic inputs, 2 smartphone & PC/Mac outputs | Karaoke Recording, Mobile/PC Streaming, Live Broadcasting | Singing, Recording,Gaming","1","CCX1","SELLABLE","DEFECTIVE","LPNCCX1B3644301",
"2026-03-04T04:45:29+00:00","402-1733210-6526763","FBA79167","B0CPFS24ML","X001Y5UYX1","White Mulberry Gaming Desk, Computer Desk with Carbon Fiber Surface, Z Shaped Gaming Table, Computer Table, Workstation, Home Office Desk with Cup Holder and Headphone Holder | (110 * 60 * 75 CM)","1","BOM5","DAMAGED","UNDELIVERABLE_REFUSED","LPNBOM5F4614578",
"2026-03-03T21:04:26+00:00","171-4258135-2997968","FBA79167","B0CPFS24ML","X001Y5UYX1","White Mulberry Gaming Desk, Computer Desk with Carbon Fiber Surface, Z Shaped Gaming Table, Computer Table, Workstation, Home Office Desk with Cup Holder and Headphone Holder | (117 * 67 * 71 CM)","1","CCX1","CUSTOMER_DAMAGED","MISSING_PARTS","LPNCCX1B1426788",
"2026-03-03T14:24:02+00:00","171-6158033-0614750","FBA79105","B0CM6WH4ZT","X002FOC6Q3","Audio Array AI-12 USB Bluetooth Soundcard | 1Ch Mixer interface | 2 mic inputs, 2 smartphone & PC/Mac outputs | Karaoke Recording, Mobile/PC Streaming, Live Broadcasting | Singing, Recording,Gaming","1","CCX1","SELLABLE","DEFECTIVE","LPNCCX1B1526480",
"2026-03-03T11:21:22+00:00","407-8047258-7911554","FBA79167","B0CPFS24ML","X001Y5UYX1","White Mulberry Gaming Desk, Computer Desk with Carbon Fiber Surface, Z Shaped Gaming Table, Computer Table, Workstation, Home Office Desk with Cup Holder and Headphone Holder | (110 * 60 * 75 CM)","1","DEL4","SELLABLE","UNDELIVERABLE_UNKNOWN","LPNDEL4AA2896879",
"2026-03-03T10:21:50+00:00","406-1231267-4049147","FBA79105","B0CM6WH4ZT","X002FOC6Q3","Audio Array AI-12 USB Bluetooth Soundcard | 1Ch Mixer interface | 2 mic inputs, 2 smartphone & PC/Mac outputs | Karaoke Recording, Mobile/PC Streaming, Live Broadcasting | Singing, Recording,Gaming","1","MAA4","SELLABLE","UNDELIVERABLE_REFUSED","LPNMAA4Z2096606",
"2026-03-03T08:23:35+00:00","404-4944133-3367526","FBA79167","B0CPFS24ML","X001Y5UYX1","White Mulberry Gaming Desk, Computer Desk with Carbon Fiber Surface, Z Shaped Gaming Table, Computer Table, Workstation, Home Office Desk with Cup Holder and Headphone Holder | (117 * 67 * 71 CM)","1","DEL4","CARRIER_DAMAGED","UNDELIVERABLE_REFUSED","LPNDEL4AA2896806",
"2026-03-02T08:33:23+00:00","403-9793859-0641916","FBA79167","B0CPFS24ML","X001Y5UYX1","White Mulberry Gaming Desk, Computer Desk with Carbon Fiber Surface, Z Shaped Gaming Table, Computer Table, Workstation, Home Office Desk with Cup Holder and Headphone Holder | (117 * 67 * 71 CM)","1","MAA4","CUSTOMER_DAMAGED","NEVER_ARRIVED","LPNMAA4Z2113790",
"2026-03-02T05:42:36+00:00","402-4347507-0338728","FBA79167","B0CPFS24ML","X001Y5UYX1","White Mulberry Gaming Desk, Computer Desk with Carbon Fiber Surface, Z Shaped Gaming Table, Computer Table, Workstation, Home Office Desk with Cup Holder and Headphone Holder | (117 * 67 * 71 CM)","1","BOM5","CARRIER_DAMAGED","UNDELIVERABLE_REFUSED","LPNBOM5F4665169",
"2026-03-01T11:06:35+00:00","405-7241953-4106750","FBA79659","B0DQ1NV8D2","X0026ZDA2F","White Mulberry |120X60CM Table Top|Manual Sit Stand Desk|Multi-Purpose Manual Height Adjustable Ergonomic Desk - Office Work Study Table|3 Year Warranty| 80 Kg Weight Carrying Capacity - Black","1","SDEG","DEFECTIVE","UNDELIVERABLE_REFUSED","LPNSDEGF125502",
"2026-03-01T10:05:11+00:00","406-7512249-8741124","FBA79167","B0CPFS24ML","X001Y5UYX1","White Mulberry Gaming Desk, Computer Desk with Carbon Fiber Surface, Z Shaped Gaming Table, Computer Table, Workstation, Home Office Desk with Cup Holder and Headphone Holder | (117 * 67 * 71 CM)","1","MAA4","CUSTOMER_DAMAGED","DEFECTIVE","LPNMAA4Z2069905",
"2026-03-01T09:44:42+00:00","405-1377814-5512331","FBA79105","B0CM6WH4ZT","X002FOC6Q3","Audio Array AI-12 USB Bluetooth Soundcard | 1Ch Mixer interface | 2 mic inputs, 2 smartphone & PC/Mac outputs | Karaoke Recording, Mobile/PC Streaming, Live Broadcasting | Singing, Recording,Gaming","1","MAA4","SELLABLE","UNDELIVERABLE_REFUSED","LPNMAA4Z2077829",
"2026-03-01T08:33:04+00:00","407-3886031-7722762","FBA79167","B0CPFS24ML","X001Y5UYX1","White Mulberry Gaming Desk, Computer Desk with Carbon Fiber Surface, Z Shaped Gaming Table, Computer Table, Workstation, Home Office Desk with Cup Holder and Headphone Holder | (117 * 67 * 71 CM)","1","MAA4","DAMAGED","UNDELIVERABLE_UNKNOWN","LPNMAA4Z2113468",
"2026-03-01T06:21:23+00:00","407-4006212-3885922","FBA79167","B0CPFS24ML","X001Y5UYX1","White Mulberry Gaming Desk, Computer Desk with Carbon Fiber Surface, Z Shaped Gaming Table, Computer Table, Workstation, Home Office Desk with Cup Holder and Headphone Holder | (117 * 67 * 71 CM)","1","HYD8","CUSTOMER_DAMAGED","QUALITY_UNACCEPTABLE","LPNHYD8EH70790",
"2026-03-01T05:56:15+00:00","408-9696897-0529932","FBK76387","B0BF4S7V8C","X00242V9DH","White Mulberry Alloy Steel Manual Height Adjustable Desk | Ergonomic Design | Ecofriendly Desk | Sit Stand Desk for Office, Home & Study Table| 1200Mm X 600Mm | White","1","SDEG","DEFECTIVE","SWITCHEROO","LPNSDEGF174965",
"2026-03-01T05:55:22+00:00","404-7402621-9551522","FBA76415","B0BFWD6SNF","X001MZYX7L","White Mulberry L-Shape Corner Desk |DIY Assembly| Monitor Raising Shelf | Engineered Wood & Sturdy Steel Leg|Perfect for Office Home Gaming Study Desk Computer Table|L(130+130)*45 * 77cm|Carbon Fibre","1","SDEG","DEFECTIVE","SWITCHEROO","LPNSDEGF174961",
"2026-03-01T05:50:54+00:00","407-6436817-0813916","FBA76415","B0BFWD6SNF","X001MZYX7L","White Mulberry L-Shape Corner Desk |DIY Assembly| Monitor Raising Shelf | Engineered Wood & Sturdy Steel Leg|Perfect for Office Home Gaming Study Desk Computer Table|L(130+130)*45 * 77cm|Carbon Fibre","1","SMAB","SELLABLE","UNDELIVERABLE_REFUSED","LPNSMAB1145254",
"2026-02-28T20:06:13+00:00","407-6811824-0599542","FBA79167","B0CPFS24ML","X001Y5UYX1","White Mulberry Gaming Desk, Computer Desk with Carbon Fiber Surface, Z Shaped Gaming Table, Computer Table, Workstation, Home Office Desk with Cup Holder and Headphone Holder | (117 * 67 * 71 CM)","1","CCX1","CUSTOMER_DAMAGED","QUALITY_UNACCEPTABLE","LPNCCX1B1565429",
"2026-02-28T06:33:57+00:00","407-1656119-2397141","FBA79167","B0CPFS24ML","X001Y5UYX1","White Mulberry Gaming Desk, Computer Desk with Carbon Fiber Surface, Z Shaped Gaming Table, Computer Table, Workstation, Home Office Desk with Cup Holder and Headphone Holder | (110 * 60 * 75 CM)","1","DEL4","SELLABLE","UNDELIVERABLE_UNKNOWN","LPNDEL4AA2661370",
"2026-02-28T03:43:34+00:00","408-1175473-6256361","FBA79167","B0CPFS24ML","X001Y5UYX1","White Mulberry Gaming Desk, Computer Desk with Carbon Fiber Surface, Z Shaped Gaming Table, Computer Table, Workstation, Home Office Desk with Cup Holder and Headphone Holder | (117 * 67 * 71 CM)","1","MAA4","SELLABLE","UNDELIVERABLE_UNKNOWN","LPNMAA4Z2077206",
"2026-02-27T08:47:11+00:00","406-6662424-3647556","FBA79167","B0CPFS24ML","X001Y5UYX1","White Mulberry Gaming Desk, Computer Desk with Carbon Fiber Surface, Z Shaped Gaming Table, Computer Table, Workstation, Home Office Desk with Cup Holder and Headphone Holder | (117 * 67 * 71 CM)","1","MAA4","CUSTOMER_DAMAGED","MISSING_PARTS","LPNMAA4Z2112924",
"2026-02-27T06:59:01+00:00","402-5260482-2381136","FBA79167","B0CPFS24ML","X001Y5UYX1","White Mulberry Gaming Desk, Computer Desk with Carbon Fiber Surface, Z Shaped Gaming Table, Computer Table, Workstation, Home Office Desk with Cup Holder and Headphone Holder | (117 * 67 * 71 CM)","1","DEL4","CARRIER_DAMAGED","UNDELIVERABLE_REFUSED","LPNDEL4AA1649910",
"2026-02-26T17:33:30+00:00","407-4092364-6143539","FBA79167","B0CPFS24ML","X001Y5UYX1","White Mulberry Gaming Desk, Computer Desk with Carbon Fiber Surface, Z Shaped Gaming Table, Computer Table, Workstation, Home Office Desk with Cup Holder and Headphone Holder | (117 * 67 * 71 CM)","1","CCX1","CARRIER_DAMAGED","UNDELIVERABLE_REFUSED","LPNCCX1B1445415",
"2026-02-26T14:56:12+00:00","402-3604278-5009100","FBA79662","B0DQ4YWSMC","X00270AW07","White Mulberry |120X60CM Table Top|Motorized Sit Stand Desk|Multi-Purpose Electric Height Adjustable Ergonomic Desk - Office Work study Table|3 Year Warranty|Digital screen Advance Memory Preset-White","1","SDEG","SELLABLE","UNDELIVERABLE_REFUSED","LPNSDEGF174092",
"2026-02-26T14:55:41+00:00","402-9700555-2354724","FBA79659","B0DQ1NV8D2","X0026ZDA2F","White Mulberry |120X60CM Table Top|Manual Sit Stand Desk|Multi-Purpose Manual Height Adjustable Ergonomic Desk - Office Work Study Table|3 Year Warranty| 80 Kg Weight Carrying Capacity - Black","1","SDEG","SELLABLE","UNDELIVERABLE_REFUSED","LPNSDEGF174090",
"2026-02-26T05:16:02+00:00","171-5574966-5529144","FBA76415","B0BFWD6SNF","X001MZYX7L","White Mulberry L-Shape Corner Desk |DIY Assembly| Monitor Raising Shelf | Engineered Wood & Sturdy Steel Leg|Perfect for Office Home Gaming Study Desk Computer Table|L(130+130)*45 * 77cm|Carbon Fibre","1","SMAB","CUSTOMER_DAMAGED","SWITCHEROO","LPNSMAB1144719",
"2026-02-25T08:27:05+00:00","407-7010150-3457105","FBA79167","B0CPFS24ML","X001Y5UYX1","White Mulberry Gaming Desk, Computer Desk with Carbon Fiber Surface, Z Shaped Gaming Table, Computer Table, Workstation, Home Office Desk with Cup Holder and Headphone Holder | (117 * 67 * 71 CM)","1","MAA4","SELLABLE","UNDELIVERABLE_REFUSED","LPNMAA4Z2112427",
"2026-02-24T05:18:19+00:00","408-9342661-5599553","FBA79167","B0CPFS24ML","X001Y5UYX1","White Mulberry Gaming Desk, Computer Desk with Carbon Fiber Surface, Z Shaped Gaming Table, Computer Table, Workstation, Home Office Desk with Cup Holder and Headphone Holder | (117 * 67 * 71 CM)","1","MAA4","SELLABLE","UNDELIVERABLE_UNKNOWN","LPNMAA4Z2062426",
"2026-02-24T04:53:14+00:00","405-2589965-1456348","FBA79167","B0CPFS24ML","X001Y5UYX1","White Mulberry Gaming Desk, Computer Desk with Carbon Fiber Surface, Z Shaped Gaming Table, Computer Table, Workstation, Home Office Desk with Cup Holder and Headphone Holder | (117 * 67 * 71 CM)","1","MAA4","CARRIER_DAMAGED","UNDELIVERABLE_UNKNOWN","LPNMAA4Z2062412",
"2026-02-24T04:52:24+00:00","408-3288412-9643514","FBA79167","B0CPFS24ML","X001Y5UYX1","White Mulberry Gaming Desk, Computer Desk with Carbon Fiber Surface, Z Shaped Gaming Table, Computer Table, Workstation, Home Office Desk with Cup Holder and Headphone Holder | (117 * 67 * 71 CM)","1","HYD8","SELLABLE","UNDELIVERABLE_UNKNOWN","LPNHYD8EC50690",
"2026-02-24T04:50:57+00:00","402-9634092-9319515","FBA79167","B0CPFS24ML","X001Y5UYX1","White Mulberry Gaming Desk, Computer Desk with Carbon Fiber Surface, Z Shaped Gaming Table, Computer Table, Workstation, Home Office Desk with Cup Holder and Headphone Holder | (117 * 67 * 71 CM)","1","BLR7","SELLABLE","UNDELIVERABLE_REFUSED","LPNBLR7Y5480397",
"2026-02-23T11:24:06+00:00","402-8509233-2094740","FBA76415","B0BFWD6SNF","X001MZYX7L","White Mulberry L-Shape Corner Desk |DIY Assembly| Monitor Raising Shelf | Engineered Wood & Sturdy Steel Leg|Perfect for Office Home Gaming Study Desk Computer Table|L(130+130)*45 * 77cm|Carbon Fibre","1","SAME","CARRIER_DAMAGED","UNDELIVERABLE_REFUSED","LPNSAMEA0083852",
"2026-02-23T03:56:07+00:00","404-6387591-5454753","FBA79167","B0CPFS24ML","X001Y5UYX1","White Mulberry Gaming Desk, Computer Desk with Carbon Fiber Surface, Z Shaped Gaming Table, Computer Table, Workstation, Home Office Desk with Cup Holder and Headphone Holder | (117 * 67 * 71 CM)","1","DEL5","CUSTOMER_DAMAGED","NO_REASON_GIVEN","LPNDEL5S12611299",
"2026-02-22T19:59:48+00:00","171-2488737-6304342","FBA79167","B0CPFS24ML","X001Y5UYX1","White Mulberry Gaming Desk, Computer Desk with Carbon Fiber Surface, Z Shaped Gaming Table, Computer Table, Workstation, Home Office Desk with Cup Holder and Headphone Holder | (117 * 67 * 71 CM)","1","CCX1","CUSTOMER_DAMAGED","QUALITY_UNACCEPTABLE","LPNCCX1B2066836",
"2026-02-22T09:41:02+00:00","171-9414759-4676326","FBA79659","B0DQ1NV8D2","X0026ZDA2F","White Mulberry |120X60CM Table Top|Manual Sit Stand Desk|Multi-Purpose Manual Height Adjustable Ergonomic Desk - Office Work Study Table|3 Year Warranty| 80 Kg Weight Carrying Capacity - Black","1","BLX1","CARRIER_DAMAGED","UNDELIVERABLE_UNKNOWN","LPNBLX1C061823",
"2026-02-22T06:28:57+00:00","406-8457332-9883559","FBA79167","B0CPFS24ML","X001Y5UYX1","White Mulberry Gaming Desk, Computer Desk with Carbon Fiber Surface, Z Shaped Gaming Table, Computer Table, Workstation, Home Office Desk with Cup Holder and Headphone Holder | (117 * 67 * 71 CM)","1","DEL4","SELLABLE","NO_REASON_GIVEN","LPNDEL4AA2901103",
"2026-02-22T06:05:54+00:00","405-9801785-1537901","FBA79661","B0DQ51R95T","X00270AWN9","White Mulberry |120X60CM Table Top|Motorized Sit Stand Desk|Multi-Purpose Electric Height Adjustable Ergonomic Desk - Office Work study Table|3 Year Warranty|Digital screen Advance Memory Preset-Black","1","SMAB","CUSTOMER_DAMAGED","QUALITY_UNACCEPTABLE","LPNSMAB1143855",
"2026-02-22T05:17:52+00:00","405-2083498-3052328","FBA76415","B0BFWD6SNF","X001MZYX7L","White Mulberry L-Shape Corner Desk |DIY Assembly| Monitor Raising Shelf | Engineered Wood & Sturdy Steel Leg|Perfect for Office Home Gaming Study Desk Computer Table|L(130+130)*45 * 77cm|Carbon Fibre","1","SMAB","SELLABLE","MISORDERED","LPNSMAB1143914",
