SKU,(Child) ASIN,(Parent) ASIN,Brand,Model,Units Ordered,Ordered Product Sales,Sessions,Page Views,Buy Box Percentage,Seller Account,Month,WindowStart,WindowEnd
FBA75673,B0B4DPX2J2,B0B4DPX2J2,Audio Array,AM-C1,29,65857.63,50821,70641,3.81,AUDIOARRAY,2026-07,2026-07-01,2026-07-31
FBA75676,B0B4DS678Q,B0B4DS678Q,Audio Array,AM-C4,2,3218.64,581,794,10.03,AUDIOARRAY,2026-07,2026-07-01,2026-07-31
FBA75674,B0B4G19R58,B0B4G19R58,Audio Array,AM-C2,3,9584.2,2282,3319,4.01,AUDIOARRAY,2026-07,2026-07-01,2026-07-31
FBA75692,B0B4G1HPL5,B0B4G1HPL5,Audio Array,AM-C11,1,3982.2,875,1161,8.62,AUDIOARRAY,2026-07,2026-07-01,2026-07-31
FBA75680,B0B4G1PXWV,B0B4G1PXWV,Audio Array,AM-C6,0,0.0,0,0,0.0,AUDIOARRAY,2026-07,2026-07-01,2026-07-31
FBA75689,B0B4G59Y8W,B0B4G59Y8W,Audio Array,AM-W13,1,1656.78,1085,1598,14.27,AUDIOARRAY,2026-07,2026-07-01,2026-07-31
FBA75691,B0B4G5JG4P,B0B4G5JG4P,Audio Array,AM-W14,16,85289.83,4194,6392,34.66,AUDIOARRAY,2026-07,2026-07-01,2026-07-31
FBA75688,B0B4G763WS,B0B4G763WS,Audio Array,AM-W12,1,3516.1,1261,1763,6.34,AUDIOARRAY,2026-07,2026-07-01,2026-07-31
FBA75684,B0B4G7VWXD,B0B4G7VWXD,Audio Array,AA-04,1,1439.83,859,1215,5.0,AUDIOARRAY,2026-07,2026-07-01,2026-07-31
FBA75678,B0B4G8PH2P,B0B4G8PH2P,Audio Array,AA-01,0,0.0,812,996,7.84,AUDIOARRAY,2026-07,2026-07-01,2026-07-31
FBA75675,B0B4G8ZB64,B0B4G8ZB64,Audio Array,AM-C3,1,888.14,1140,1669,7.59,AUDIOARRAY,2026-07,2026-07-01,2026-07-31
FBA75683,B0B4G94VP3,B0B4G94VP3,Audio Array,AA-03,2,822.03,884,1080,3.27,AUDIOARRAY,2026-07,2026-07-01,2026-07-31
FBA75679,B0B4JRQP22,B0B4JRQP22,Audio Array,AA-02,3,6410.17,1582,2175,2.56,AUDIOARRAY,2026-07,2026-07-01,2026-07-31
FBA75690,B0B4K87PR4,B0B4K87PR4,Audio Array,AM-C10,8,27111.86,2969,3681,17.19,AUDIOARRAY,2026-07,2026-07-01,2026-07-31
FBA75677,B0B4KC7VBM,B0B4KC7VBM,Audio Array,AM-C5,10,19330.51,3453,4257,13.03,AUDIOARRAY,2026-07,2026-07-01,2026-07-31
FBA76414,B0BLJVJ2GN,B0BLJVJ2GN,Audio Array,AA-05,8,4438.98,3949,5521,4.17,AUDIOARRAY,2026-07,2026-07-01,2026-07-31
FBA76716,B0BLK8DNPD,B0BLK8DNPD,Audio Array,AM-C13,0,0.0,23,28,100.0,AUDIOARRAY,2026-07,2026-07-01,2026-07-31
FBA76743,B0BLK8PXNY,B0BLK8PXNY,Audio Array,AM-K2,1,10592.37,18,35,96.67,AUDIOARRAY,2026-07,2026-07-01,2026-07-31
FBA76730,B0BLKB6FRR,B0BLKB6FRR,Audio Array,AM-C27,0,0.0,46,53,68.75,AUDIOARRAY,2026-07,2026-07-01,2026-07-31
FBA76742,B0BLKBJ5HN,B0BLKBJ5HN,Audio Array,AM-K1,4,23641.53,550,765,99.55,AUDIOARRAY,2026-07,2026-07-01,2026-07-31
FBA76725,B0BLKCSJ7Z,B0BLKCSJ7Z,Audio Array,AM-C22,0,0.0,772,881,34.43,AUDIOARRAY,2026-07,2026-07-01,2026-07-31
FBA76720,B0BLKCWZQD,B0BLKCWZQD,Audio Array,AM-C17,1,422.88,30,38,100.0,AUDIOARRAY,2026-07,2026-07-01,2026-07-31
FBA76726,B0BLKD4815,B0BLKD4815,Audio Array,AM-C23,0,0.0,32,38,97.44,AUDIOARRAY,2026-07,2026-07-01,2026-07-31
FBA76739,B0BLRK37TB,B0BLRK37TB,Audio Array,AA-12,0,0.0,4,4,100.0,AUDIOARRAY,2026-07,2026-07-01,2026-07-31
FBA76736,B0BLS63XCL,B0BLS63XCL,Audio Array,AA-09,0,0.0,8,8,100.0,AUDIOARRAY,2026-07,2026-07-01,2026-07-31
FBA76862,B0BPLWW72Y,B0BPLWW72Y,Audio Array,AM-C28,8,11256.78,3882,5143,11.15,AUDIOARRAY,2026-07,2026-07-01,2026-07-31
FBA76864,B0BPLZ5CGV,B0BPLZ5CGV,Audio Array,AI-04 Red,17,61278.95,41432,57441,3.09,AUDIOARRAY,2026-07,2026-07-01,2026-07-31
FBA76863,B0BPM2T7BQ,B0BPM2T7BQ,Audio Array,AI-03,2,6574.63,5320,6723,2.82,AUDIOARRAY,2026-07,2026-07-01,2026-07-31
FBA77011,B0BPMN89NG,B0BPMN89NG,Audio Array,AM-C29,3,4404.24,190,267,100.0,AUDIOARRAY,2026-07,2026-07-01,2026-07-31
FBA76597,B0BQ7H7418,B0BQ7H7418,Audio Array,AA-06,5,5434.75,1288,1743,6.02,AUDIOARRAY,2026-07,2026-07-01,2026-07-31
FBA78204,B0C4YT43Z3,B0C4YT43Z3,Audio Array,AM-C31,1,1863.56,20,28,100.0,AUDIOARRAY,2026-07,2026-07-01,2026-07-31
FBA78203,B0C4YTNJG7,B0C4YTNJG7,Audio Array,AM-C30,0,0.0,75,105,34.78,AUDIOARRAY,2026-07,2026-07-01,2026-07-31
FBA78205,B0C539RBGL,B0C539RBGL,Audio Array,AM-C32,1,1439.83,188,272,100.0,AUDIOARRAY,2026-07,2026-07-01,2026-07-31
FBA78420,B0C5957W3P,B0C5957W3P,Audio Array,AM-C33,1,380.51,55,80,100.0,AUDIOARRAY,2026-07,2026-07-01,2026-07-31
FBA78423,B0C598Q6PT,B0C598Q6PT,Audio Array,AM-C36,1,380.51,24,33,86.67,AUDIOARRAY,2026-07,2026-07-01,2026-07-31
FBA76737,B0C59G1C4N,B0C59G1C4N,Audio Array,AA-10,0,0.0,6,6,100.0,AUDIOARRAY,2026-07,2026-07-01,2026-07-31
FBA78925,B0CBC7QMNV,B0CBC7QMNV,Audio Array,AM-C11X,0,0.0,757,1011,7.43,AUDIOARRAY,2026-07,2026-07-01,2026-07-31
FBA78960,B0CBCB82MT,B0CBCB82MT,Audio Array,AM-C39,5,3983.95,1822,2502,6.52,AUDIOARRAY,2026-07,2026-07-01,2026-07-31
FBA78973,B0CF5R3V95,B0CF5R3V95,Audio Array,AA-19,1,3388.98,3833,5291,2.34,AUDIOARRAY,2026-07,2026-07-01,2026-07-31
FBA78974,B0CF5RRTDJ,B0CF5RRTDJ,Audio Array,AA-20,2,3388.14,467,621,17.38,AUDIOARRAY,2026-07,2026-07-01,2026-07-31
FBA78976,B0CF5SHL15,B0CF5SHL15,Audio Array,AA-22,2,6269.49,2970,3579,12.16,AUDIOARRAY,2026-07,2026-07-01,2026-07-31
FBA78975,B0CF5TCQKL,B0CF5TCQKL,Audio Array,AA-21,7,21452.46,8106,11167,2.87,AUDIOARRAY,2026-07,2026-07-01,2026-07-31
FBA79009,B0CH4PMR8K,B0CH4PMR8K,Audio Array,AM-C41,1,1377.97,806,1206,3.53,AUDIOARRAY,2026-07,2026-07-01,2026-07-31
FBA79016,B0CH4R1V6S,B0CH4R1V6S,Audio Array,AM-C3a,0,0.0,675,919,2.84,AUDIOARRAY,2026-07,2026-07-01,2026-07-31
FBA79011,B0CH4RNWJX,B0CH4RNWJX,Audio Array,AM-C43,6,10627.12,5378,7937,1.99,AUDIOARRAY,2026-07,2026-07-01,2026-07-31
FBA79008,B0CH4RT4P8,B0CH4RT4P8,Audio Array,AI-06,0,0.0,2684,3447,4.32,AUDIOARRAY,2026-07,2026-07-01,2026-07-31
FBA79010,B0CH4T2BJD,B0CH4T2BJD,Audio Array,AM-C42,0,0.0,837,1157,7.51,AUDIOARRAY,2026-07,2026-07-01,2026-07-31
FBA77171,B0CH4VCD6R,B0CH4VCD6R,Audio Array,AC-6XL,11,5117.8,3025,4611,7.58,AUDIOARRAY,2026-07,2026-07-01,2026-07-31
FBA79064,B0CJR76Y7G,B0CJR76Y7G,Audio Array,AA-25,0,0.0,2421,3555,3.95,AUDIOARRAY,2026-07,2026-07-01,2026-07-31
FBA79005,B0CKHVHVQ1,B0CKHVHVQ1,Audio Array,AM-W45,25,113346.36,11651,16255,15.75,AUDIOARRAY,2026-07,2026-07-01,2026-07-31
FBA79103,B0CM6NTWBP,B0CM6NTWBP,Audio Array,AI-10,7,15211.86,4495,6490,4.99,AUDIOARRAY,2026-07,2026-07-01,2026-07-31
FBA79104,B0CM6NVLT9,B0CM6NVLT9,Audio Array,AI-11,8,10779.66,6261,9139,6.15,AUDIOARRAY,2026-07,2026-07-01,2026-07-31
FBA79105,B0CM6WH4ZT,B0CM6WH4ZT,Audio Array,AI-12,33,34418.64,4433,6023,50.19,AUDIOARRAY,2026-07,2026-07-01,2026-07-31
FBA79109,B0CM9HYVDM,B0CM9HYVDM,Audio Array,AM-W18,2,2011.86,1484,2183,2.89,AUDIOARRAY,2026-07,2026-07-01,2026-07-31
FBA79106,B0CM9KJZWQ,B0CM9KJZWQ,Audio Array,AM-C44,0,0.0,759,1083,5.36,AUDIOARRAY,2026-07,2026-07-01,2026-07-31
FBA79108,B0CM9L1QZG,B0CM9L1QZG,Audio Array,AM-W16,0,0.0,225,301,14.95,AUDIOARRAY,2026-07,2026-07-01,2026-07-31
FBA79107,B0CM9P5CCK,B0CM9P5CCK,Audio Array,AM-W17,0,0.0,587,854,11.92,AUDIOARRAY,2026-07,2026-07-01,2026-07-31
FBA79230,B0CX1XK5R6,B0CX1XK5R6,Audio Array,AM-W46,0,0.0,541,619,10.68,AUDIOARRAY,2026-07,2026-07-01,2026-07-31
FBA79379,B0D3LZWTHV,B0D3LZWTHV,Audio Array,AM-C45,0,0.0,1191,1690,4.23,AUDIOARRAY,2026-07,2026-07-01,2026-07-31
FBA79380,B0D3M1B4Z8,B0D3M1B4Z8,Audio Array,AM-C46,3,9071.19,5233,6645,1.41,AUDIOARRAY,2026-07,2026-07-01,2026-07-31
FBA79355,B0D3M86SH1,B0D3M86SH1,Audio Array,AA-19BL,1,3558.47,2299,2709,4.39,AUDIOARRAY,2026-07,2026-07-01,2026-07-31
FBA79356,B0D3Q2T5XX,B0D3Q2T5XX,Audio Array,AA-19WL,0,0.0,1442,1688,13.79,AUDIOARRAY,2026-07,2026-07-01,2026-07-31
FBA79448,B0DFMKY4TT,B0DFMKY4TT,Audio Array,AM-W35,0,0.0,698,898,2.49,AUDIOARRAY,2026-07,2026-07-01,2026-07-31
FBA79444,B0DFMLQBMC,B0DFMLQBMC,Audio Array,AM-W20,0,0.0,38,44,28.57,AUDIOARRAY,2026-07,2026-07-01,2026-07-31
FBA79445,B0DFMLS8JG,B0DFMLS8JG,Audio Array,AM-W32,6,13307.63,739,1017,17.68,AUDIOARRAY,2026-07,2026-07-01,2026-07-31
FBA79447,B0DFMLXD9S,B0DFMLXD9S,Audio Array,AM-W34,2,6895.76,1280,1856,8.21,AUDIOARRAY,2026-07,2026-07-01,2026-07-31
FBA79446,B0DFMMTWLY,B0DFMMTWLY,Audio Array,AM-W33,5,8550.0,489,749,27.65,AUDIOARRAY,2026-07,2026-07-01,2026-07-31
FBA79449,B0DFMNGFTD,B0DFMNGFTD,Audio Array,AM-W36,1,5338.14,1088,1484,6.58,AUDIOARRAY,2026-07,2026-07-01,2026-07-31
FBA79465,B0DFMQCGT1,B0DFMQCGT1,Audio Array,AM-W21,0,0.0,226,269,21.57,AUDIOARRAY,2026-07,2026-07-01,2026-07-31
FBA79653,B0DN6LJZBR,B0DN6LJZBR,Audio Array,AM-C45 Pro,0,0.0,646,861,17.53,AUDIOARRAY,2026-07,2026-07-01,2026-07-31
FBA79654,B0DN6MNS1X,B0DN6MNS1X,Audio Array,AM-C11 Pro,0,0.0,971,1291,1.26,AUDIOARRAY,2026-07,2026-07-01,2026-07-31
FBA79655,B0DN6PFWNK,B0DN6PFWNK,Audio Array,AM-C44 Pro,0,0.0,715,900,3.03,AUDIOARRAY,2026-07,2026-07-01,2026-07-31
FBA79694,B0DT6T6N6B,B0DT6T6N6B,Audio Array,AA-26,9,4439.83,6529,9112,2.3,AUDIOARRAY,2026-07,2026-07-01,2026-07-31
FBA79482,B0DXFPM4N2,B0DXFPM4N2,Audio Array,AM-S1,26,191121.19,25076,35125,11.99,AUDIOARRAY,2026-07,2026-07-01,2026-07-31
FBA79722,B0F2HYY7JF,B0F2HYY7JF,Audio Array,AM-W21,0,0.0,39,49,31.91,AUDIOARRAY,2026-07,2026-07-01,2026-07-31
FBA79783,B0FF9R3GKK,B0FF9R3GKK,Audio Array,AM-C47,0,0.0,297,385,6.15,AUDIOARRAY,2026-07,2026-07-01,2026-07-31
FBA79708,B0FFB6YJM1,B0FFB6YJM1,Audio Array,SB-01,22,23105.08,12000,16287,12.27,AUDIOARRAY,2026-07,2026-07-01,2026-07-31
FBA79813,B0FG88HVQ8,B0FG88HVQ8,Audio Array,AH-50,18,28852.6,12975,19747,2.27,AUDIOARRAY,2026-07,2026-07-01,2026-07-31
FBA79825,B0FJ2DT13L,B0FJ2DT13L,Audio Array,GB-02 (AM-C43 + AI-11),2,3261.86,3576,4461,6.05,AUDIOARRAY,2026-07,2026-07-01,2026-07-31
FBA79823,B0FJ2HZCVN,B0FJ2HZCVN,Audio Array,PB-01 (AM-C11 + AI-04),0,0.0,156,172,20.73,AUDIOARRAY,2026-07,2026-07-01,2026-07-31
FBA79822,B0FJ2J6MTF,B0FJ2J6MTF,Audio Array,KB-01 (AM-W32 + AI-12),0,0.0,247,322,10.51,AUDIOARRAY,2026-07,2026-07-01,2026-07-31
FBA79821,B0FJ2JJZL3,B0FJ2JJZL3,Audio Array,"UB-01 (AI-04, AM-S1, AA-21, AM-C2)",0,0.0,4147,4980,4.22,AUDIOARRAY,2026-07,2026-07-01,2026-07-31
FBA79824,B0FJ2K95XT,B0FJ2K95XT,Audio Array,GB-01 (AM-C43 +AI-10),0,0.0,864,1061,7.32,AUDIOARRAY,2026-07,2026-07-01,2026-07-31
FBA79826,B0FJ2LQT7K,B0FJ2LQT7K,Audio Array,PB-02 (AI-04 Red + AM-C11 + AA-05),1,7709.32,134,159,6.54,AUDIOARRAY,2026-07,2026-07-01,2026-07-31
FBA79833,B0FJ8PZ9H7,B0FJ8PZ9H7,Audio Array,PB-04 (AI-04 Red + AM-C44 x 2),0,0.0,866,1045,6.12,AUDIOARRAY,2026-07,2026-07-01,2026-07-31
FBA79832,B0FJ8S53GW,B0FJ8S53GW,Audio Array,GB-05 (AM-C43 + AI-06),0,0.0,1526,1918,19.4,AUDIOARRAY,2026-07,2026-07-01,2026-07-31
FBA79827,B0FJ8S5XJ8,B0FJ8S5XJ8,Audio Array,PB-03 (AI-04 Red + AM-C11 x 2),0,0.0,662,792,1.86,AUDIOARRAY,2026-07,2026-07-01,2026-07-31
FBA79834,B0FJ8T4WXM,B0FJ8T4WXM,Audio Array,PB-05 (AA-05 + AM-C11 + AI-04),0,0.0,50,55,11.11,AUDIOARRAY,2026-07,2026-07-01,2026-07-31
FBA79830,B0FJ8TSQK1,B0FJ8TSQK1,Audio Array,GB-03 (AI-12 + AM-C43),19,50711.86,3535,5409,21.79,AUDIOARRAY,2026-07,2026-07-01,2026-07-31
FBA79835,B0FJ8TWCQZ,B0FJ8TWCQZ,Audio Array,PB-06 (AA-05 + AM-C44 + AI-04),0,0.0,51,62,14.29,AUDIOARRAY,2026-07,2026-07-01,2026-07-31
FBA79831,B0FJ8W5Y9Q,B0FJ8W5Y9Q,Audio Array,GB-04 (AM-C45 + AI-06),0,0.0,63,68,28.36,AUDIOARRAY,2026-07,2026-07-01,2026-07-31
FBA79836,B0FJ8Z1W81,B0FJ8Z1W81,Audio Array,PB-07 (AA-05 + AM-C45 + AI-04),0,0.0,37,48,19.15,AUDIOARRAY,2026-07,2026-07-01,2026-07-31
FBM79783,B0FJS57732,B0FJS57732,Audio Array,AM-C47,17,38630.51,908,1138,99.91,AUDIOARRAY,2026-07,2026-07-01,2026-07-31
FBK79708,B0FJS7JZ4V,B0FJS7JZ4V,Audio Array,SB-01,1,1016.1,107,151,99.22,AUDIOARRAY,2026-07,2026-07-01,2026-07-31
FBK79009,B0FLYHJ6DK,B0FLYHJ6DK,Audio Array,AM-C41,1,1355.08,362,545,83.48,AUDIOARRAY,2026-07,2026-07-01,2026-07-31
FBK79010,B0FLYJFC22,B0FLYJFC22,Audio Array,AM-C42,2,1986.44,213,255,22.08,AUDIOARRAY,2026-07,2026-07-01,2026-07-31
FBA79845,B0FN7B3KWS,B0FN7B3KWS,Audio Array,UB-02 (AM-S1 + AA-21),0,0.0,9115,10994,6.13,AUDIOARRAY,2026-07,2026-07-01,2026-07-31
FBA79846,B0FN7C25VS,B0FN7C25VS,Audio Array,AM-C11X Pro,0,0.0,329,445,15.02,AUDIOARRAY,2026-07,2026-07-01,2026-07-31
FBA79847,B0FN7FYZM3,B0FN7FYZM3,Audio Array,PB-09 (AM-C45 + AI-06 + AA-05),0,0.0,284,376,1.17,AUDIOARRAY,2026-07,2026-07-01,2026-07-31
FBA79815,B0FPR7VFCH,B0FPR7VFCH,Audio Array,AM-W19,1,1694.07,266,331,15.36,AUDIOARRAY,2026-07,2026-07-01,2026-07-31
FBA79816,B0FPR962YS,B0FPR962YS,Audio Array,AM-W22,0,0.0,414,567,2.29,AUDIOARRAY,2026-07,2026-07-01,2026-07-31
FBA79841,B0FQBTRM28,B0FQBTRM28,Audio Array,AH-60-BL,1,1694.07,1391,2104,2.1,AUDIOARRAY,2026-07,2026-07-01,2026-07-31
FBA79840,B0FQBWV1ST,B0FQBWV1ST,Audio Array,AH-60-RD,1,1694.07,1276,1759,9.11,AUDIOARRAY,2026-07,2026-07-01,2026-07-31
FBA79838,B0FQBX8J17,B0FQBX8J17,Audio Array,AH-40 SL,12,13290.83,2809,4120,10.5,AUDIOARRAY,2026-07,2026-07-01,2026-07-31
FBA79839,B0FQBXS6Y2,B0FQBXS6Y2,Audio Array,AH-45 BK,11,12840.68,6126,9060,3.27,AUDIOARRAY,2026-07,2026-07-01,2026-07-31
FBA79820,B0FQJWWDVK,B0FQJWWDVK,Audio Array,AC-3XL,6,2300.0,562,693,30.77,AUDIOARRAY,2026-07,2026-07-01,2026-07-31
FBA79903,B0FR5DLXH9,B0FR5DLXH9,Audio Array,AA-25M,20,15237.29,342,503,99.34,AUDIOARRAY,2026-07,2026-07-01,2026-07-31
FBA79904,B0FTVQQVDC,B0FTVQQVDC,Audio Array,PB-10 (AM-C2+AI-04+AH-60-BL),4,33716.1,6453,9251,15.1,AUDIOARRAY,2026-07,2026-07-01,2026-07-31
FBA79907,B0FTVS34SD,B0FTVS34SD,Audio Array,PB-13 (AM-C43+AH-40-SL+AI-11),0,0.0,116,141,63.43,AUDIOARRAY,2026-07,2026-07-01,2026-07-31
FBA79905,B0FTVSH458,B0FTVSH458,Audio Array,PB-11 (AM-C44+AA-05+AH-45-BK),0,0.0,424,508,15.56,AUDIOARRAY,2026-07,2026-07-01,2026-07-31
FBA79908,B0FTVV1QJY,B0FTVV1QJY,Audio Array,PB-14 (AM-C43+AH-40-SL+AI-12),4,16267.8,1115,1557,14.46,AUDIOARRAY,2026-07,2026-07-01,2026-07-31
FBA79906,B0FTVVLNS9,B0FTVVLNS9,Audio Array,PB-12 (AM-C11+AA-05+AI-04+AH-60-RD),0,0.0,1976,2669,11.59,AUDIOARRAY,2026-07,2026-07-01,2026-07-31
FBA79909,B0FVM17Q4W,B0FVM17Q4W,Audio Array,AM-W20,0,0.0,100,142,100.0,AUDIOARRAY,2026-07,2026-07-01,2026-07-31
FBA79967,B0G2C2RCXN,B0G2C2RCXN,Audio Array,AM-W19,3,5082.2,674,911,84.48,AUDIOARRAY,2026-07,2026-07-01,2026-07-31
FBA79959,B0G39ZHDYP,B0G39ZHDYP,Audio Array,AM-W47 Wired,29,29683.9,5967,8787,11.36,AUDIOARRAY,2026-07,2026-07-01,2026-07-31
FBA79960,B0G3B152FR,B0G3B152FR,Audio Array,AM-W47 Wireless,30,48412.71,2438,3812,25.23,AUDIOARRAY,2026-07,2026-07-01,2026-07-31
FBA79969,B0G3B677Z5,B0G3B677Z5,Audio Array,UB-03 (AM-S1 + AA-22),0,0.0,1778,1906,11.26,AUDIOARRAY,2026-07,2026-07-01,2026-07-31
FBA79957,B0G3Q517Y2,B0G3Q517Y2,Audio Array,AM-W23,0,0.0,884,1156,2.37,AUDIOARRAY,2026-07,2026-07-01,2026-07-31
FBA79958,B0G3Q59X8C,B0G3Q59X8C,Audio Array,AM-W24,0,0.0,747,1090,2.64,AUDIOARRAY,2026-07,2026-07-01,2026-07-31
FBA79842,B0G4DNF8RZ,B0G4DNF8RZ,Audio Array,AM-C48,9,19058.47,1425,2324,5.31,AUDIOARRAY,2026-07,2026-07-01,2026-07-31
FBA79963,B0G53CB72D,B0G53CB72D,Audio Array,AM-Pro8,0,0.0,581,725,26.68,AUDIOARRAY,2026-07,2026-07-01,2026-07-31
FBA79961,B0G53H49BS,B0G53H49BS,Audio Array,AI-13,21,50202.54,25244,35613,4.0,AUDIOARRAY,2026-07,2026-07-01,2026-07-31
FBA79966,B0G53KWRVW,B0G53KWRVW,Audio Array,AM-Mix10,7,59824.58,6253,8976,38.36,AUDIOARRAY,2026-07,2026-07-01,2026-07-31
FBA79962,B0G53LZNY3,B0G53LZNY3,Audio Array,BE-4T,9,36433.9,3428,4196,94.76,AUDIOARRAY,2026-07,2026-07-01,2026-07-31
FBA79968,B0G53M9258,B0G53M9258,Audio Array,AI-14,19,100929.66,22534,30381,11.45,AUDIOARRAY,2026-07,2026-07-01,2026-07-31
FBA79965,B0G53PRM34,B0G53PRM34,Audio Array,AM-Mix6,1,7033.05,2801,3464,19.82,AUDIOARRAY,2026-07,2026-07-01,2026-07-31
FBA79972,B0GCP1J2HC,B0GCP1J2HC,Audio Array,M8,23,163874.58,16645,22672,28.19,AUDIOARRAY,2026-07,2026-07-01,2026-07-31
FBA79974,B0GD8JSPB1,B0GD8JSPB1,Audio Array,AM-S1,12,89396.61,2379,3272,99.63,AUDIOARRAY,2026-07,2026-07-01,2026-07-31
FBA80016,B0GKPXQ8G3,B0GKPXQ8G3,Audio Array,AM-W22,1,2880.51,824,1206,4.68,AUDIOARRAY,2026-07,2026-07-01,2026-07-31
FBA79956,B0GMPGNXX3,B0GMPGNXX3,Audio Array,A3-XLR,9,4568.64,201,251,99.59,AUDIOARRAY,2026-07,2026-07-01,2026-07-31
FBA80007,B0GN2LHJY4,B0GN2LHJY4,Audio Array,MT-12,3,22461.86,4258,5648,23.66,AUDIOARRAY,2026-07,2026-07-01,2026-07-31
FBA79981,B0GN8MFDGZ,B0GN8MFDGZ,Audio Array,AK-61 Neo,0,0.0,3161,4558,11.45,AUDIOARRAY,2026-07,2026-07-01,2026-07-31
FBA79980,B0GN8MMKY1,B0GN8MMKY1,Audio Array,AK-37-W,5,15934.75,2163,2880,33.67,AUDIOARRAY,2026-07,2026-07-01,2026-07-31
FBA79982,B0GN8MPYPG,B0GN8MPYPG,Audio Array,AK-61 Pro,3,14065.25,2327,3412,16.22,AUDIOARRAY,2026-07,2026-07-01,2026-07-31
FBA79979,B0GN8RQJRG,B0GN8RQJRG,Audio Array,AK-37-B,3,9810.17,1463,1998,16.84,AUDIOARRAY,2026-07,2026-07-01,2026-07-31
FBA79848,B0GN97RFPR,B0GN97RFPR,Audio Array,AM-S2,29,182652.88,38205,51575,10.17,AUDIOARRAY,2026-07,2026-07-01,2026-07-31
FBA79814,B0GNM35G8X,B0GNM35G8X,Audio Array,AH-50 Ear Cushion,6,2749.3,60,86,100.0,AUDIOARRAY,2026-07,2026-07-01,2026-07-31
FBA80009,B0GW8R2RYM,B0GW8R2RYM,Audio Array,AM-C51,0,0.0,285,361,31.87,AUDIOARRAY,2026-07,2026-07-01,2026-07-31
FBA79995,B0GW8VBCBL,B0GW8VBCBL,Audio Array,AM-C50,3,2264.41,209,328,54.97,AUDIOARRAY,2026-07,2026-07-01,2026-07-31
FBA80000,B0GW8XGPB2,B0GW8XGPB2,Audio Array,DP-718H,0,0.0,37,42,100.0,AUDIOARRAY,2026-07,2026-07-01,2026-07-31
FBA79998,B0GW8YC59C,B0GW8YC59C,Audio Array,W5,1,2880.51,190,262,100.0,AUDIOARRAY,2026-07,2026-07-01,2026-07-31
FBA79996,B0GW8Z556N,B0GW8Z556N,Audio Array,AM-C49,18,12951.69,681,1021,55.63,AUDIOARRAY,2026-07,2026-07-01,2026-07-31
FBA80010,B0GW8ZQRFK,B0GW8ZQRFK,Audio Array,AM-C52,2,2710.17,184,222,61.47,AUDIOARRAY,2026-07,2026-07-01,2026-07-31
FBA80004,B0GW92316G,B0GW92316G,Audio Array,AM-W36 Pro,0,0.0,355,516,11.74,AUDIOARRAY,2026-07,2026-07-01,2026-07-31
FBA80001,B0GW92TQGV,B0GW92TQGV,Audio Array,USB718,0,0.0,4,4,100.0,AUDIOARRAY,2026-07,2026-07-01,2026-07-31
FBA80003,B0GW92TTMS,B0GW92TTMS,Audio Array,AM-W32 Pro,1,4872.03,130,160,35.48,AUDIOARRAY,2026-07,2026-07-01,2026-07-31
FBA79999,B0GW92TVVC,B0GW92TVVC,Audio Array,JTG800,0,0.0,124,153,97.78,AUDIOARRAY,2026-07,2026-07-01,2026-07-31
FBA80005,B0GW96CQMG,B0GW96CQMG,Audio Array,T-835,0,0.0,56,65,18.64,AUDIOARRAY,2026-07,2026-07-01,2026-07-31
FBA80002,B0GW96SHSK,B0GW96SHSK,Audio Array,AM-W33 Pro,0,0.0,258,366,17.91,AUDIOARRAY,2026-07,2026-07-01,2026-07-31
FBA79975,B0GXP7LJ75,B0GXP7LJ75,Audio Array,AE831,1,2965.25,99,119,97.3,AUDIOARRAY,2026-07,2026-07-01,2026-07-31
FBA80084,B0GXP97CZG,B0GXP97CZG,Audio Array,BE-4,14,45327.12,8881,12350,34.91,AUDIOARRAY,2026-07,2026-07-01,2026-07-31
FBA80085,B0GXPBHDRF,B0GXPBHDRF,Audio Array,M6,6,29656.78,6690,8776,17.31,AUDIOARRAY,2026-07,2026-07-01,2026-07-31
FBA80075,B0GXPGBQB1,B0GXPGBQB1,Audio Array,PB-16 (AH-50+AI-13+AM-C2),0,0.0,50,60,100.0,AUDIOARRAY,2026-07,2026-07-01,2026-07-31
FBA80104,B0GXY7YJWP,B0GXY7YJWP,Audio Array,UB-04 (AM-S2+AA-21+AI-04+AM-C2),3,48302.54,938,1080,99.62,AUDIOARRAY,2026-07,2026-07-01,2026-07-31
FBA80074,B0GY827J9C,B0GY827J9C,Audio Array,PB-15 (AH-50+AM-C2+AI-04),3,26099.15,353,509,97.79,AUDIOARRAY,2026-07,2026-07-01,2026-07-31
FBA80076,B0GY857139,B0GY857139,Audio Array,PB-17 (AH-40-SL+AM-C43+AI-13),2,11100.0,102,144,99.28,AUDIOARRAY,2026-07,2026-07-01,2026-07-31
FBA80077,B0GY86ZT1X,B0GY86ZT1X,Audio Array,PB-18 (AH-45-BK+AI-03+AM-C39),0,0.0,15,16,100.0,AUDIOARRAY,2026-07,2026-07-01,2026-07-31
FBA80128,B0H1H3K6B2,B0H1H3K6B2,Audio Array,AI-13,5,11556.58,559,755,99.57,AUDIOARRAY,2026-07,2026-07-01,2026-07-31
FBA80143,B0H1MTP2ZP,B0H1MTP2ZP,Audio Array,AM-S2,2,12286.44,417,538,99.81,AUDIOARRAY,2026-07,2026-07-01,2026-07-31
FBA80106,B0H2FCK54H,B0H2FCK54H,Audio Array,UB-06 (AM-S2+AA-22),4,35759.32,1565,1674,99.82,AUDIOARRAY,2026-07,2026-07-01,2026-07-31
FBA80110,B0H2Z6R6V8,B0H2Z6R6V8,Audio Array,X5,2,30506.78,2003,2318,99.38,AUDIOARRAY,2026-07,2026-07-01,2026-07-31
FBA80109,B0H2ZCQFTZ,B0H2ZCQFTZ,Audio Array,M5,2,30506.78,1935,2460,98.73,AUDIOARRAY,2026-07,2026-07-01,2026-07-31
FBA80142,B0H3LHF2WW,B0H3LHF2WW,Audio Array,AM-C5 White,38,80603.39,1598,1898,99.84,AUDIOARRAY,2026-07,2026-07-01,2026-07-31
FBA75673,B0B4DPX2J2,B0B4DPX2J2,Audio Array,AM-C1,1,2287.29,3991,5407,1.87,CAMBIUMRETAIL,2026-07,2026-07-01,2026-07-31
FBA75683,B0B4G94VP3,B0B4G94VP3,Audio Array,AA-03,2,845.76,884,1080,9.11,VIOMI,2026-07,2026-07-01,2026-07-31
FBA75690,B0B4K87PR4,B0B4K87PR4,Audio Array,AM-C10,0,0.0,2969,3681,2.96,VIOMI,2026-07,2026-07-01,2026-07-31
FBA75677,B0B4KC7VBM,B0B4KC7VBM,Audio Array,AM-C5,0,0.0,3453,4257,1.53,VIOMI,2026-07,2026-07-01,2026-07-31
FBA78423,B0C598Q6PT,B0C598Q6PT,Audio Array,AM-C36,0,0.0,24,33,13.33,VIOMI,2026-07,2026-07-01,2026-07-31
FBA78960,B0CBCB82MT,B0CBCB82MT,Audio Array,AM-C39,0,0.0,1822,2502,2.06,VIOMI,2026-07,2026-07-01,2026-07-31
FBA79106,B0CM9KJZWQ,B0CM9KJZWQ,Audio Array,AM-C44,0,0.0,759,1083,5.77,VIOMI,2026-07,2026-07-01,2026-07-31
FBA79380,B0D3M1B4Z8,B0D3M1B4Z8,Audio Array,AM-C46,0,0.0,1525,1934,6.84,VIOMI,2026-07,2026-07-01,2026-07-31
FBA79355,B0D3M86SH1,B0D3M86SH1,Audio Array,AA-19BL,0,0.0,2299,2709,1.99,VIOMI,2026-07,2026-07-01,2026-07-31
FBA79448,B0DFMKY4TT,B0DFMKY4TT,Audio Array,AM-W35,1,3050.0,615,792,4.97,VIOMI,2026-07,2026-07-01,2026-07-31
FBA79444,B0DFMLQBMC,B0DFMLQBMC,Audio Array,AM-W20,1,1650.85,40,47,22.73,VIOMI,2026-07,2026-07-01,2026-07-31
FBA79445,B0DFMLS8JG,B0DFMLS8JG,Audio Array,AM-W32,2,6777.97,805,1104,23.44,VIOMI,2026-07,2026-07-01,2026-07-31
FBA79722,B0F2HYY7JF,B0F2HYY7JF,Audio Array,AM-W21,0,0.0,28,36,37.14,VIOMI,2026-07,2026-07-01,2026-07-31
FBA79816,B0FPR962YS,B0FPR962YS,Audio Array,AM-W22,0,0.0,538,752,0.0,VIOMI,2026-07,2026-07-01,2026-07-31
FBA76864,B0BPLZ5CGV,B0BPLZ5CGV,Audio Array,AI-04 Red,1,3980.51,2763,3716,9.46,WHITEMULBERRY,2026-07,2026-07-01,2026-07-31
