asin,sku,quantity,item_price_per_unit,shipping_price,gift_wrap_price,shipment_date,fulfillment_center,amazon_order_id,currency,seller_account,gross_sales
B0BFVNS8HS,FBA76418,1,7075.42,0.0,0.0,2026-06-27T22:52:19+00:00,SBOB,405-6679294-7715566,INR,WHITEMULBERRY,7075.42
B0BFVMDJ2K,FBA76417,1,7075.42,0.0,0.0,2026-06-27T20:53:11+00:00,SBOB,403-0195840-7477144,INR,WHITEMULBERRY,7075.42
B0BFWD6SNF,FBA76415,1,7075.42,0.0,0.0,2026-06-27T20:31:58+00:00,SDEG,407-0025910-5937117,INR,WHITEMULBERRY,7075.42
B0CPFS24ML,FBA79167,1,7287.29,33.9,0.0,2026-06-27T15:10:47+00:00,BLR8,402-4684050-2008333,INR,WHITEMULBERRY,7287.29
B0CPFS24ML,FBA79167,1,7287.28,0.0,0.0,2026-06-27T14:56:48+00:00,BLR8,407-9577644-7745155,INR,WHITEMULBERRY,7287.28
B0CPFS24ML,FBA79167,1,7287.28,0.0,0.0,2026-06-27T14:55:46+00:00,BLR8,405-0760275-7311528,INR,WHITEMULBERRY,7287.28
B0CPFS24ML,FBA79167,1,0.0,0.0,0.0,2026-06-27T14:48:42+00:00,BLR8,403-2312421-3029964,INR,WHITEMULBERRY,0.0
B0CPFS24ML,FBA79167,1,7287.28,0.0,0.0,2026-06-27T14:15:43+00:00,HYD3,404-7913029-6157962,INR,WHITEMULBERRY,7287.28
B0CPFS24ML,FBA79167,1,7287.28,0.0,0.0,2026-06-27T14:13:46+00:00,HYD3,403-5140287-0389922,INR,WHITEMULBERRY,7287.28
B0DQ4YWSMC,FBA79662,1,12712.72,0.0,0.0,2026-06-27T13:37:42+00:00,BLX1,171-9138803-2447524,INR,WHITEMULBERRY,12712.72
B0BFWD6SNF,FBA76415,1,7075.42,0.0,0.0,2026-06-27T05:32:20+00:00,SDEG,407-5517928-8636321,INR,WHITEMULBERRY,7075.42
B0CPFS24ML,FBA79167,1,7287.29,0.0,0.0,2026-06-27T05:00:48+00:00,HYD3,408-2174117-9805943,INR,WHITEMULBERRY,7287.29
B0CPFS24ML,FBA79167,1,7287.28,0.0,0.0,2026-06-26T20:32:46+00:00,DEL4,402-2134278-1520328,INR,WHITEMULBERRY,7287.28
B0CPFS24ML,FBA79167,1,7287.28,0.0,0.0,2026-06-26T19:37:46+00:00,BLR8,403-6072724-5581966,INR,WHITEMULBERRY,7287.28
B0CPFS24ML,FBA79167,1,7287.28,0.0,0.0,2026-06-26T18:49:45+00:00,MAA4,405-8241732-2601908,INR,WHITEMULBERRY,7287.28
B0BFWD6SNF,FBA76415,1,7075.42,0.0,0.0,2026-06-26T18:35:52+00:00,SDEG,408-1330596-2508317,INR,WHITEMULBERRY,7075.42
B0BFVMDJ2K,FBA76417,1,7075.42,0.0,0.0,2026-06-26T18:35:42+00:00,SDEG,171-4710467-2741924,INR,WHITEMULBERRY,7075.42
B0CPFS24ML,FBA79167,1,7287.29,0.0,0.0,2026-06-26T09:01:50+00:00,DEL4,405-9281715-3171557,INR,WHITEMULBERRY,7287.29
B0CPFS24ML,FBA79167,1,7287.28,0.0,0.0,2026-06-26T09:01:45+00:00,DEL4,171-7263286-8293145,INR,WHITEMULBERRY,7287.28
B0BFVNS8HS,FBA76418,1,7075.42,0.0,0.0,2026-06-26T08:25:46+00:00,BLX1,404-1577639-2538708,INR,WHITEMULBERRY,7075.42
B0BFVMDJ2K,FBA76417,1,7075.42,0.0,0.0,2026-06-26T04:58:31+00:00,SDEG,408-2432444-1288311,INR,WHITEMULBERRY,7075.42
B0CPFS24ML,FBA79167,1,7287.29,33.9,0.0,2026-06-25T20:45:45+00:00,DEL4,403-6645337-2467540,INR,WHITEMULBERRY,7287.29
B0BFWD6SNF,FBA76415,1,7075.42,0.0,0.0,2026-06-25T16:36:35+00:00,SDEG,402-2495998-3545903,INR,WHITEMULBERRY,7075.42
B0CPFS24ML,FBA79167,1,7287.28,0.0,0.0,2026-06-25T14:00:50+00:00,MAA4,404-2473053-6569102,INR,WHITEMULBERRY,7287.28
B0CPFS24ML,FBA79167,1,7287.29,0.0,0.0,2026-06-25T13:56:47+00:00,BLR8,403-4811937-5699543,INR,WHITEMULBERRY,7287.29
B0CPT3Q25C,FBA79179,1,12712.72,0.0,0.0,2026-06-25T09:39:55+00:00,LMAA,403-0243347-6492332,INR,WHITEMULBERRY,12712.72
B0CPFS24ML,FBA79167,1,7287.29,33.9,0.0,2026-06-25T08:13:47+00:00,DEL4,403-0547582-3197132,INR,WHITEMULBERRY,7287.29
B0CPFS24ML,FBA79167,1,7287.29,0.0,0.0,2026-06-25T04:10:46+00:00,BLR8,407-2811663-1300350,INR,WHITEMULBERRY,7287.29
B0BPLZ5CGV,FBA76864,1,3980.51,33.9,0.0,2026-06-24T21:06:46+00:00,BLR7,408-1030252-3018756,INR,WHITEMULBERRY,3980.51
B0BFWD6SNF,FBA76415,1,7456.78,0.0,0.0,2026-06-24T18:35:33+00:00,SDEG,402-0484517-5587542,INR,WHITEMULBERRY,7456.78
B0CPFS24ML,FBA79167,1,0.0,0.0,0.0,2026-06-24T12:01:42+00:00,HYD3,404-8257333-1065903,INR,WHITEMULBERRY,0.0
B0CPFS24ML,FBA79167,1,7287.28,4.03,0.0,2026-06-24T11:39:49+00:00,BLR7,171-1044564-5737165,INR,WHITEMULBERRY,7287.28
B0CPFS24ML,FBA79167,1,7287.28,0.0,0.0,2026-06-24T10:59:51+00:00,DEL4,406-0567443-7753966,INR,WHITEMULBERRY,7287.28
B0CPFS24ML,FBA79167,1,7287.28,66.94,0.0,2026-06-24T10:38:46+00:00,BOM5,405-1245096-1377920,INR,WHITEMULBERRY,7287.28
B0CPFS24ML,FBA79167,1,7287.29,0.0,0.0,2026-06-24T04:55:46+00:00,BLR8,405-6331870-3714743,INR,WHITEMULBERRY,7287.29
B0CPFS24ML,FBA79167,1,7287.28,0.0,0.0,2026-06-24T04:52:48+00:00,BLR8,408-0761123-8849954,INR,WHITEMULBERRY,7287.28
B0BFVMDJ2K,FBA76417,1,7075.42,0.0,0.0,2026-06-23T22:42:13+00:00,SBOB,403-4110201-4430757,INR,WHITEMULBERRY,7075.42
B0CPFS24ML,FBA79167,1,7287.28,16.1,0.0,2026-06-23T19:03:48+00:00,BLR7,403-8187743-6565116,INR,WHITEMULBERRY,7287.28
B0CPFS24ML,FBA79167,1,7287.29,33.9,0.0,2026-06-23T15:57:43+00:00,BLR8,402-1004506-0818747,INR,WHITEMULBERRY,7287.29
B0CPFS24ML,FBA79167,1,7287.28,5.38,0.0,2026-06-23T15:27:50+00:00,HYD3,402-3342535-6761148,INR,WHITEMULBERRY,7287.28
B0BFVNS8HS,FBA76418,1,7075.42,0.0,0.0,2026-06-23T14:12:49+00:00,BLX1,405-4198767-6939553,INR,WHITEMULBERRY,7075.42
B0DQ4YWSMC,FBA79662,1,12712.72,0.0,0.0,2026-06-23T10:18:42+00:00,BLX1,408-0671487-1961957,INR,WHITEMULBERRY,12712.72
B0CPFS24ML,FBA79167,1,7287.28,0.0,0.0,2026-06-23T09:38:46+00:00,HYD8,405-6904525-0069903,INR,WHITEMULBERRY,7287.28
B0BFWD6SNF,FBA76415,1,7456.78,0.0,0.0,2026-06-23T04:20:14+00:00,SDEG,171-4257458-3315568,INR,WHITEMULBERRY,7456.78
B0CPFS24ML,FBA79167,1,7287.28,0.0,0.0,2026-06-22T21:30:41+00:00,BOM5,407-2497737-1874765,INR,WHITEMULBERRY,7287.28
B0DQ4YWSMC,FBA79662,1,12712.72,0.0,0.0,2026-06-22T14:53:52+00:00,BLX1,404-8616750-9501137,INR,WHITEMULBERRY,12712.72
B0BFVMDJ2K,FBA76417,1,7075.42,0.0,0.0,2026-06-22T10:13:46+00:00,BLX1,171-3951059-4221961,INR,WHITEMULBERRY,7075.42
B0CPFS24ML,FBA79167,1,7287.29,33.9,0.0,2026-06-22T08:52:46+00:00,DEL4,402-4598141-9561917,INR,WHITEMULBERRY,7287.29
B0BFVMDJ2K,FBA76417,1,7075.42,0.0,0.0,2026-06-22T06:49:01+00:00,SBOB,171-7015925-8071512,INR,WHITEMULBERRY,7075.42
B0CPFS24ML,FBA79167,1,7287.29,0.0,0.0,2026-06-22T05:35:45+00:00,BOM5,405-9970396-2179548,INR,WHITEMULBERRY,7287.29
B0CPFS24ML,FBA79167,1,7287.29,0.0,0.0,2026-06-22T05:33:42+00:00,BOM5,407-6700001-8189115,INR,WHITEMULBERRY,7287.29
B0CPFS24ML,FBA79167,1,7287.29,0.0,0.0,2026-06-22T03:50:40+00:00,MAA4,405-9970396-2179548,INR,WHITEMULBERRY,7287.29
B0CPFS24ML,FBA79167,1,7287.29,33.9,0.0,2026-06-21T22:21:47+00:00,DEL4,403-6044286-1801115,INR,WHITEMULBERRY,7287.29
B0BFWD6SNF,FBA76415,1,0.0,0.0,0.0,2026-06-21T19:22:19+00:00,SDEG,408-1014759-0894720,INR,WHITEMULBERRY,0.0
B0CPFS24ML,FBA79167,1,0.0,0.0,0.0,2026-06-21T17:55:43+00:00,BOM5,402-4067194-6730742,INR,WHITEMULBERRY,0.0
B0CPFS24ML,FBA79167,1,7287.28,0.0,0.0,2026-06-21T14:02:46+00:00,BOM5,171-5958821-1261965,INR,WHITEMULBERRY,7287.28
B0CPFS24ML,FBA79167,1,7287.28,0.0,0.0,2026-06-21T14:02:45+00:00,BOM5,403-9434104-4249110,INR,WHITEMULBERRY,7287.28
B0DQ4YWSMC,FBA79662,1,12585.58,0.0,0.0,2026-06-21T10:27:17+00:00,SDEG,406-7070503-4942750,INR,WHITEMULBERRY,12585.58
B0CPFS24ML,FBA79167,1,7287.29,33.9,0.0,2026-06-21T08:33:41+00:00,BOM5,407-5344841-3285959,INR,WHITEMULBERRY,7287.29
B0CPFS24ML,FBA79167,1,7287.29,33.9,0.0,2026-06-21T07:08:42+00:00,DEL4,406-8851829-1438715,INR,WHITEMULBERRY,7287.29
B0CPFS24ML,FBA79167,1,7287.29,0.0,0.0,2026-06-21T05:25:43+00:00,BOM5,407-4941569-6705930,INR,WHITEMULBERRY,7287.29
