asin,Spend,Clicks,Impressions,attributed_sales,ams_orders,Model,brand,week,ad_type
B0CDPMX152,12115.12,669,194998,42177.880000000005,25,GS-02,Nexlev,4,SP_SD
B0CDPP45BM,19872.68,1317,181227,65109.340000000004,25,SC-01,Nexlev,4,SP_SD
B0CQX9ZZMH,0.0,0,0,0.0,0,GS-04,Nexlev,4,SP_SD
B0CS69T7HF,0.0,0,0,0.0,0,ET-01-BK,Nexlev,4,SP_SD
B0CSG2JZ19,0.0,0,0,0.0,0,ET-02-GN,Nexlev,4,SP_SD
B0CSG3FC4G,0.0,0,0,0.0,0,ET-03-BL,Nexlev,4,SP_SD
B0CYSLCRQS,15697.140000000001,1036,107697,39066.96,18,MR-01,Nexlev,4,SP_SD
B0CYSMBCB8,0.0,0,0,0.0,0,SC-02,Nexlev,4,SP_SD
B0D25LNDSY,74.76,7,2604,0.0,0,ETC-04-WH,Nexlev,4,SP_SD
B0D2LHNS9B,786.22,37,15978,0.0,0,CR-01,Nexlev,4,SP_SD
B0D2LJSQXZ,1607.6000000000001,152,18422,9152.55,3,SM-01,Nexlev,4,SP_SD
B0D2P5TGWK,596.9,89,6044,945.76,4,ET-01-BK_N,Nexlev,4,SP_SD
B0D2P6KF4N,0.0,0,0,0.0,0,ET-03-BL_N,Nexlev,4,SP_SD
B0D2P7WLJB,739.85,88,5911,1679.6499999999999,7,ET-02-GN_N,Nexlev,4,SP_SD
B0D383WQPB,15075.17,796,277153,31087.31,22,GS-05,Nexlev,4,SP_SD
B0D637B562,0.0,0,0,0.0,0,WF-02-BL,Nexlev,4,SP_SD
B0D63DTKQB,455.62,19,7653,0.0,0,HM-02,Nexlev,4,SP_SD
B0D672NXC8,0.0,0,0,0.0,0,SC-03,Nexlev,4,SP_SD
B0D67727VG,8882.630000000001,569,50511,15342.85,14,EA-01,Nexlev,4,SP_SD
B0D83Q7L8W,1452.6200000000001,71,22966,2100.0,2,V-01,Nexlev,4,SP_SD
B0D842173P,153.32,16,7208,0.0,0,ETC-05-PI,Nexlev,4,SP_SD
B0D845B2DG,5690.49,308,106073,21227.079999999998,21,NAN,Nexlev,4,SP_SD
B0D9KCNVNM,731.5699999999999,67,48860,2488.1400000000003,3,ETR-06,Nexlev,4,SP_SD
B0D9KFP4MG,3741.7599999999998,343,83933,13594.04,9,HSB-03,Nexlev,4,SP_SD
B0D9KFZYG8,5586.63,308,86295,8130.48,6,FS-01,Nexlev,4,SP_SD
B0DCGHKRXX,5743.69,485,81477,12039.82,8,LE-02,Nexlev,4,SP_SD
B0DCGHVN81,18213.32,1399,177959,43723.68,26,VC-01,Nexlev,4,SP_SD
B0DCK3N2JJ,12696.31,779,166455,38274.61,22,HSB-04,Nexlev,4,SP_SD
B0DCK4DR1B,1658.62,79,10458,3683.91,3,LE-04,Nexlev,4,SP_SD
B0DCK56Q85,165.76,8,2839,0.0,0,VC-02,Nexlev,4,SP_SD
B0DCK7J87D,329.74,22,3336,0.0,0,SPM-01,Nexlev,4,SP_SD
B0DCK7ZH5P,0.0,0,0,0.0,0,MR-02,Nexlev,4,SP_SD
B0DFCDKMWR,0.0,0,0,0.0,0,CM-01-BL,Nexlev,4,SP_SD
B0DFCDZWND,4144.4400000000005,228,55165,7238.070000000001,6,CM-02-PR,Nexlev,4,SP_SD
B0DFCG2VGS,5943.4,654,156678,24747.45,18,KE-01,Nexlev,4,SP_SD
B0DFD123P5,12580.92,1356,246013,9928.8,9,KE-02,Nexlev,4,SP_SD
B0DFM4JZV9,23.5,3,2803,0.0,0,TI-01,Nexlev,4,SP_SD
B0DJFH4K8B,0.0,0,1,0.0,0,TIC-03,Nexlev,4,SP_SD
B0DJFH6RTL,172.57999999999998,20,2765,0.0,0,TI-02,Nexlev,4,SP_SD
B0DKJSCLBD,714.04,57,11974,3800.84,2,VC-05,Nexlev,4,SP_SD
B0DKJXRXKM,7641.33,559,87852,12822.04,10,BR-01,Nexlev,4,SP_SD
B0DKJZDY72,0.0,0,0,0.0,0,VC-04,Nexlev,4,SP_SD
B0DKK15YNJ,0.0,0,0,0.0,0,EA-02,Nexlev,4,SP_SD
B0DM66B2DW,2835.88,191,17895,0.0,0,KM-01,Nexlev,4,SP_SD
B0DM6BB3VT,0.0,0,0,0.0,0,CFM-01,Nexlev,4,SP_SD
B0DNJJKBKG,539.41,31,6659,1770.48,1,BM-02,Nexlev,4,SP_SD
B0DNJP9T35,2329.89,211,41938,3472.88,2,SS-02,Nexlev,4,SP_SD
B0DNJS23HS,20165.93,1092,173728,89575.41,21,SC-04,Nexlev,4,SP_SD
B0DQ8W1RBV,4315.18,257,52527,6241.530000000001,5,V-01 RG,Nexlev,4,SP_SD
B0DQCWRG3H,41759.97,2936,424524,89155.99,56,V-03,Nexlev,4,SP_SD
B0DRD8J8R5,120.00999999999999,8,2064,1694.07,1,VC-06,Nexlev,4,SP_SD
B0DT6Y7KJM,1203.7,312,85617,3716.96,2,V-02,Nexlev,4,SP_SD
B0DTYDTKN8,117.88,10,2443,0.0,0,SPM-01(NEW),Nexlev,4,SP_SD
B0DVC58QPZ,0.0,0,0,0.0,0,AP-03,Nexlev,4,SP_SD
B0DVC7VJP1,19239.19,1026,186406,86501.68999999999,18,ST-01,Nexlev,4,SP_SD
B0DVC9PRSD,358.15999999999997,35,22227,0.0,0,AP-01,Nexlev,4,SP_SD
B0F43P6D23,7306.93,528,64389,26761.88,11,SC-05,Nexlev,4,SP_SD
B0FJ1ZB4G9,115.69,9,9967,643.22,1,ETC-08-BL,Nexlev,4,SP_SD
B0FJ8SFNRH,0.0,0,0,0.0,0,KE-03,Nexlev,4,SP_SD
B0FJG5PFGQ,3699.43,208,43051,4795.77,9,ETC-07-WH,Nexlev,4,SP_SD
B0FS6TB7CP,7540.6,614,168144,17432.22,10,PB-01,Nexlev,4,SP_SD
B0FS7T8151,69.66,11,2909,0.0,0,MF-01,Nexlev,4,SP_SD
B0FT8R24QM,4763.0,435,35184,15514.4,50,LR-03,Nexlev,4,SP_SD
B0CDPMX152,12426.47,672,206199,40150.86,23,GS-02,Nexlev,5,SP_SD
B0CDPP45BM,2670.2,256,51410,5422.040000000001,2,SC-01,Nexlev,5,SP_SD
B0CS69T7HF,0.0,0,0,0.0,0,ET-01-BK,Nexlev,5,SP_SD
B0CSG2JZ19,0.0,0,0,0.0,0,ET-02-GN,Nexlev,5,SP_SD
B0CSG3FC4G,0.0,0,0,0.0,0,ET-03-BL,Nexlev,5,SP_SD
B0CYSLCRQS,9203.5,597,53524,29905.090000000004,14,MR-01,Nexlev,5,SP_SD
B0CYSMBCB8,0.0,0,0,0.0,0,SC-02,Nexlev,5,SP_SD
B0D25LNDSY,264.77,17,3955,0.0,0,ETC-04-WH,Nexlev,5,SP_SD
B0D2LD6BYJ,648.03,65,9266,0.0,0,T-02,Nexlev,5,SP_SD
B0D2LHNS9B,615.17,26,7105,1255.94,3,CR-01,Nexlev,5,SP_SD
B0D2LJSQXZ,2232.31,162,23814,3388.98,1,SM-01,Nexlev,5,SP_SD
B0D2P5TGWK,188.32999999999998,38,2987,253.39,1,ET-01-BK_N,Nexlev,5,SP_SD
B0D2P6KF4N,0.0,0,0,0.0,0,ET-03-BL_N,Nexlev,5,SP_SD
B0D2P7WLJB,292.4,64,3645,1473.7399999999998,6,ET-02-GN_N,Nexlev,5,SP_SD
B0D383WQPB,16184.33,843,243508,39089.79,24,GS-05,Nexlev,5,SP_SD
B0D672NXC8,0.0,0,0,0.0,0,SC-03,Nexlev,5,SP_SD
B0D67727VG,5278.31,418,35244,14904.74,14,EA-01,Nexlev,5,SP_SD
B0D83Q7L8W,825.97,39,12726,1185.59,1,V-01,Nexlev,5,SP_SD
B0D842173P,10.55,1,400,0.0,0,ETC-05-PI,Nexlev,5,SP_SD
B0D845B2DG,3803.11,191,49941,3196.62,4,NAN,Nexlev,5,SP_SD
B0D9KCNVNM,1791.31,133,28532,4064.4,4,ETR-06,Nexlev,5,SP_SD
B0D9KFP4MG,11645.6,650,106840,35437.25,23,HSB-03,Nexlev,5,SP_SD
B0D9KFZYG8,2669.76,136,22214,4446.6,3,FS-01,Nexlev,5,SP_SD
B0DCGHKRXX,3247.59,288,33251,4700.84,3,LE-02,Nexlev,5,SP_SD
B0DCGHVN81,21197.12,1184,170137,37381.38,22,VC-01,Nexlev,5,SP_SD
B0DCK3N2JJ,14638.05,820,163391,20414.4,10,HSB-04,Nexlev,5,SP_SD
B0DCK4DR1B,1097.18,54,8257,2515.26,2,LE-04,Nexlev,5,SP_SD
B0DCK56Q85,0.0,0,2,0.0,0,VC-02,Nexlev,5,SP_SD
B0DCK7J87D,144.91,8,1441,0.0,0,SPM-01,Nexlev,5,SP_SD
B0DCK7ZH5P,0.0,0,0,0.0,0,MR-02,Nexlev,5,SP_SD
B0DFCDKMWR,0.0,0,0,0.0,0,CM-01-BL,Nexlev,5,SP_SD
B0DFCDZWND,5485.2300000000005,280,86317,6593.33,5,CM-02-PR,Nexlev,5,SP_SD
B0DFCG2VGS,3003.64,433,61495,10121.16,8,KE-01,Nexlev,5,SP_SD
B0DFD123P5,2300.83,292,41872,1482.2,1,KE-02,Nexlev,5,SP_SD
B0DFM4JZV9,4.39,1,2649,0.0,0,TI-01,Nexlev,5,SP_SD
B0DFMRG2K4,1054.99,83,18843,5107.62,3,TM-02,Nexlev,5,SP_SD
B0DJFH6RTL,185.57,16,4541,0.0,0,TI-02,Nexlev,5,SP_SD
B0DK9NRBWJ,283.09,24,24346,0.0,0,TM-03,Nexlev,5,SP_SD
B0DKJSCLBD,4286.99,207,27002,1948.31,1,VC-05,Nexlev,5,SP_SD
B0DKJXRXKM,6818.89,534,73318,13205.94,10,BR-01,Nexlev,5,SP_SD
B0DKJZDY72,0.0,0,0,0.0,0,VC-04,Nexlev,5,SP_SD
B0DKK15YNJ,0.0,0,0,0.0,0,EA-02,Nexlev,5,SP_SD
B0DM66B2DW,1466.95,105,10671,4140.0,3,KM-01,Nexlev,5,SP_SD
B0DM6BB3VT,0.0,0,0,0.0,0,CFM-01,Nexlev,5,SP_SD
B0DNJJKBKG,354.8,11,2037,0.0,0,BM-02,Nexlev,5,SP_SD
B0DNJP9T35,947.97,99,22304,1778.81,1,SS-02,Nexlev,5,SP_SD
B0DNJS23HS,22012.07,1067,212550,62268.68,13,SC-04,Nexlev,5,SP_SD
B0DQ8W1RBV,3741.88,244,57705,7622.04,7,V-01 RG,Nexlev,5,SP_SD
B0DQCWRG3H,25597.36,1715,287373,58937.33,34,V-03,Nexlev,5,SP_SD
B0DRD8J8R5,0.0,0,1,0.0,0,VC-06,Nexlev,5,SP_SD
B0DT6Y7KJM,337.96999999999997,108,43542,0.0,0,V-02,Nexlev,5,SP_SD
B0DTYDTKN8,152.54999999999998,15,1918,0.0,0,SPM-01(NEW),Nexlev,5,SP_SD
B0DVC58QPZ,0.0,0,0,0.0,0,AP-03,Nexlev,5,SP_SD
B0DVC7VJP1,14703.9,753,127598,44229.67,10,ST-01,Nexlev,5,SP_SD
B0DVC9PRSD,104.67,11,21012,0.0,0,AP-01,Nexlev,5,SP_SD
B0F43P6D23,9512.279999999999,651,108720,51551.700000000004,19,SC-05,Nexlev,5,SP_SD
B0FJ1ZB4G9,223.03,12,6751,0.0,0,ETC-08-BL,Nexlev,5,SP_SD
B0FJ8SFNRH,0.0,0,0,0.0,0,KE-03,Nexlev,5,SP_SD
B0FJG5PFGQ,1384.25,72,17723,2708.48,4,ETC-07-WH,Nexlev,5,SP_SD
B0FS6TB7CP,3188.03,283,70762,3727.12,2,PB-01,Nexlev,5,SP_SD
B0FS7T8151,69.39,14,5247,0.0,0,MF-01,Nexlev,5,SP_SD
B0FT8R24QM,2183.6,151,8929,4209.37,14,LR-03,Nexlev,5,SP_SD
B0CDPMX152,10492.58,603,184767,44889.01,26,GS-02,Nexlev,6,SP_SD
B0CDPP45BM,24591.25,1413,242808,184354.33,64,SC-01,Nexlev,6,SP_SD
B0CYSLCRQS,7288.910000000001,505,37035,18044.920000000002,7,MR-01,Nexlev,6,SP_SD
B0D25LNDSY,471.56,23,4896,690.68,1,ETC-04-WH,Nexlev,6,SP_SD
B0D2LD6BYJ,1130.8600000000001,114,19742,931.36,1,T-02,Nexlev,6,SP_SD
B0D2LHNS9B,895.02,49,10601,2961.87,6,CR-01,Nexlev,6,SP_SD
B0D2LJSQXZ,4990.27,240,26605,30500.82,10,SM-01,Nexlev,6,SP_SD
B0D2P7WLJB,2476.05,136,4983,3050.8199999999997,12,ET-02-GN_N,Nexlev,6,SP_SD
B0D383WQPB,15574.01,819,228453,50651.69,33,GS-05,Nexlev,6,SP_SD
B0D63FKYZ5,79.27,3,187,0.0,0,HM-01,Nexlev,6,SP_SD
B0D672NXC8,182.29,35,2094,0.0,0,SC-03,Nexlev,6,SP_SD
B0D67727VG,3232.21,264,28107,4186.66,4,EA-01,Nexlev,6,SP_SD
B0D83Q7L8W,4518.12,245,62824,3641.5199999999995,3,V-01,Nexlev,6,SP_SD
B0D842173P,204.54999999999998,17,4986,888.13,2,ETC-05-PI,Nexlev,6,SP_SD
B0D8445KJN,526.86,33,17508,3385.58,7,LR-01,Nexlev,6,SP_SD
B0D845B2DG,6500.92,279,56758,27833.06,23,NAN,Nexlev,6,SP_SD
B0D9KCNVNM,1100.1599999999999,58,16682,1058.47,1,ETR-06,Nexlev,6,SP_SD
B0D9KFP4MG,8207.26,392,86272,9655.92,6,HSB-03,Nexlev,6,SP_SD
B0D9KFQG8Q,19.35,2,467,0.0,0,LE-03,Nexlev,6,SP_SD
B0D9KFZYG8,2487.0699999999997,124,30769,1524.58,1,FS-01,Nexlev,6,SP_SD
B0DCGHKRXX,3814.3,273,49434,1046.67,1,LE-02,Nexlev,6,SP_SD
B0DCGHVN81,8597.49,442,74927,8894.05,5,VC-01,Nexlev,6,SP_SD
B0DCK3N2JJ,6180.87,398,60820,16643.2,8,HSB-04,Nexlev,6,SP_SD
B0DCK4DR1B,1766.43,101,15393,0.0,0,LE-04,Nexlev,6,SP_SD
B0DCK7J87D,0.0,0,26,0.0,0,SPM-01,Nexlev,6,SP_SD
B0DCK7ZH5P,1947.93,119,22835,8641.52,3,MR-02,Nexlev,6,SP_SD
B0DFCDZWND,2875.22,120,33064,1332.38,1,CM-02-PR,Nexlev,6,SP_SD
B0DFCG2VGS,9539.64,987,172548,12731.32,10,KE-01,Nexlev,6,SP_SD
B0DFD123P5,1090.02,139,22226,2710.16,2,KE-02,Nexlev,6,SP_SD
B0DFM4JZV9,103.33,8,2233,0.0,0,TI-01,Nexlev,6,SP_SD
B0DFMRG2K4,3498.0499999999997,169,28366,5522.88,3,TM-02,Nexlev,6,SP_SD
B0DJFH6RTL,65.68,8,2979,0.0,0,TI-02,Nexlev,6,SP_SD
B0DK9NRBWJ,849.39,46,14797,0.0,0,TM-03,Nexlev,6,SP_SD
B0DKJSCLBD,4831.03,280,65359,8132.21,5,VC-05,Nexlev,6,SP_SD
B0DKJXRXKM,3148.86,213,25587,6775.4,5,BR-01,Nexlev,6,SP_SD
B0DM6BB3VT,7056.89,441,56920,10662.869999999999,4,CFM-01,Nexlev,6,SP_SD
B0DNJJKBKG,221.03,11,974,0.0,0,BM-02,Nexlev,6,SP_SD
B0DNJS23HS,15305.890000000001,776,140359,53804.25,12,SC-04,Nexlev,6,SP_SD
B0DQ8W1RBV,2719.1,172,48043,2540.68,2,V-01 RG,Nexlev,6,SP_SD
B0DQCWRG3H,15603.9,1023,131447,26682.16,15,V-03,Nexlev,6,SP_SD
B0DT6Y7KJM,90.66,4,774,0.0,0,V-02,Nexlev,6,SP_SD
B0DVC58QPZ,2902.48,223,77650,13522.03,4,AP-03,Nexlev,6,SP_SD
B0DVC7VJP1,15780.82,1080,163483,68900.03,14,ST-01,Nexlev,6,SP_SD
B0DVC9PRSD,614.61,40,31812,0.0,0,AP-01,Nexlev,6,SP_SD
B0DVSZ2VVJ,410.19,32,2065,0.0,0,CFM-02,Nexlev,6,SP_SD
B0F43P6D23,8468.89,495,100468,22668.64,9,SC-05,Nexlev,6,SP_SD
B0FJ1ZB4G9,229.29,13,5869,0.0,0,ETC-08-BL,Nexlev,6,SP_SD
B0FJ8SFNRH,295.61,57,30232,550.0,1,KE-03,Nexlev,6,SP_SD
B0FJG5PFGQ,1088.98,67,19537,634.75,1,ETC-07-WH,Nexlev,6,SP_SD
B0FPGDVVCX,891.62,64,16410,17995.739999999998,3,CFM-03,Nexlev,6,SP_SD
B0FS6TB7CP,6121.04,497,130281,13044.92,7,PB-01,Nexlev,6,SP_SD
B0FS7T8151,920.7,68,53305,1861.01,4,MF-01,Nexlev,6,SP_SD
B0FT8R24QM,1456.55,133,27613,1335.61,4,LR-03,Nexlev,6,SP_SD
B0CDPMX152,7814.51,421,138955,27953.399999999998,18,GS-02,Nexlev,7,SP_SD
B0CDPP45BM,35244.85,1591,214232,87995.69,30,SC-01,Nexlev,7,SP_SD
B0CS69T7HF,0.0,0,0,0.0,0,ET-01-BK,Nexlev,7,SP_SD
B0CSG2JZ19,0.0,0,0,0.0,0,ET-02-GN,Nexlev,7,SP_SD
B0CSG3FC4G,0.0,0,0,0.0,0,ET-03-BL,Nexlev,7,SP_SD
B0CYSLCRQS,11091.48,731,66606,32531.350000000002,13,MR-01,Nexlev,7,SP_SD
B0CYSMBCB8,0.0,0,0,0.0,0,SC-02,Nexlev,7,SP_SD
B0D25LNDSY,11.76,1,827,0.0,0,ETC-04-WH,Nexlev,7,SP_SD
B0D2LD6BYJ,855.41,90,12358,0.0,0,T-02,Nexlev,7,SP_SD
B0D2LHNS9B,3619.73,198,32969,6622.02,12,CR-01,Nexlev,7,SP_SD
B0D2LJSQXZ,6106.86,233,14590,13522.03,4,SM-01,Nexlev,7,SP_SD
B0D2P5TGWK,88.47,19,484,0.0,0,ET-01-BK_N,Nexlev,7,SP_SD
B0D2P6KF4N,0.0,0,0,0.0,0,ET-03-BL_N,Nexlev,7,SP_SD
B0D2P7WLJB,1047.6399999999999,56,1889,506.78,2,ET-02-GN_N,Nexlev,7,SP_SD
B0D383WQPB,15882.960000000001,723,222606,27231.36,17,GS-05,Nexlev,7,SP_SD
B0D63DTKQB,0.0,0,1,0.0,0,HM-02,Nexlev,7,SP_SD
B0D63FKYZ5,410.66,23,6290,0.0,0,HM-01,Nexlev,7,SP_SD
B0D672NXC8,14520.33,649,149694,30443.24,6,SC-03,Nexlev,7,SP_SD
B0D67727VG,4190.43,313,34100,6280.01,6,EA-01,Nexlev,7,SP_SD
B0D83Q7L8W,9475.46,477,102387,18487.25,15,V-01,Nexlev,7,SP_SD
B0D842173P,199.03,16,4986,0.0,0,ETC-05-PI,Nexlev,7,SP_SD
B0D8445KJN,4750.0,255,121979,12189.76,16,LR-01,Nexlev,7,SP_SD
B0D845B2DG,19158.55,802,243303,51008.56,47,NAN,Nexlev,7,SP_SD
B0D86ZC9YT,2388.21,142,73002,0.0,0,HD-01,Nexlev,7,SP_SD
B0D9KCNVNM,0.0,0,21,0.0,0,ETR-06,Nexlev,7,SP_SD
B0D9KFP4MG,1140.93,120,33793,0.0,0,HSB-03,Nexlev,7,SP_SD
B0D9KFQG8Q,514.5,55,6323,0.0,0,LE-03,Nexlev,7,SP_SD
B0D9KFZYG8,1132.54,63,14757,0.0,0,FS-01,Nexlev,7,SP_SD
B0DCGHKRXX,1894.26,248,44857,6810.169999999999,4,LE-02,Nexlev,7,SP_SD
B0DCGHVN81,6947.55,393,103154,17788.14,10,VC-01,Nexlev,7,SP_SD
B0DCK3N2JJ,3583.1,265,37975,6226.26,3,HSB-04,Nexlev,7,SP_SD
B0DCK4DR1B,5596.08,248,31391,11517.8,9,LE-04,Nexlev,7,SP_SD
B0DCK56Q85,0.0,0,1,0.0,0,VC-02,Nexlev,7,SP_SD
B0DCK7J87D,0.0,0,18,0.0,0,SPM-01,Nexlev,7,SP_SD
B0DCK7ZH5P,7892.96,453,74766,14699.16,7,MR-02,Nexlev,7,SP_SD
B0DFCDKMWR,2345.92,106,20149,4214.28,3,CM-01-BL,Nexlev,7,SP_SD
B0DFCDZWND,1789.96,99,14651,0.0,0,CM-02-PR,Nexlev,7,SP_SD
B0DFCG2VGS,1947.9,207,30740,4361.86,3,KE-01,Nexlev,7,SP_SD
B0DFD123P5,2786.18,286,39510,5632.2,4,KE-02,Nexlev,7,SP_SD
B0DFM4JZV9,47.8,4,1522,0.0,0,TI-01,Nexlev,7,SP_SD
B0DFMRG2K4,604.58,56,7641,0.0,0,TM-02,Nexlev,7,SP_SD
B0DJFH6RTL,729.27,65,19095,0.0,0,TI-02,Nexlev,7,SP_SD
B0DK9NRBWJ,218.32,17,8824,888.98,1,TM-03,Nexlev,7,SP_SD
B0DKJSCLBD,3838.92,240,54141,5336.43,3,VC-05,Nexlev,7,SP_SD
B0DKJXRXKM,755.49,46,3804,2710.16,2,BR-01,Nexlev,7,SP_SD
B0DKK15YNJ,0.0,0,0,0.0,0,EA-02,Nexlev,7,SP_SD
B0DM6BB3VT,14492.1,834,105538,45887.14,17,CFM-01,Nexlev,7,SP_SD
B0DNJJKBKG,62.900000000000006,8,841,0.0,0,BM-02,Nexlev,7,SP_SD
B0DNJP9T35,0.0,0,0,0.0,0,SS-02,Nexlev,7,SP_SD
B0DNJS23HS,8454.33,619,116693,30808.479999999996,6,SC-04,Nexlev,7,SP_SD
B0DQ8W1RBV,1324.56,76,16031,5589.83,4,V-01 RG,Nexlev,7,SP_SD
B0DQCWRG3H,2404.88,181,24597,4827.96,3,V-03,Nexlev,7,SP_SD
B0DT6Y7KJM,0.0,0,60,0.0,0,V-02,Nexlev,7,SP_SD
B0DTYDTKN8,0.0,0,0,0.0,0,SPM-01(NEW),Nexlev,7,SP_SD
B0DVC58QPZ,5671.65,250,99129,14487.28,5,AP-03,Nexlev,7,SP_SD
B0DVC7VJP1,19817.36,1293,234412,23851.7,5,ST-01,Nexlev,7,SP_SD
B0DVC9PRSD,2030.12,77,88118,11855.93,1,AP-01,Nexlev,7,SP_SD
B0DVSZ2VVJ,1581.1,73,14691,0.0,0,CFM-02,Nexlev,7,SP_SD
B0F43P6D23,3599.03,281,49298,7116.09,3,SC-05,Nexlev,7,SP_SD
B0FJ1ZB4G9,45.96,4,1086,0.0,0,ETC-08-BL,Nexlev,7,SP_SD
B0FJ8SFNRH,896.26,151,70337,550.0,1,KE-03,Nexlev,7,SP_SD
B0FJG5PFGQ,985.53,76,19486,1269.5,2,ETC-07-WH,Nexlev,7,SP_SD
B0FPGDVVCX,6291.35,294,42093,15281.199999999999,4,CFM-03,Nexlev,7,SP_SD
B0FS6TB7CP,6224.64,409,106214,20499.16,11,PB-01,Nexlev,7,SP_SD
B0FS7T8151,542.9499999999999,46,29100,0.0,0,MF-01,Nexlev,7,SP_SD
B0FSF1N457,1049.2,98,11585,507.63,1,MC-01,Nexlev,7,SP_SD
B0FT8R24QM,4522.62,326,44012,6846.69,24,LR-03,Nexlev,7,SP_SD
B0CDPMX152,10566.17,594,221651,24226.28,14,GS-02,Nexlev,8,SP_SD
B0CDPP45BM,28977.84,1284,190708,70107.56,24,SC-01,Nexlev,8,SP_SD
B0CS69T7HF,0.0,0,0,0.0,0,ET-01-BK,Nexlev,8,SP_SD
B0CSG2JZ19,0.0,0,0,0.0,0,ET-02-GN,Nexlev,8,SP_SD
B0CSG3FC4G,0.0,0,0,0.0,0,ET-03-BL,Nexlev,8,SP_SD
B0CYSLCRQS,15317.9,927,90287,29523.730000000003,14,MR-01,Nexlev,8,SP_SD
B0D25LNDSY,335.88,18,3273,634.75,1,ETC-04-WH,Nexlev,8,SP_SD
B0D2LD6BYJ,489.28,34,5013,846.61,1,T-02,Nexlev,8,SP_SD
B0D2LHNS9B,301.28,24,4105,1184.76,2,CR-01,Nexlev,8,SP_SD
B0D2LJSQXZ,6540.67,231,9590,24400.829999999998,7,SM-01,Nexlev,8,SP_SD
B0D2P5TGWK,990.11,82,7358,1013.54,4,ET-01-BK_N,Nexlev,8,SP_SD
B0D2P6KF4N,0.0,0,0,0.0,0,ET-03-BL_N,Nexlev,8,SP_SD
B0D2P7WLJB,1558.4,127,14260,760.17,3,ET-02-GN_N,Nexlev,8,SP_SD
B0D383WQPB,13517.52,680,232393,17533.04,12,GS-05,Nexlev,8,SP_SD
B0D63FKYZ5,16.52,2,620,0.0,0,HM-01,Nexlev,8,SP_SD
B0D672NXC8,9471.64,300,82078,0.0,0,SC-03,Nexlev,8,SP_SD
B0D67727VG,4520.13,303,37125,7326.68,7,EA-01,Nexlev,8,SP_SD
B0D83Q7L8W,6531.3,316,104897,9654.22,9,V-01,Nexlev,8,SP_SD
B0D842173P,0.0,0,0,0.0,0,ETC-05-PI,Nexlev,8,SP_SD
B0D8445KJN,6183.0,282,102496,5671.16,8,LR-01,Nexlev,8,SP_SD
B0D845B2DG,23179.56,952,252862,46815.299999999996,40,NAN,Nexlev,8,SP_SD
B0D86ZC9YT,1087.1299999999999,71,41161,1122.88,1,HD-01,Nexlev,8,SP_SD
B0D9KCNVNM,11.0,1,607,0.0,0,ETR-06,Nexlev,8,SP_SD
B0D9KFP4MG,1168.23,90,15872,0.0,0,HSB-03,Nexlev,8,SP_SD
B0D9KFQG8Q,56.97,7,772,0.0,0,LE-03,Nexlev,8,SP_SD
B0D9KFZYG8,0.0,0,0,0.0,0,FS-01,Nexlev,8,SP_SD
B0DCGHKRXX,3614.96,265,49271,7433.1,5,LE-02,Nexlev,8,SP_SD
B0DCGHVN81,4085.52,232,62445,5336.46,4,VC-01,Nexlev,8,SP_SD
B0DCK3N2JJ,6927.16,439,64955,20033.03,10,HSB-04,Nexlev,8,SP_SD
B0DCK4DR1B,1748.7,84,14080,1270.34,1,LE-04,Nexlev,8,SP_SD
B0DCK7J87D,0.0,0,9,0.0,0,SPM-01,Nexlev,8,SP_SD
B0DCK7ZH5P,7629.72,397,58603,11839.86,9,MR-02,Nexlev,8,SP_SD
B0DFCDKMWR,315.74,20,4698,1427.62,1,CM-01-BL,Nexlev,8,SP_SD
B0DFCDZWND,676.27,39,9954,1237.14,1,CM-02-PR,Nexlev,8,SP_SD
B0DFCG2VGS,4419.0599999999995,391,85790,5913.98,4,KE-01,Nexlev,8,SP_SD
B0DFD123P5,6033.860000000001,576,89000,4107.62,3,KE-02,Nexlev,8,SP_SD
B0DFM4JZV9,6.5,1,134,0.0,0,TI-01,Nexlev,8,SP_SD
B0DFMRG2K4,309.34,20,6050,0.0,0,TM-02,Nexlev,8,SP_SD
B0DJFH6RTL,505.61,51,5915,0.0,0,TI-02,Nexlev,8,SP_SD
B0DK9NRBWJ,163.28,10,7713,0.0,0,TM-03,Nexlev,8,SP_SD
B0DKJSCLBD,2444.1800000000003,115,13447,1778.81,1,VC-05,Nexlev,8,SP_SD
B0DKJXRXKM,0.0,0,0,0.0,0,BR-01,Nexlev,8,SP_SD
B0DKK15YNJ,0.0,0,0,0.0,0,EA-02,Nexlev,8,SP_SD
B0DM6BB3VT,6570.55,376,30475,27305.71,9,CFM-01,Nexlev,8,SP_SD
B0DNJJKBKG,40.730000000000004,5,405,0.0,0,BM-02,Nexlev,8,SP_SD
B0DNJP9T35,0.0,0,0,0.0,0,SS-02,Nexlev,8,SP_SD
B0DNJS23HS,5669.61,360,59564,10570.34,4,SC-04,Nexlev,8,SP_SD
B0DQ8W1RBV,2168.94,126,26939,2540.68,3,V-01 RG,Nexlev,8,SP_SD
B0DQCWRG3H,13185.72,802,138073,15670.33,9,V-03,Nexlev,8,SP_SD
B0DT6Y7KJM,0.0,0,14,0.0,0,V-02,Nexlev,8,SP_SD
B0DTYDTKN8,0.0,0,0,0.0,0,SPM-01(NEW),Nexlev,8,SP_SD
B0DVC58QPZ,3005.7599999999998,124,43595,3388.98,1,AP-03,Nexlev,8,SP_SD
B0DVC7VJP1,19117.07,953,142911,19081.36,4,ST-01,Nexlev,8,SP_SD
B0DVC9PRSD,2096.44,90,70092,0.0,0,AP-01,Nexlev,8,SP_SD
B0DVSZ2VVJ,0.0,0,0,0.0,0,CFM-02,Nexlev,8,SP_SD
B0F43P6D23,9982.94,681,118694,25125.43,10,SC-05,Nexlev,8,SP_SD
B0FJ1ZB4G9,167.46,11,2397,634.75,1,ETC-08-BL,Nexlev,8,SP_SD
B0FJ8SFNRH,102.94,7,834,0.0,0,KE-03,Nexlev,8,SP_SD
B0FJG5PFGQ,2198.3,119,31313,6771.22,10,ETC-07-WH,Nexlev,8,SP_SD
B0FPGDVVCX,2176.94,133,15266,2665.71,2,CFM-03,Nexlev,8,SP_SD
B0FS6TB7CP,8752.15,434,99396,5590.68,3,PB-01,Nexlev,8,SP_SD
B0FS7T8151,0.0,0,0,0.0,0,MF-01,Nexlev,8,SP_SD
B0FSF1N457,158.12,20,3712,0.0,0,MC-01,Nexlev,8,SP_SD
B0FT8R24QM,3792.2,250,31756,5832.22,18,LR-03,Nexlev,8,SP_SD
B0CDPMX152,14471.641,1006,188122,26706.79,17,GS-02,Nexlev,9,SP_SD
B0CDPP45BM,32080.81,1959,237094,115177.37,41,SC-01,Nexlev,9,SP_SD
B0CYSLCRQS,14889.78,1174,93999,34479.66,16,MR-01,Nexlev,9,SP_SD
B0D25LNDSY,263.18,11,2033,1325.43,2,ETC-04-WH,Nexlev,9,SP_SD
B0D2LD6BYJ,3.0,0,19,0.0,0,T-02,Nexlev,9,SP_SD
B0D2LHNS9B,542.13,42,7190,0.0,0,CR-01,Nexlev,9,SP_SD
B0D2LJSQXZ,5724.22,302,19288,10166.94,3,SM-01,Nexlev,9,SP_SD
B0D2P5TGWK,1121.0800000000002,83,10161,760.15,3,ET-01-BK_N,Nexlev,9,SP_SD
B0D2P7WLJB,1123.1200000000001,75,6227,1013.56,4,ET-02-GN_N,Nexlev,9,SP_SD
B0D383WQPB,8605.96,471,172069,19099.99,13,GS-05,Nexlev,9,SP_SD
B0D672NXC8,0.0,0,0,0.0,0,SC-03,Nexlev,9,SP_SD
B0D67727VG,2206.75,163,17132,4186.67,4,EA-01,Nexlev,9,SP_SD
B0D83Q7L8W,5864.13,304,63609,12661.019999999999,10,V-01,Nexlev,9,SP_SD
B0D8445KJN,2587.98,136,55531,10235.55,12,LR-01,Nexlev,9,SP_SD
B0D845B2DG,7665.48,396,142183,19080.52,15,NAN,Nexlev,9,SP_SD
B0D86ZC9YT,0.0,0,0,0.0,0,HD-01,Nexlev,9,SP_SD
B0D9KCNVNM,0.0,0,204,0.0,0,ETR-06,Nexlev,9,SP_SD
B0D9KDQCCM,2404.27,348,56057,3202.8599999999997,3,SW-01,Nexlev,9,SP_SD
B0D9KFP4MG,1855.96,142,25902,3218.64,2,HSB-03,Nexlev,9,SP_SD
B0D9KFQG8Q,0.0,0,0,0.0,0,LE-03,Nexlev,9,SP_SD
B0D9KFZYG8,1469.42,64,20997,3079.66,2,FS-01,Nexlev,9,SP_SD
B0DCGHKRXX,1824.91,160,15230,12700.439999999999,7,LE-02,Nexlev,9,SP_SD
B0DCGHVN81,4300.34,276,67388,1778.81,1,VC-01,Nexlev,9,SP_SD
B0DCK3N2JJ,5682.35,427,72857,17395.19,8,HSB-04,Nexlev,9,SP_SD
B0DCK4DR1B,0.0,0,0,0.0,0,LE-04,Nexlev,9,SP_SD
B0DCK7ZH5P,4494.02,241,29392,2880.51,1,MR-02,Nexlev,9,SP_SD
B0DFCDZWND,482.55,25,9104,0.0,0,CM-02-PR,Nexlev,9,SP_SD
B0DFCG2VGS,7485.78,673,120883,8624.14,7,KE-01,Nexlev,9,SP_SD
B0DFD123P5,5602.14,675,97969,11094.88,8,KE-02,Nexlev,9,SP_SD
B0DFM4JZV9,6.5,1,73,0.0,0,TI-01,Nexlev,9,SP_SD
B0DK9NRBWJ,0.0,0,0,0.0,0,TM-03,Nexlev,9,SP_SD
B0DKJSCLBD,2452.54344,116,24790,3557.62,2,VC-05,Nexlev,9,SP_SD
B0DKK15YNJ,2240.59,158,15758,0.0,0,EA-02,Nexlev,9,SP_SD
B0DM6BB3VT,5865.6900000000005,383,28596,11036.19,4,CFM-01,Nexlev,9,SP_SD
B0DNJJKBKG,7.82,1,184,0.0,0,BM-02,Nexlev,9,SP_SD
B0DNJS23HS,28081.79,1958,124147,96607.94,23,SC-04,Nexlev,9,SP_SD
B0DQ8W1RBV,1925.55,162,39379,11933.91,9,V-01 RG,Nexlev,9,SP_SD
B0DQCWRG3H,10008.83,735,132328,22650.84,13,V-03,Nexlev,9,SP_SD
B0DT6Y7KJM,6.25,1,25,1736.44,1,V-02,Nexlev,9,SP_SD
B0DVC58QPZ,5177.0,573,126942,14740.68,6,AP-03,Nexlev,9,SP_SD
B0DVC7VJP1,11519.76,601,78156,14311.02,3,ST-01,Nexlev,9,SP_SD
B0DVC8NYY2,1265.83,65,31575,1736.44,1,HU-02,Nexlev,9,SP_SD
B0DVC9PRSD,948.01,49,31064,0.0,0,AP-01,Nexlev,9,SP_SD
B0F43P6D23,28341.350000000002,1922,191516,89449.45,38,SC-05,Nexlev,9,SP_SD
B0FJ1ZB4G9,412.28999999999996,19,3168,1269.5,2,ETC-08-BL,Nexlev,9,SP_SD
B0FJG5PFGQ,3952.85,188,40737,3808.46,6,ETC-07-WH,Nexlev,9,SP_SD
B0FPGDVVCX,356.15,36,2787,12963.56,3,CFM-03,Nexlev,9,SP_SD
B0FS6TB7CP,3487.04,252,55485,5590.68,3,PB-01,Nexlev,9,SP_SD
B0FSF1N457,0.0,0,0,0.0,0,MC-01,Nexlev,9,SP_SD
B0FT8R24QM,336.97,45,7666,1605.95,5,LR-03,Nexlev,9,SP_SD
B0B4DPX2J2,49471.270000000004,2963,274780,220521.18,102,AM-C1,Audio Array,4,SP_SD
B0B4DS678Q,72.39999999999999,10,1238,0.0,0,AM-C4,Audio Array,4,SP_SD
B0B4FZS38V,159.63,13,1214,0.0,0,AM-C7,Audio Array,4,SP_SD
B0B4G19R58,4362.45,345,64844,60866.31,22,AM-C2,Audio Array,4,SP_SD
B0B4G1HPL5,116.93,21,4878,0.0,0,AM-C11,Audio Array,4,SP_SD
B0B4G1PXWV,266.38,36,6275,1778.81,1,AM-C6,Audio Array,4,SP_SD
B0B4G59Y8W,2048.42,176,25279,6523.73,4,AM-W13,Audio Array,4,SP_SD
B0B4G763WS,1288.57,142,34807,15492.359999999999,5,AM-W12,Audio Array,4,SP_SD
B0B4G7VWXD,1085.6200000000001,112,6440,5716.09,5,AA-04,Audio Array,4,SP_SD
B0B4G8PH2P,1109.78,46,13516,9461.880000000001,5,AA-01,Audio Array,4,SP_SD
B0B4G8ZB64,1054.74,144,25329,3309.33,5,AM-C3,Audio Array,4,SP_SD
B0B4G94VP3,487.72,56,7153,4779.66,10,AA-03,Audio Array,4,SP_SD
B0B4K87PR4,979.64,123,35916,10590.68,3,AM-C10,Audio Array,4,SP_SD
B0B4KC7VBM,733.0,82,30008,1894.07,1,AM-C5,Audio Array,4,SP_SD
B0BLJVJ2GN,2271.21,215,19932,12421.24,21,AA-05,Audio Array,4,SP_SD
B0BLKBJ5HN,261.9,49,1730,0.0,0,AM-K1,Audio Array,4,SP_SD
B0BPLWW72Y,2534.04,160,19144,18102.56,12,AM-C28,Audio Array,4,SP_SD
B0BPLZ5CGV,51755.15,6109,937469,354769.92,94,AI-04 RED,Audio Array,4,SP_SD
B0BQ7H7418,686.4,73,6916,2074.5699999999997,2,AA-06,Audio Array,4,SP_SD
B0C4YTNJG7,43.5,4,612,0.0,0,AM-C30,Audio Array,4,SP_SD
B0C539RBGL,13.4,2,92,0.0,0,AM-C32,Audio Array,4,SP_SD
B0CBC7QMNV,2276.21,148,25494,7194.07,2,AM-C11X,Audio Array,4,SP_SD
B0CBCB82MT,1538.68,141,21712,1355.08,1,AM-C39,Audio Array,4,SP_SD
B0CBCB9S14,176.27,33,3237,4150.85,2,AM-C40,Audio Array,4,SP_SD
B0CF5R3V95,3678.05,223,20968,44936.44,15,AA-19,Audio Array,4,SP_SD
B0CF5RRTDJ,599.02,42,7354,1821.19,1,AA-20,Audio Array,4,SP_SD
B0CF5SHL15,114.27000000000001,10,1264,0.0,0,AA-22,Audio Array,4,SP_SD
B0CF5TCQKL,5988.72,377,29529,24323.72,8,AA-21,Audio Array,4,SP_SD
B0CH4RNWJX,6988.95,521,81228,40314.45,20,AM-C43,Audio Array,4,SP_SD
B0CH4RT4P8,2056.07,412,38270,6819.490000000001,3,AI-06,Audio Array,4,SP_SD
B0CH4T2BJD,544.47,58,5226,1738.22,1,AM-C42,Audio Array,4,SP_SD
B0CKHVHVQ1,143.52999999999997,8,903,0.0,0,AM-W45,Audio Array,4,SP_SD
B0CM6NTWBP,4698.4,555,78300,34854.89,14,AI-10,Audio Array,4,SP_SD
B0CM6NVLT9,4294.47,612,102675,12769.48,12,AI-11,Audio Array,4,SP_SD
B0CM6WH4ZT,1968.6399999999999,263,59217,5561.02,5,AI-12,Audio Array,4,SP_SD
B0CM9HYVDM,4150.71,259,34565,16570.36,17,AM-W18,Audio Array,4,SP_SD
B0CM9KJZWQ,1639.7,123,18818,22585.59,7,AM-C44,Audio Array,4,SP_SD
B0CM9L1QZG,395.96,42,4892,1905.93,1,AM-W16,Audio Array,4,SP_SD
B0CM9P5CCK,253.63,25,4714,2938.98,2,AM-W17,Audio Array,4,SP_SD
B0CX1XK5R6,147.61,16,2198,0.0,0,AM-W46,Audio Array,4,SP_SD
B0D3LZWTHV,3006.88,230,43606,12294.07,3,AM-C45,Audio Array,4,SP_SD
B0D3M1B4Z8,17560.28,882,171035,55556.79,24,AM-C46,Audio Array,4,SP_SD
B0D3M86SH1,315.27,20,3029,3219.49,1,AA-19BL,Audio Array,4,SP_SD
B0D3Q2T5XX,499.67,31,3053,0.0,0,AA-19WL,Audio Array,4,SP_SD
B0DFMKY4TT,200.74,25,2783,0.0,0,AM-W35,Audio Array,4,SP_SD
B0DFMLS8JG,581.68,96,15718,16513.57,6,AM-W32,Audio Array,4,SP_SD
B0DFMLXD9S,2901.05,240,52196,11606.78,5,AM-W34,Audio Array,4,SP_SD
B0DFMMTWLY,449.99,81,14933,1524.58,1,AM-W33,Audio Array,4,SP_SD
B0DFMNGFTD,8507.91,852,101668,57235.64,17,AM-W36,Audio Array,4,SP_SD
B0DFMQCGT1,14.02,2,250,0.0,0,AM-W21,Audio Array,4,SP_SD
B0DN6LJZBR,66.36,6,849,3473.73,1,AM-C45 PRO,Audio Array,4,SP_SD
B0DN6MNS1X,152.24,13,1535,0.0,0,AM-C11 PRO,Audio Array,4,SP_SD
B0DN6PFWNK,34.59,3,377,0.0,0,AM-C44 PRO,Audio Array,4,SP_SD
B0DT6T6N6B,1514.55,175,17237,4296.6,11,AA-26,Audio Array,4,SP_SD
B0DXFPM4N2,27162.29,2917,345190,271177.13,46,AM-S1,Audio Array,4,SP_SD
B0F2HYY7JF,210.46,24,3996,5083.06,2,AM-W21,Audio Array,4,SP_SD
B0FF9R3GKK,916.16,65,23341,9461.86,5,AM-C47,Audio Array,4,SP_SD
B0FFB6YJM1,2283.96,417,45466,4149.15,4,SB-01,Audio Array,4,SP_SD
B0FG88HVQ8,16025.24,1097,79448,70039.81,43,AH-50,Audio Array,4,SP_SD
B0FJ2HZCVN,393.5,72,14360,11270.34,1,PB-01 (AM-C11 + AI-04),Audio Array,4,SP_SD
B0FJ2K95XT,503.39,47,16083,3304.24,1,GB-01 (AM-C43 +AI-10),Audio Array,4,SP_SD
B0FJ8S5XJ8,530.38,107,28995,34488.979999999996,3,PB-03 (AI-04 RED + AM-C11 X 2),Audio Array,4,SP_SD
B0FJ8T4WXM,48.27,9,5928,0.0,0,PB-05 (AA-05 + AM-C11 + AI-04),Audio Array,4,SP_SD
B0FJ8TSQK1,938.97,86,18506,0.0,0,GB-03 (AI-12 + AM-C43),Audio Array,4,SP_SD
B0FJ8TWCQZ,250.33999999999997,51,9623,3219.49,1,PB-06 (AA-05 + AM-C44 + AI-04),Audio Array,4,SP_SD
B0FJ8W5Y9Q,119.88,9,1420,0.0,0,GB-04 (AM-C45 + AI-06),Audio Array,4,SP_SD
B0FJS7JZ4V,1117.57,216,32790,1058.47,1,SB-01,Audio Array,4,SP_SD
B0FLYHJ6DK,1294.91,112,13701,0.0,0,AM-C41,Audio Array,4,SP_SD
B0FLYJFC22,144.26,15,2756,6099.15,3,AM-C42,Audio Array,4,SP_SD
B0FN7FYZM3,82.16999999999999,18,2367,3333.05,1,PB-09 (AM-C45 + AI-06 + AA-05),Audio Array,4,SP_SD
B0FPR7VFCH,651.08,81,13182,9572.029999999999,5,AM-W19,Audio Array,4,SP_SD
B0FPR962YS,2516.65,233,41096,0.0,0,AM-W22,Audio Array,4,SP_SD
B0FQBTRM28,1648.86,128,31358,4912.71,3,AH-60 BL,Audio Array,4,SP_SD
B0FQBWV1ST,2458.6800000000003,156,14730,11307.619999999999,7,AH-60 RD,Audio Array,4,SP_SD
B0FQBX8J17,1892.99,178,35834,4183.0599999999995,4,AH-40 SL,Audio Array,4,SP_SD
B0FQBXS6Y2,5306.15,481,72616,15895.73,14,AH-45 BK,Audio Array,4,SP_SD
B0FTVQQVDC,3195.59,655,80272,66349.16,7,PB-10 (AM-C2+AI-04+AH-60-BL),Audio Array,4,SP_SD
B0FTVSH458,159.65,24,4990,0.0,0,PB-11 (AM-C44+AA-05+AH-45-BK),Audio Array,4,SP_SD
B0FTVVLNS9,864.85,163,33278,3727.97,2,PB-12 (AM-C11+AA-05+AI-04+AH-60-RD),Audio Array,4,SP_SD
B0FVM17Q4W,293.8,16,1816,0.0,0,AM-W20,Audio Array,4,SP_SD
B0G2C2RCXN,214.65,21,5748,1694.07,1,AM-W19,Audio Array,4,SP_SD
B0G4DNF8RZ,1151.85,103,20292,2795.76,1,AM-C48,Audio Array,4,SP_SD
B0B4DPX2J2,50382.41,3093,437702,200802.73,92,AM-C1,Audio Array,5,SP_SD
B0B4DS678Q,460.59000000000003,50,7825,1694.07,2,AM-C4,Audio Array,5,SP_SD
B0B4FZS38V,551.19,34,2640,2287.29,2,AM-C7,Audio Array,5,SP_SD
B0B4G19R58,6458.72,379,79958,16775.44,5,AM-C2,Audio Array,5,SP_SD
B0B4G1HPL5,131.37,17,7624,0.0,0,AM-C11,Audio Array,5,SP_SD
B0B4G1PXWV,786.11,73,15632,1694.07,1,AM-C6,Audio Array,5,SP_SD
B0B4G59Y8W,1542.83,109,14922,0.0,0,AM-W13,Audio Array,5,SP_SD
B0B4G5JG4P,346.53999999999996,38,3694,0.0,0,AM-W14,Audio Array,5,SP_SD
B0B4G5ZLTB,0.0,0,0,0.0,0,AM-W11,Audio Array,5,SP_SD
B0B4G763WS,1096.2,90,19671,6276.179999999999,3,AM-W12,Audio Array,5,SP_SD
B0B4G7VWXD,1087.37,95,6415,6750.0,5,AA-04,Audio Array,5,SP_SD
B0B4G89VQJ,0.0,0,0,0.0,0,AM-W10,Audio Array,5,SP_SD
B0B4G8PH2P,843.1800000000001,54,14034,5983.9,5,AA-01,Audio Array,5,SP_SD
B0B4G8ZB64,985.4300000000001,101,17404,0.0,0,AM-C3,Audio Array,5,SP_SD
B0B4G94VP3,1086.81,89,8432,5705.08,10,AA-03,Audio Array,5,SP_SD
B0B4K87PR4,1194.24,160,62269,5379.66,3,AM-C10,Audio Array,5,SP_SD
B0B4KC7VBM,1031.62,262,134745,10267.8,5,AM-C5,Audio Array,5,SP_SD
B0BLJVJ2GN,2705.93,218,30343,3882.2,7,AA-05,Audio Array,5,SP_SD
B0BLKB6FRR,0.0,0,0,0.0,0,AM-C27,Audio Array,5,SP_SD
B0BLKBJ5HN,281.3,42,2347,0.0,0,AM-K1,Audio Array,5,SP_SD
B0BLKF46QG,0.0,0,0,0.0,0,AM-C20,Audio Array,5,SP_SD
B0BPLWW72Y,4174.91,207,21002,9944.9,7,AM-C28,Audio Array,5,SP_SD
B0BPLZ5CGV,44503.26,4702,660541,257008.21,71,AI-04 RED,Audio Array,5,SP_SD
B0BQ7H7418,1217.6399999999999,97,12594,6378.84,6,AA-06,Audio Array,5,SP_SD
B0C4YTNJG7,104.65,6,1052,0.0,0,AM-C30,Audio Array,5,SP_SD
B0C539RBGL,0.0,0,167,0.0,0,AM-C32,Audio Array,5,SP_SD
B0CBC7QMNV,2165.13,150,27711,6302.99,3,AM-C11X,Audio Array,5,SP_SD
B0CBCB82MT,1563.49,146,22093,5166.95,3,AM-C39,Audio Array,5,SP_SD
B0CBCB9S14,640.08,75,9200,4150.85,3,AM-C40,Audio Array,5,SP_SD
B0CF5R3V95,3835.38,189,17620,27194.91,10,AA-19,Audio Array,5,SP_SD
B0CF5RRTDJ,582.3,39,3867,1875.42,2,AA-20,Audio Array,5,SP_SD
B0CF5TCQKL,7412.66,403,36624,42869.55,14,AA-21,Audio Array,5,SP_SD
B0CH4R1V6S,0.0,0,0,0.0,0,AM-C3A,Audio Array,5,SP_SD
B0CH4RNWJX,14325.29,822,112511,46214.34,24,AM-C43,Audio Array,5,SP_SD
B0CH4RT4P8,1982.73,401,46686,0.0,1,AI-06,Audio Array,5,SP_SD
B0CH4T2BJD,1185.12,121,14386,9450.5,5,AM-C42,Audio Array,5,SP_SD
B0CKHVHVQ1,3756.42,164,20012,16945.76,4,AM-W45,Audio Array,5,SP_SD
B0CM6NTWBP,3996.6499999999996,513,83914,48939.89,22,AI-10,Audio Array,5,SP_SD
B0CM6NVLT9,3095.93,535,78726,15670.240000000002,13,AI-11,Audio Array,5,SP_SD
B0CM6WH4ZT,1223.19,236,41098,4983.9,4,AI-12,Audio Array,5,SP_SD
B0CM9HYVDM,7703.48,380,37838,29229.73,29,AM-W18,Audio Array,5,SP_SD
B0CM9KJZWQ,1300.81,121,22751,8133.889999999999,2,AM-C44,Audio Array,5,SP_SD
B0CM9L1QZG,1159.76,84,23558,0.0,0,AM-W16,Audio Array,5,SP_SD
B0CM9P5CCK,213.53,20,4678,2816.1800000000003,3,AM-W17,Audio Array,5,SP_SD
B0CX1XK5R6,119.74000000000001,17,2686,0.0,0,AM-W46,Audio Array,5,SP_SD
B0D3LZWTHV,3987.86,309,77447,5930.5,2,AM-C45,Audio Array,5,SP_SD
B0D3M1B4Z8,15450.87,855,189717,26348.32,9,AM-C46,Audio Array,5,SP_SD
B0D3M86SH1,289.08,25,3152,16945.76,4,AA-19BL,Audio Array,5,SP_SD
B0D3Q2T5XX,453.34,27,3960,8261.06,2,AA-19WL,Audio Array,5,SP_SD
B0DFMKY4TT,217.67000000000002,29,2531,0.0,0,AM-W35,Audio Array,5,SP_SD
B0DFMLQBMC,0.0,0,0,0.0,0,AM-W20,Audio Array,5,SP_SD
B0DFMLS8JG,983.77,125,21199,8709.51,3,AM-W32,Audio Array,5,SP_SD
B0DFMLXD9S,3185.55,274,55754,13931.35,4,AM-W34,Audio Array,5,SP_SD
B0DFMMTWLY,1462.75,167,28161,9058.26,5,AM-W33,Audio Array,5,SP_SD
B0DFMNGFTD,9144.61,939,145130,19657.629999999997,4,AM-W36,Audio Array,5,SP_SD
B0DFMQCGT1,0.0,0,67,0.0,0,AM-W21,Audio Array,5,SP_SD
B0DN6LJZBR,449.98,27,8873,0.0,0,AM-C45 PRO,Audio Array,5,SP_SD
B0DN6MNS1X,632.75,42,11282,4490.68,1,AM-C11 PRO,Audio Array,5,SP_SD
B0DN6PFWNK,287.67,17,5222,0.0,0,AM-C44 PRO,Audio Array,5,SP_SD
B0DT6T6N6B,807.66,103,7966,3297.4399999999996,8,AA-26,Audio Array,5,SP_SD
B0DXFPM4N2,23980.92,2744,299065,196799.99,29,AM-S1,Audio Array,5,SP_SD
B0F2HYY7JF,1014.43,67,14263,2711.02,1,AM-W21,Audio Array,5,SP_SD
B0FF9R3GKK,2820.35,147,37321,5188.14,3,AM-C47,Audio Array,5,SP_SD
B0FFB6YJM1,3762.7599999999998,684,66083,3302.5499999999997,3,SB-01,Audio Array,5,SP_SD
B0FG88HVQ8,17138.68,1028,69446,76361.06999999999,45,AH-50,Audio Array,5,SP_SD
B0FJ2HZCVN,1362.97,141,20649,14599.15,2,PB-01 (AM-C11 + AI-04),Audio Array,5,SP_SD
B0FJ2K95XT,577.45,63,20864,0.0,0,GB-01 (AM-C43 +AI-10),Audio Array,5,SP_SD
B0FJ8S5XJ8,1578.75,208,53838,0.0,0,PB-03 (AI-04 RED + AM-C11 X 2),Audio Array,5,SP_SD
B0FJ8T4WXM,286.93,35,14086,0.0,0,PB-05 (AA-05 + AM-C11 + AI-04),Audio Array,5,SP_SD
B0FJ8TSQK1,1000.12,102,25167,3304.24,1,GB-03 (AI-12 + AM-C43),Audio Array,5,SP_SD
B0FJ8TWCQZ,614.26,80,23760,11925.92,2,PB-06 (AA-05 + AM-C44 + AI-04),Audio Array,5,SP_SD
B0FJS7JZ4V,493.54999999999995,175,26654,0.0,0,SB-01,Audio Array,5,SP_SD
B0FLYHJ6DK,1121.06,77,9099,3938.14,4,AM-C41,Audio Array,5,SP_SD
B0FLYJFC22,394.79,38,5750,0.0,0,AM-C42,Audio Array,5,SP_SD
B0FPR7VFCH,1325.43,156,34590,3176.27,2,AM-W19,Audio Array,5,SP_SD
B0FPR962YS,2629.37,242,43094,7200.85,3,AM-W22,Audio Array,5,SP_SD
B0FQBTRM28,2939.73,179,33816,6215.26,4,AH-60 BL,Audio Array,5,SP_SD
B0FQBWV1ST,1493.02,120,11162,3388.14,2,AH-60 RD,Audio Array,5,SP_SD
B0FQBX8J17,1195.55,109,20647,5568.65,5,AH-40 SL,Audio Array,5,SP_SD
B0FQBXS6Y2,7867.469999999999,620,151342,27311.84,18,AH-45 BK,Audio Array,5,SP_SD
B0FTVQQVDC,6414.54,901,138245,24054.129999999997,6,PB-10 (AM-C2+AI-04+AH-60-BL),Audio Array,5,SP_SD
B0FTVVLNS9,1114.07,142,39642,0.0,0,PB-12 (AM-C11+AA-05+AI-04+AH-60-RD),Audio Array,5,SP_SD
B0FVM17Q4W,69.63,13,1153,0.0,0,AM-W20,Audio Array,5,SP_SD
B0G2C2RCXN,215.32999999999998,18,1438,1694.07,1,AM-W19,Audio Array,5,SP_SD
B0G39ZHDYP,182.20000000000002,33,7786,1100.85,1,AM-W47 WIRED,Audio Array,5,SP_SD
B0G3B152FR,57.58,12,2398,0.0,0,AM-W47 WIRELESS,Audio Array,5,SP_SD
B0G3Q517Y2,10.24,4,804,2541.53,1,AM-W23,Audio Array,5,SP_SD
B0G3Q59X8C,17.59,3,947,0.0,0,AM-W24,Audio Array,5,SP_SD
B0G4DNF8RZ,1874.64,160,30871,8387.28,4,AM-C48,Audio Array,5,SP_SD
B0G53CB72D,45.53,27,1184,0.0,0,AM-MIX8,Audio Array,5,SP_SD
B0G53H49BS,296.21000000000004,73,4014,0.0,0,AI-13,Audio Array,5,SP_SD
B0G53KWRVW,90.22,39,954,0.0,0,AM-MIX10,Audio Array,5,SP_SD
B0G53KWRWH,37.75,20,1616,0.0,0,AM-PRO12,Audio Array,5,SP_SD
B0G53LZNY3,43.93,13,1172,0.0,0,AM-MIX4 OTG,Audio Array,5,SP_SD
B0G53M9258,185.41000000000003,51,2629,0.0,0,AI-14,Audio Array,5,SP_SD
B0G53PRM34,70.22,32,1554,0.0,0,AM-MIX6,Audio Array,5,SP_SD
B0B4DPX2J2,44902.86,3058,466162,206095.02,90,AM-C1,Audio Array,6,SP_SD
B0B4DS678Q,601.07,64,12450,0.0,0,AM-C4,Audio Array,6,SP_SD
B0B4FZS38V,752.65,42,4298,0.0,0,AM-C7,Audio Array,6,SP_SD
B0B4G19R58,6118.75,412,112389,29738.989999999998,9,AM-C2,Audio Array,6,SP_SD
B0B4G1HPL5,99.65,16,5902,0.0,0,AM-C11,Audio Array,6,SP_SD
B0B4G1PXWV,1219.54,102,20497,3007.63,1,AM-C6,Audio Array,6,SP_SD
B0B4G59Y8W,4671.47,326,58823,11477.119999999999,7,AM-W13,Audio Array,6,SP_SD
B0B4G5JG4P,422.36,70,5053,5507.63,1,AM-W14,Audio Array,6,SP_SD
B0B4G763WS,2784.02,218,38837,9681.130000000001,3,AM-W12,Audio Array,6,SP_SD
B0B4G7VWXD,946.74,102,5328,14361.029999999999,11,AA-04,Audio Array,6,SP_SD
B0B4G8PH2P,1817.3,71,20905,0.0,0,AA-01,Audio Array,6,SP_SD
B0B4G8ZB64,619.72,71,11826,5298.3,10,AM-C3,Audio Array,6,SP_SD
B0B4G94VP3,1597.6,94,9463,6898.29,10,AA-03,Audio Array,6,SP_SD
B0B4K87PR4,2170.35,119,43821,0.0,0,AM-C10,Audio Array,6,SP_SD
B0B4KC7VBM,1159.12,127,43978,0.0,0,AM-C5,Audio Array,6,SP_SD
B0BLJVJ2GN,766.1700000000001,98,16247,6050.0,11,AA-05,Audio Array,6,SP_SD
B0BPLWW72Y,6789.03,271,26919,14483.04,11,AM-C28,Audio Array,6,SP_SD
B0BPLZ5CGV,41612.53,4560,826426,310251.08999999997,93,AI-04 RED,Audio Array,6,SP_SD
B0BQ7H7418,2873.41,155,12719,8777.97,8,AA-06,Audio Array,6,SP_SD
B0C4YTNJG7,23.560000000000002,2,1149,0.0,0,AM-C30,Audio Array,6,SP_SD
B0C539RBGL,112.63,10,424,0.0,0,AM-C32,Audio Array,6,SP_SD
B0CBC7QMNV,1837.02,127,22357,4236.44,1,AM-C11X,Audio Array,6,SP_SD
B0CBCB82MT,1180.6200000000001,98,21545,2879.66,2,AM-C39,Audio Array,6,SP_SD
B0CBCB9S14,1508.59,106,11469,19526.29,9,AM-C40,Audio Array,6,SP_SD
B0CF5R3V95,3810.02,183,24598,28042.36,10,AA-19,Audio Array,6,SP_SD
B0CF5RRTDJ,1037.6399999999999,52,3592,7623.719999999999,4,AA-20,Audio Array,6,SP_SD
B0CF5TCQKL,6921.95,340,31130,22605.93,8,AA-21,Audio Array,6,SP_SD
B0CH4RNWJX,13225.19,748,84334,39560.22,19,AM-C43,Audio Array,6,SP_SD
B0CH4RT4P8,1288.37,342,38413,0.0,0,AI-06,Audio Array,6,SP_SD
B0CH4T2BJD,1500.85,102,14893,6522.89,3,AM-C42,Audio Array,6,SP_SD
B0CKHVHVQ1,4869.7,191,28336,24910.17,6,AM-W45,Audio Array,6,SP_SD
B0CM6NTWBP,4780.92,604,105299,14198.93,6,AI-10,Audio Array,6,SP_SD
B0CM6NVLT9,3038.2799999999997,531,86924,18655.08,15,AI-11,Audio Array,6,SP_SD
B0CM6WH4ZT,1804.5900000000001,341,63433,7561.88,6,AI-12,Audio Array,6,SP_SD
B0CM9HYVDM,10296.1,407,31115,24327.11,26,AM-W18,Audio Array,6,SP_SD
B0CM9KJZWQ,943.29,78,17472,11904.23,4,AM-C44,Audio Array,6,SP_SD
B0CM9L1QZG,560.26,42,9271,926.01,1,AM-W16,Audio Array,6,SP_SD
B0CM9P5CCK,911.76,44,7073,3151.8,2,AM-W17,Audio Array,6,SP_SD
B0CX1XK5R6,204.75,23,5430,0.0,0,AM-W46,Audio Array,6,SP_SD
B0D3LZWTHV,5675.82,393,86969,8688.02,3,AM-C45,Audio Array,6,SP_SD
B0D3M1B4Z8,10281.97,701,178039,23763.57,9,AM-C46,Audio Array,6,SP_SD
B0D3M86SH1,377.46999999999997,26,4099,0.0,0,AA-19BL,Audio Array,6,SP_SD
B0D3Q2T5XX,453.32000000000005,25,3168,0.0,0,AA-19WL,Audio Array,6,SP_SD
B0DFMKY4TT,197.01,14,1264,0.0,0,AM-W35,Audio Array,6,SP_SD
B0DFMLS8JG,1215.23,120,26737,5806.33,2,AM-W32,Audio Array,6,SP_SD
B0DFMLXD9S,2427.87,195,27955,3388.98,1,AM-W34,Audio Array,6,SP_SD
B0DFMMTWLY,1577.62,123,27855,3388.14,2,AM-W33,Audio Array,6,SP_SD
B0DFMNGFTD,3629.62,360,58895,0.0,0,AM-W36,Audio Array,6,SP_SD
B0DFMQCGT1,0.0,0,71,0.0,0,AM-W21,Audio Array,6,SP_SD
B0DN6LJZBR,1145.67,51,12476,0.0,0,AM-C45 PRO,Audio Array,6,SP_SD
B0DN6MNS1X,1057.42,50,12208,7710.17,2,AM-C11 PRO,Audio Array,6,SP_SD
B0DN6PFWNK,303.63,17,6353,0.0,0,AM-C44 PRO,Audio Array,6,SP_SD
B0DT6T6N6B,606.52,77,5316,1395.75,3,AA-26,Audio Array,6,SP_SD
B0DXFPM4N2,24515.52,2830,369523,201759.23,33,AM-S1,Audio Array,6,SP_SD
B0F2HYY7JF,1553.1000000000001,76,17962,7236.44,2,AM-W21,Audio Array,6,SP_SD
B0FF9R3GKK,5665.65,256,67668,4828.82,2,AM-C47,Audio Array,6,SP_SD
B0FFB6YJM1,476.77000000000004,122,12562,0.0,0,SB-01,Audio Array,6,SP_SD
B0FG88HVQ8,19423.66,1195,82577,69456.86,42,AH-50,Audio Array,6,SP_SD
B0FJ2HZCVN,1512.22,125,26559,0.0,0,PB-01 (AM-C11 + AI-04),Audio Array,6,SP_SD
B0FJ2K95XT,618.88,60,13731,0.0,0,GB-01 (AM-C43 +AI-10),Audio Array,6,SP_SD
B0FJ8S5XJ8,2854.41,278,67904,8133.9,2,PB-03 (AI-04 RED + AM-C11 X 2),Audio Array,6,SP_SD
B0FJ8T4WXM,1049.1100000000001,72,36683,4024.58,1,PB-05 (AA-05 + AM-C11 + AI-04),Audio Array,6,SP_SD
B0FJ8TSQK1,738.9499999999999,74,16055,3219.49,1,GB-03 (AI-12 + AM-C43),Audio Array,6,SP_SD
B0FJ8TWCQZ,2485.54,223,67962,4236.44,1,PB-06 (AA-05 + AM-C44 + AI-04),Audio Array,6,SP_SD
B0FJS7JZ4V,548.47,175,25310,2116.94,2,SB-01,Audio Array,6,SP_SD
B0FLYHJ6DK,499.32000000000005,29,3679,0.0,0,AM-C41,Audio Array,6,SP_SD
B0FLYJFC22,685.79,47,8565,0.0,0,AM-C42,Audio Array,6,SP_SD
B0FPR7VFCH,3576.55,247,61459,0.0,0,AM-W19,Audio Array,6,SP_SD
B0FPR962YS,4954.06,373,79057,21818.23,8,AM-W22,Audio Array,6,SP_SD
B0FQBTRM28,2848.47,184,47582,8470.349999999999,6,AH-60 BL,Audio Array,6,SP_SD
B0FQBWV1ST,564.72,67,8793,0.0,0,AH-60 RD,Audio Array,6,SP_SD
B0FQBX8J17,7485.77,610,131874,13844.89,13,AH-40 SL,Audio Array,6,SP_SD
B0FQBXS6Y2,9306.89,731,157133,32522.0,20,AH-45 BK,Audio Array,6,SP_SD
B0FTVQQVDC,4738.71,552,87015,32622.89,5,PB-10 (AM-C2+AI-04+AH-60-BL),Audio Array,6,SP_SD
B0FTVVLNS9,2056.24,227,46444,20928.81,4,PB-12 (AM-C11+AA-05+AI-04+AH-60-RD),Audio Array,6,SP_SD
B0FVM17Q4W,36.0,7,943,0.0,0,AM-W20,Audio Array,6,SP_SD
B0G2C2RCXN,192.36,12,2257,0.0,0,AM-W19,Audio Array,6,SP_SD
B0G39ZHDYP,939.12,126,29880,1027.12,1,AM-W47 WIRED,Audio Array,6,SP_SD
B0G3B152FR,825.58,111,28656,1016.1,2,AM-W47 WIRELESS,Audio Array,6,SP_SD
B0G3Q517Y2,50.31,8,3394,0.0,0,AM-W23,Audio Array,6,SP_SD
B0G3Q59X8C,182.12,22,2272,0.0,0,AM-W24,Audio Array,6,SP_SD
B0G4DNF8RZ,3102.67,241,62719,4998.31,2,AM-C48,Audio Array,6,SP_SD
B0G53CB72D,177.5,55,2999,0.0,0,AM-MIX8,Audio Array,6,SP_SD
B0G53H49BS,229.26,59,2549,0.0,0,AI-13,Audio Array,6,SP_SD
B0G53KWRVW,169.97,56,3328,0.0,0,AM-MIX10,Audio Array,6,SP_SD
B0G53KWRWH,88.48,22,2380,0.0,0,AM-PRO12,Audio Array,6,SP_SD
B0G53LZNY3,69.08,19,1332,0.0,0,AM-MIX4 OTG,Audio Array,6,SP_SD
B0G53M9258,239.91,57,2992,0.0,0,AI-14,Audio Array,6,SP_SD
B0G53PRM34,159.12,54,3435,0.0,0,AM-MIX6,Audio Array,6,SP_SD
B0GD8JSPB1,331.23,113,14665,0.0,0,AM-S1,Audio Array,6,SP_SD
B01ISNU3X4,0.0,0,0,0.0,0,K1,Audio Array,7,SP_SD
B078WNW4YW,0.0,0,0,0.0,0,S20,Audio Array,7,SP_SD
B07GVGMW59,0.0,0,0,0.0,0,G11,Audio Array,7,SP_SD
B07JMYG6LF,0.0,0,0,0.0,0,Q9,Audio Array,7,SP_SD
B07TSN2H9D,0.0,0,0,0.0,0,TC-2030,Audio Array,7,SP_SD
B07WLWN2ZT,0.0,0,0,0.0,0,TC-777,Audio Array,7,SP_SD
B082W4B7SX,0.0,0,0,0.0,0,T20,Audio Array,7,SP_SD
B089FVQD3Z,0.0,0,0,0.0,0,T30,Audio Array,7,SP_SD
B089SJGQBH,0.0,0,0,0.0,0,TC20,Audio Array,7,SP_SD
B08CVP2HXP,0.0,0,0,0.0,0,TC30,Audio Array,7,SP_SD
B08NDB5NWP,0.0,0,0,0.0,0,TM20,Audio Array,7,SP_SD
B09Z5Q194D,0.0,0,0,0.0,0,ORCA001,Audio Array,7,SP_SD
B0B4DPX2J2,36063.33,1645,334509,151899.23,71,AM-C1,Audio Array,7,SP_SD
B0B4DS678Q,346.47,33,8328,1694.07,1,AM-C4,Audio Array,7,SP_SD
B0B4FZS38V,62.28,7,1001,1821.19,1,AM-C7,Audio Array,7,SP_SD
B0B4G19R58,4289.34,185,72105,21845.309999999998,8,AM-C2,Audio Array,7,SP_SD
B0B4G1HPL5,0.0,0,0,0.0,0,AM-C11,Audio Array,7,SP_SD
B0B4G1PXWV,1631.48,110,19765,0.0,0,AM-C6,Audio Array,7,SP_SD
B0B4G59Y8W,2892.2200000000003,266,46330,5336.45,3,AM-W13,Audio Array,7,SP_SD
B0B4G5JG4P,869.18,88,8254,4236.44,1,AM-W14,Audio Array,7,SP_SD
B0B4G5ZLTB,0.0,0,0,0.0,0,AM-W11,Audio Array,7,SP_SD
B0B4G763WS,3184.09,186,38864,0.0,0,AM-W12,Audio Array,7,SP_SD
B0B4G7VWXD,1348.4,106,6175,6486.429999999999,7,AA-04,Audio Array,7,SP_SD
B0B4G89VQJ,0.0,0,0,0.0,0,AM-W10,Audio Array,7,SP_SD
B0B4G8PH2P,1930.7,77,21983,12325.44,7,AA-01,Audio Array,7,SP_SD
B0B4G8ZB64,606.02,54,11918,3067.78,4,AM-C3,Audio Array,7,SP_SD
B0B4G94VP3,1762.24,85,8670,4399.99,8,AA-03,Audio Array,7,SP_SD
B0B4K87PR4,1517.71,54,19001,11099.15,3,AM-C10,Audio Array,7,SP_SD
B0B4KC7VBM,1039.34,55,6755,11691.529999999999,4,AM-C5,Audio Array,7,SP_SD
B0BBL47VR5,0.0,0,0,0.0,0,TC40S,Audio Array,7,SP_SD
B0BLJVJ2GN,1886.61,154,19978,4950.0,9,AA-05,Audio Array,7,SP_SD
B0BLKB6FRR,0.0,0,0,0.0,0,AM-C27,Audio Array,7,SP_SD
B0BLKBJ5HN,0.0,0,2,0.0,0,AM-K1,Audio Array,7,SP_SD
B0BLKF46QG,0.0,0,0,0.0,0,AM-C20,Audio Array,7,SP_SD
B0BPLWW72Y,6965.61,250,22266,18268.64,13,AM-C28,Audio Array,7,SP_SD
B0BPLZ5CGV,43442.76,2825,637554,348793.44,99,AI-04 RED,Audio Array,7,SP_SD
B0BQ7H7418,2591.7799999999997,149,17225,1100.0,2,AA-06,Audio Array,7,SP_SD
B0BRKDLXCD,0.0,0,0,0.0,0,T90,Audio Array,7,SP_SD
B0BRKFP94K,0.0,0,0,0.0,0,TD510,Audio Array,7,SP_SD
B0BTCXQQ6M,0.0,0,0,0.0,0,TC310,Audio Array,7,SP_SD
B0BYHHSLPC,0.0,0,0,0.0,0,TC-777 PRO,Audio Array,7,SP_SD
B0C4YTNJG7,97.10999999999999,8,1691,930.5,2,AM-C30,Audio Array,7,SP_SD
B0C539RBGL,0.0,0,54,0.0,0,AM-C32,Audio Array,7,SP_SD
B0C8JDHLX9,0.0,0,0,0.0,0,T10,Audio Array,7,SP_SD
B0CBC7QMNV,662.23,52,5381,13132.199999999999,5,AM-C11X,Audio Array,7,SP_SD
B0CBCB82MT,1020.58,89,13801,1397.46,1,AM-C39,Audio Array,7,SP_SD
B0CBCB9S14,1153.9099999999999,67,10691,3866.95,2,AM-C40,Audio Array,7,SP_SD
B0CCV74CL7,0.0,0,0,0.0,0,TC310+,Audio Array,7,SP_SD
B0CF5R3V95,3973.8599999999997,183,22081,16097.449999999999,6,AA-19,Audio Array,7,SP_SD
B0CF5RRTDJ,675.09,31,2130,1778.81,1,AA-20,Audio Array,7,SP_SD
B0CF5TCQKL,4034.82,295,21213,22045.77,7,AA-21,Audio Array,7,SP_SD
B0CH4R1V6S,0.0,0,0,0.0,0,AM-C3A,Audio Array,7,SP_SD
B0CH4RNWJX,11288.24,621,64737,42299.200000000004,20,AM-C43,Audio Array,7,SP_SD
B0CH4RT4P8,954.97,272,36006,1803.39,2,AI-06,Audio Array,7,SP_SD
B0CH4T2BJD,1363.69,72,9327,0.0,0,AM-C42,Audio Array,7,SP_SD
B0CKHVHVQ1,4378.11,192,24193,21605.949999999997,5,AM-W45,Audio Array,7,SP_SD
B0CM6NTWBP,2775.79,370,63805,23905.100000000002,10,AI-10,Audio Array,7,SP_SD
B0CM6NVLT9,2700.65,324,65502,15790.66,11,AI-11,Audio Array,7,SP_SD
B0CM6WH4ZT,2714.75,368,81789,9971.18,9,AI-12,Audio Array,7,SP_SD
B0CM9HYVDM,8016.83,260,19973,17127.940000000002,19,AM-W18,Audio Array,7,SP_SD
B0CM9KJZWQ,848.92,54,5925,31002.539999999997,11,AM-C44,Audio Array,7,SP_SD
B0CM9L1QZG,193.11,10,2253,942.3,1,AM-W16,Audio Array,7,SP_SD
B0CM9P5CCK,368.54,13,4288,0.0,0,AM-W17,Audio Array,7,SP_SD
B0CX1XK5R6,145.21,24,2908,0.0,0,AM-W46,Audio Array,7,SP_SD
B0D3LZWTHV,2947.77,179,24103,16223.71,6,AM-C45,Audio Array,7,SP_SD
B0D3M1B4Z8,10479.29,395,127530,38169.520000000004,12,AM-C46,Audio Array,7,SP_SD
B0D3M86SH1,435.24,23,3289,4005.08,2,AA-19BL,Audio Array,7,SP_SD
B0D3Q2T5XX,302.76,20,2088,4005.08,1,AA-19WL,Audio Array,7,SP_SD
B0DFMKY4TT,566.77,29,3020,0.0,0,AM-W35,Audio Array,7,SP_SD
B0DFMLQBMC,0.0,0,0,0.0,0,AM-W20,Audio Array,7,SP_SD
B0DFMLS8JG,910.44,75,16236,8738.45,3,AM-W32,Audio Array,7,SP_SD
B0DFMLXD9S,844.54,63,11216,0.0,0,AM-W34,Audio Array,7,SP_SD
B0DFMMTWLY,1508.22,147,27792,0.0,0,AM-W33,Audio Array,7,SP_SD
B0DFMNGFTD,1922.61,207,27232,10506.78,2,AM-W36,Audio Array,7,SP_SD
B0DFMQCGT1,0.0,0,65,0.0,0,AM-W21,Audio Array,7,SP_SD
B0DN6LJZBR,909.5,43,10401,0.0,0,AM-C45 PRO,Audio Array,7,SP_SD
B0DN6MNS1X,797.95,38,9113,0.0,0,AM-C11 PRO,Audio Array,7,SP_SD
B0DN6PFWNK,264.86,13,4984,0.0,0,AM-C44 PRO,Audio Array,7,SP_SD
B0DT6T6N6B,403.12,49,2803,0.0,0,AA-26,Audio Array,7,SP_SD
B0DXFPM4N2,24020.72,3999,297405,160571.19,23,AM-S1,Audio Array,7,SP_SD
B0F2HYY7JF,655.36,49,6953,11348.300000000001,5,AM-W21,Audio Array,7,SP_SD
B0FF9R3GKK,1872.31,105,21221,9657.630000000001,4,AM-C47,Audio Array,7,SP_SD
B0FFB6YJM1,11.8,7,1062,0.0,0,SB-01,Audio Array,7,SP_SD
B0FG88HVQ8,22121.97,1241,80383,99568.76,60,AH-50,Audio Array,7,SP_SD
B0FJ2HZCVN,478.91999999999996,63,12189,465.25,1,PB-01 (AM-C11 + AI-04),Audio Array,7,SP_SD
B0FJ2K95XT,613.37,79,22380,7964.41,2,GB-01 (AM-C43 +AI-10),Audio Array,7,SP_SD
B0FJ8S53GW,0.0,0,2,0.0,0,GB-05 (AM-C43 + AI-06),Audio Array,7,SP_SD
B0FJ8S5XJ8,945.29,132,27137,0.0,0,PB-03 (AI-04 RED + AM-C11 X 2),Audio Array,7,SP_SD
B0FJ8T4WXM,903.9,56,28096,0.0,0,PB-05 (AA-05 + AM-C11 + AI-04),Audio Array,7,SP_SD
B0FJ8TSQK1,1015.3,112,26392,3251.94,1,GB-03 (AI-12 + AM-C43),Audio Array,7,SP_SD
B0FJ8TWCQZ,2457.51,180,58635,7563.33,1,PB-06 (AA-05 + AM-C44 + AI-04),Audio Array,7,SP_SD
B0FJS7JZ4V,244.43,110,15004,2116.95,2,SB-01,Audio Array,7,SP_SD
B0FLYHJ6DK,0.0,0,0,0.0,0,AM-C41,Audio Array,7,SP_SD
B0FLYJFC22,411.97999999999996,22,4782,0.0,0,AM-C42,Audio Array,7,SP_SD
B0FPR7VFCH,2311.34,131,22645,3917.59,2,AM-W19,Audio Array,7,SP_SD
B0FPR962YS,2966.7999999999997,206,39678,12559.32,5,AM-W22,Audio Array,7,SP_SD
B0FQBTRM28,2406.59,166,35353,5420.33,4,AH-60 BL,Audio Array,7,SP_SD
B0FQBWV1ST,1106.22,94,8781,1694.07,1,AH-60 RD,Audio Array,7,SP_SD
B0FQBX8J17,6061.8,535,82511,33871.14,35,AH-40 SL,Audio Array,7,SP_SD
B0FQBXS6Y2,6149.81,523,104521,27313.55,20,AH-45 BK,Audio Array,7,SP_SD
B0FTVQQVDC,2293.77,179,23721,16100.0,2,PB-10 (AM-C2+AI-04+AH-60-BL),Audio Array,7,SP_SD
B0FTVSH458,34.69,2,578,0.0,0,PB-11 (AM-C44+AA-05+AH-45-BK),Audio Array,7,SP_SD
B0FTVVLNS9,3535.0,295,41098,1694.06,1,PB-12 (AM-C11+AA-05+AI-04+AH-60-RD),Audio Array,7,SP_SD
B0FVM17Q4W,180.55,10,806,0.0,0,AM-W20,Audio Array,7,SP_SD
B0G2C2RCXN,760.8,33,4204,3440.9300000000003,2,AM-W19,Audio Array,7,SP_SD
B0G39ZHDYP,818.48,99,27896,0.0,0,AM-W47 WIRED,Audio Array,7,SP_SD
B0G3B152FR,749.89,80,22921,3006.7799999999997,2,AM-W47 WIRELESS,Audio Array,7,SP_SD
B0G3Q517Y2,357.27,32,7191,0.0,0,AM-W23,Audio Array,7,SP_SD
B0G3Q59X8C,940.62,89,19231,7156.7699999999995,5,AM-W24,Audio Array,7,SP_SD
B0G4DNF8RZ,3660.3,236,60387,8895.75,3,AM-C48,Audio Array,7,SP_SD
B0G53CB72D,619.65,244,25842,0.0,0,AM-MIX8,Audio Array,7,SP_SD
B0G53H49BS,4919.98,1434,111489,56293.24,25,AI-13,Audio Array,7,SP_SD
B0G53KWRVW,1189.24,477,25981,0.0,0,AM-MIX10,Audio Array,7,SP_SD
B0G53KWRWH,692.0600000000001,208,18018,0.0,0,AM-PRO12,Audio Array,7,SP_SD
B0G53LZNY3,851.9499999999999,221,15520,0.0,0,AM-MIX4 OTG,Audio Array,7,SP_SD
B0G53M9258,3650.8,1121,90122,22030.52,4,AI-14,Audio Array,7,SP_SD
B0G53PRM34,556.22,202,18450,0.0,0,AM-MIX6,Audio Array,7,SP_SD
B0GD8JSPB1,584.02,116,13677,0.0,0,AM-S1,Audio Array,7,SP_SD
B0B4DPX2J2,48116.38,2625,308597,177979.76,79,AM-C1,Audio Array,8,SP_SD
B0B4DS678Q,347.88,22,3457,0.0,0,AM-C4,Audio Array,8,SP_SD
B0B4FZS38V,11.65,2,351,0.0,0,AM-C7,Audio Array,8,SP_SD
B0B4G19R58,3042.5499999999997,176,36833,27617.8,8,AM-C2,Audio Array,8,SP_SD
B0B4G1HPL5,453.75,22,3212,3091.53,1,AM-C11,Audio Array,8,SP_SD
B0B4G1PXWV,925.52,49,8074,0.0,0,AM-C6,Audio Array,8,SP_SD
B0B4G59Y8W,2192.2599999999998,209,37735,1694.07,1,AM-W13,Audio Array,8,SP_SD
B0B4G5JG4P,723.17,63,6339,0.0,0,AM-W14,Audio Array,8,SP_SD
B0B4G5ZLTB,0.0,0,0,0.0,0,AM-W11,Audio Array,8,SP_SD
B0B4G763WS,1410.1399999999999,122,25847,3388.98,1,AM-W12,Audio Array,8,SP_SD
B0B4G7VWXD,1256.13,90,5566,4150.0,4,AA-04,Audio Array,8,SP_SD
B0B4G89VQJ,0.0,0,0,0.0,0,AM-W10,Audio Array,8,SP_SD
B0B4G8PH2P,1518.81,56,23563,1821.19,1,AA-01,Audio Array,8,SP_SD
B0B4G8ZB64,804.82,76,13432,5749.16,9,AM-C3,Audio Array,8,SP_SD
B0B4G94VP3,1702.4699999999998,89,10786,4224.55,11,AA-03,Audio Array,8,SP_SD
B0B4K87PR4,955.03,44,18333,0.0,0,AM-C10,Audio Array,8,SP_SD
B0B4KC7VBM,1467.3999999999999,77,8701,1970.34,1,AM-C5,Audio Array,8,SP_SD
B0BLJVJ2GN,1923.8500000000001,158,18507,5500.0,11,AA-05,Audio Array,8,SP_SD
B0BLKB6FRR,0.0,0,0,0.0,0,AM-C27,Audio Array,8,SP_SD
B0BLKBJ5HN,0.0,0,1,0.0,0,AM-K1,Audio Array,8,SP_SD
B0BLKF46QG,0.0,0,0,0.0,0,AM-C20,Audio Array,8,SP_SD
B0BPLWW72Y,4394.12,206,23433,14856.749999999998,9,AM-C28,Audio Array,8,SP_SD
B0BPLZ5CGV,45616.0,4674,867440,332242.62,90,AI-04 RED,Audio Array,8,SP_SD
B0BQ7H7418,2937.89,151,16762,4318.65,4,AA-06,Audio Array,8,SP_SD
B0C4YTNJG7,148.35,15,2964,3557.63,2,AM-C30,Audio Array,8,SP_SD
B0C539RBGL,6.05,1,64,0.0,0,AM-C32,Audio Array,8,SP_SD
B0CBC7QMNV,1956.85,96,12993,0.0,1,AM-C11X,Audio Array,8,SP_SD
B0CBCB82MT,978.1099999999999,110,14229,6055.08,5,AM-C39,Audio Array,8,SP_SD
B0CBCB9S14,862.3599999999999,76,9533,0.0,0,AM-C40,Audio Array,8,SP_SD
B0CF5R3V95,3244.7599999999998,160,19883,8216.09,3,AA-19,Audio Array,8,SP_SD
B0CF5RRTDJ,1237.44,51,2641,5336.44,4,AA-20,Audio Array,8,SP_SD
B0CF5TCQKL,2794.79,243,12814,37305.94,12,AA-21,Audio Array,8,SP_SD
B0CH4R1V6S,0.0,0,0,0.0,0,AM-C3A,Audio Array,8,SP_SD
B0CH4RNWJX,13824.130000000001,756,91056,34531.380000000005,17,AM-C43,Audio Array,8,SP_SD
B0CH4RT4P8,741.1,196,27077,0.0,0,AI-06,Audio Array,8,SP_SD
B0CH4T2BJD,724.76,64,9600,5274.58,2,AM-C42,Audio Array,8,SP_SD
B0CKHVHVQ1,4103.66,160,30433,12963.57,3,AM-W45,Audio Array,8,SP_SD
B0CM6NTWBP,9079.57,1060,181771,35762.729999999996,20,AI-10,Audio Array,8,SP_SD
B0CM6NVLT9,4245.13,558,65946,9019.48,7,AI-11,Audio Array,8,SP_SD
B0CM6WH4ZT,5034.1,626,103367,17488.989999999998,15,AI-12,Audio Array,8,SP_SD
B0CM9HYVDM,4400.05,164,15263,13704.23,15,AM-W18,Audio Array,8,SP_SD
B0CM9KJZWQ,1003.6099999999999,46,9099,2244.06,1,AM-C44,Audio Array,8,SP_SD
B0CM9L1QZG,215.52,32,5515,1470.44,2,AM-W16,Audio Array,8,SP_SD
B0CM9P5CCK,332.14,44,14479,0.0,0,AM-W17,Audio Array,8,SP_SD
B0CX1XK5R6,146.66,23,2938,0.0,0,AM-W46,Audio Array,8,SP_SD
B0D3LZWTHV,2722.08,139,21993,8556.77,3,AM-C45,Audio Array,8,SP_SD
B0D3M1B4Z8,9042.44,492,114522,25136.47,9,AM-C46,Audio Array,8,SP_SD
B0D3M86SH1,511.33,33,4493,8303.38,2,AA-19BL,Audio Array,8,SP_SD
B0D3Q2T5XX,395.68,25,2996,3919.49,1,AA-19WL,Audio Array,8,SP_SD
B0DFMKY4TT,438.93,52,5140,9190.68,4,AM-W35,Audio Array,8,SP_SD
B0DFMLQBMC,0.0,0,0,0.0,0,AM-W20,Audio Array,8,SP_SD
B0DFMLS8JG,936.99,97,11374,11886.82,4,AM-W32,Audio Array,8,SP_SD
B0DFMLXD9S,282.71999999999997,27,4105,3050.0,1,AM-W34,Audio Array,8,SP_SD
B0DFMMTWLY,1665.95,172,29312,3218.6499999999996,2,AM-W33,Audio Array,8,SP_SD
B0DFMNGFTD,2812.71,315,56829,15830.51,3,AM-W36,Audio Array,8,SP_SD
B0DFMQCGT1,0.0,0,40,0.0,0,AM-W21,Audio Array,8,SP_SD
B0DN6LJZBR,841.5799999999999,37,11878,0.0,0,AM-C45 PRO,Audio Array,8,SP_SD
B0DN6MNS1X,1688.71,71,10469,25418.64,6,AM-C11 PRO,Audio Array,8,SP_SD
B0DN6PFWNK,819.95,31,6646,7336.82,3,AM-C44 PRO,Audio Array,8,SP_SD
B0DT6T6N6B,267.09000000000003,30,2092,1395.77,3,AA-26,Audio Array,8,SP_SD
B0DXFPM4N2,23028.48,2416,295548,149200.03,22,AM-S1,Audio Array,8,SP_SD
B0F2HYY7JF,1902.81,90,23175,2795.76,1,AM-W21,Audio Array,8,SP_SD
B0FF9R3GKK,1070.12,87,18784,2216.1,1,AM-C47,Audio Array,8,SP_SD
B0FFB6YJM1,3.0,3,1420,0.0,0,SB-01,Audio Array,8,SP_SD
B0FG88HVQ8,21340.27,1230,110164,74108.56,45,AH-50,Audio Array,8,SP_SD
B0FJ2HZCVN,223.35000000000002,55,7682,465.25,1,PB-01 (AM-C11 + AI-04),Audio Array,8,SP_SD
B0FJ2JJZL3,0.0,0,5,0.0,0,"UB-01 (AI-04, AM-S1, AA-21, AM-C2)",Audio Array,8,SP_SD
B0FJ2K95XT,673.4100000000001,86,33206,5083.06,2,GB-01 (AM-C43 +AI-10),Audio Array,8,SP_SD
B0FJ8S53GW,1572.53,198,32426,0.0,0,GB-05 (AM-C43 + AI-06),Audio Array,8,SP_SD
B0FJ8S5XJ8,351.33,84,14675,0.0,0,PB-03 (AI-04 RED + AM-C11 X 2),Audio Array,8,SP_SD
B0FJ8T4WXM,192.13,32,8962,1312.71,1,PB-05 (AA-05 + AM-C11 + AI-04),Audio Array,8,SP_SD
B0FJ8TSQK1,734.25,103,31629,2202.54,1,GB-03 (AI-12 + AM-C43),Audio Array,8,SP_SD
B0FJ8TWCQZ,348.75,59,16874,1694.07,1,PB-06 (AA-05 + AM-C44 + AI-04),Audio Array,8,SP_SD
B0FJS7JZ4V,414.53000000000003,146,21818,0.0,0,SB-01,Audio Array,8,SP_SD
B0FLYJFC22,176.69,14,3689,0.0,0,AM-C42,Audio Array,8,SP_SD
B0FN7B3KWS,4.609999999999999,3,147,0.0,0,UB-02 (AM-S1 + AA-21),Audio Array,8,SP_SD
B0FPR7VFCH,1007.05,152,23645,5658.200000000001,4,AM-W19,Audio Array,8,SP_SD
B0FPR962YS,2011.95,161,26428,11570.740000000002,5,AM-W22,Audio Array,8,SP_SD
B0FQBTRM28,2264.34,162,40058,7743.23,5,AH-60 BL,Audio Array,8,SP_SD
B0FQBWV1ST,743.32,62,9690,3344.92,2,AH-60 RD,Audio Array,8,SP_SD
B0FQBX8J17,9159.99,741,131881,28367.760000000002,27,AH-40 SL,Audio Array,8,SP_SD
B0FQBXS6Y2,6716.65,502,81538,18794.91,14,AH-45 BK,Audio Array,8,SP_SD
B0FTVQQVDC,0.0,0,53,0.0,0,PB-10 (AM-C2+AI-04+AH-60-BL),Audio Array,8,SP_SD
B0FTVSH458,1803.51,93,25859,0.0,0,PB-11 (AM-C44+AA-05+AH-45-BK),Audio Array,8,SP_SD
B0FTVVLNS9,4164.56,334,64354,9950.85,1,PB-12 (AM-C11+AA-05+AI-04+AH-60-RD),Audio Array,8,SP_SD
B0FVM17Q4W,183.94,15,2073,0.0,0,AM-W20,Audio Array,8,SP_SD
B0G2C2RCXN,548.97,30,3702,0.0,0,AM-W19,Audio Array,8,SP_SD
B0G39ZHDYP,2106.6,178,46552,5080.5,6,AM-W47 WIRED,Audio Array,8,SP_SD
B0G3B152FR,2522.5,221,63242,5082.21,3,AM-W47 WIRELESS,Audio Array,8,SP_SD
B0G3B677Z5,3.91,1,163,0.0,0,UB-03 (AM-S1 + AA-22),Audio Array,8,SP_SD
B0G3Q517Y2,498.84000000000003,45,9484,2541.53,1,AM-W23,Audio Array,8,SP_SD
B0G3Q59X8C,3953.0,289,78295,14236.43,9,AM-W24,Audio Array,8,SP_SD
B0G4DNF8RZ,1508.19,116,16728,0.0,0,AM-C48,Audio Array,8,SP_SD
B0G53CB72D,1719.01,505,86381,17795.76,1,AM-MIX8,Audio Array,8,SP_SD
B0G53H49BS,14656.01,3212,236325,116868.72,53,AI-13,Audio Array,8,SP_SD
B0G53KWRVW,5133.63,1621,108050,22031.36,3,AM-MIX10,Audio Array,8,SP_SD
B0G53KWRWH,3704.25,841,98624,2287.29,1,AM-PRO12,Audio Array,8,SP_SD
B0G53LZNY3,1948.29,463,45081,9320.34,2,AM-MIX4 OTG,Audio Array,8,SP_SD
B0G53M9258,10743.91,2625,215503,46261.88,12,AI-14,Audio Array,8,SP_SD
B0G53PRM34,2918.18,773,92866,14149.99,3,AM-MIX6,Audio Array,8,SP_SD
B0GCP1J2HC,1137.6499999999999,250,15100,12032.2,3,M8,Audio Array,8,SP_SD
B0GD8JSPB1,5912.79,1074,133129,33894.07,5,AM-S1,Audio Array,8,SP_SD
B0B4DPX2J2,59752.24,3718,555667,252083.11125,116,AM-C1,Audio Array,9,SP_SD
B0B4DS678Q,428.20000000000005,43,4708,0.0,0,AM-C4,Audio Array,9,SP_SD
B0B4FZS38V,51.739999999999995,10,878,1821.19,1,AM-C7,Audio Array,9,SP_SD
B0B4G19R58,6662.3,512,130591,35751.81125,13,AM-C2,Audio Array,9,SP_SD
B0B4G1HPL5,1359.17,79,27399,0.0,0,AM-C11,Audio Array,9,SP_SD
B0B4G1PXWV,213.14999999999998,17,1327,0.0,0,AM-C6,Audio Array,9,SP_SD
B0B4G59Y8W,1588.82,138,20279,3387.29,3,AM-W13,Audio Array,9,SP_SD
B0B4G5JG4P,356.25,44,4854,5507.63,1,AM-W14,Audio Array,9,SP_SD
B0B4G763WS,974.8,126,30088,3388.14,1,AM-W12,Audio Array,9,SP_SD
B0B4G7VWXD,1166.91,100,5726,9197.449999999999,7,AA-04,Audio Array,9,SP_SD
B0B4G8PH2P,1793.965,126,35685,2731.638333333333,2,AA-01,Audio Array,9,SP_SD
B0B4G8ZB64,1316.91,105,14504,8436.45,11,AM-C3,Audio Array,9,SP_SD
B0B4G94VP3,1510.73,91,12039,15101.66,17,AA-03,Audio Array,9,SP_SD
B0B4K87PR4,904.5,50,17679,0.0,0,AM-C10,Audio Array,9,SP_SD
B0B4KC7VBM,2056.79,177,42589,3896.62,3,AM-C5,Audio Array,9,SP_SD
B0BLJVJ2GN,2504.805,204,33045,7596.888333333332,11,AA-05,Audio Array,9,SP_SD
B0BPLWW72Y,7204.03,473,110464,16563.51,11,AM-C28,Audio Array,9,SP_SD
B0BPLZ5CGV,55529.72,5480,1048807,304231.74125,83,AI-04 RED,Audio Array,9,SP_SD
B0BQ7H7418,1612.0,99,11367,6053.4,7,AA-06,Audio Array,9,SP_SD
B0C4YTNJG7,18.57,2,1865,0.0,0,AM-C30,Audio Array,9,SP_SD
B0C539RBGL,0.0,0,7,0.0,0,AM-C32,Audio Array,9,SP_SD
B0CBC7QMNV,3104.78,172,26539,9204.23,4,AM-C11X,Audio Array,9,SP_SD
B0CBCB82MT,1963.38,169,28409,8662.71,5,AM-C39,Audio Array,9,SP_SD
B0CBCB9S14,439.15999999999997,62,10086,0.0,0,AM-C40,Audio Array,9,SP_SD
B0CF5R3V95,5137.085,324,44377,14673.998333333333,7,AA-19,Audio Array,9,SP_SD
B0CF5RRTDJ,1279.745,109,19025,4510.458333333333,3,AA-20,Audio Array,9,SP_SD
B0CF5TCQKL,4267.24,264,18880,34866.119999999995,11,AA-21,Audio Array,9,SP_SD
B0CH4RNWJX,10451.27,616,100070,32966.11,16,AM-C43,Audio Array,9,SP_SD
B0CH4RT4P8,537.6800000000001,133,14920,0.0,0,AI-06,Audio Array,9,SP_SD
B0CH4T2BJD,455.9,66,8463,1884.75,1,AM-C42,Audio Array,9,SP_SD
B0CJR76Y7G,718.8249999999999,77,17444,2731.638333333333,2,AA-25,Audio Array,9,SP_SD
B0CKHVHVQ1,6136.62,543,122022,55191.66124999999,15,AM-W45,Audio Array,9,SP_SD
B0CM6NTWBP,12017.78,1345,216040,36332.341250000005,15,AI-10,Audio Array,9,SP_SD
B0CM6NVLT9,4846.07,673,76220,14656.779999999999,12,AI-11,Audio Array,9,SP_SD
B0CM6WH4ZT,6397.34,713,105457,13761.009999999998,14,AI-12,Audio Array,9,SP_SD
B0CM9HYVDM,6518.97,465,80668,19257.64,20,AM-W18,Audio Array,9,SP_SD
B0CM9KJZWQ,1533.97,79,15634,9488.97,4,AM-C44,Audio Array,9,SP_SD
B0CM9L1QZG,373.38,45,19381,0.0,1,AM-W16,Audio Array,9,SP_SD
B0CM9P5CCK,285.75,40,6891,1439.83,1,AM-W17,Audio Array,9,SP_SD
B0CX1XK5R6,204.75,29,3954,0.0,0,AM-W46,Audio Array,9,SP_SD
B0D3LZWTHV,2751.97,209,48488,7622.889999999999,3,AM-C45,Audio Array,9,SP_SD
B0D3M1B4Z8,21634.73,1318,279846,95968.80125,34,AM-C46,Audio Array,9,SP_SD
B0D3M86SH1,1291.905,115,22729,14253.658333333331,5,AA-19BL,Audio Array,9,SP_SD
B0D3Q2T5XX,368.21,27,3709,7455.08,2,AA-19WL,Audio Array,9,SP_SD
B0DFMKY4TT,459.82,56,7219,0.0,0,AM-W35,Audio Array,9,SP_SD
B0DFMLS8JG,683.83,86,15454,12610.02,4,AM-W32,Audio Array,9,SP_SD
B0DFMLXD9S,113.21000000000001,18,1993,0.0,0,AM-W34,Audio Array,9,SP_SD
B0DFMMTWLY,2794.56,346,86365,18377.23125,7,AM-W33,Audio Array,9,SP_SD
B0DFMNGFTD,1532.35,241,42850,0.0,0,AM-W36,Audio Array,9,SP_SD
B0DFMQCGT1,7.22,1,38,0.0,0,AM-W21,Audio Array,9,SP_SD
B0DN6LJZBR,913.44,27,9867,0.0,0,AM-C45 PRO,Audio Array,9,SP_SD
B0DN6MNS1X,2045.11,77,13489,0.0,0,AM-C11 PRO,Audio Array,9,SP_SD
B0DN6PFWNK,991.4,37,8942,3982.2,2,AM-C44 PRO,Audio Array,9,SP_SD
B0DT6T6N6B,344.06,52,2150,3188.1099999999997,7,AA-26,Audio Array,9,SP_SD
B0DXFPM4N2,37219.13,4257,447804,286143.36,45,AM-S1,Audio Array,9,SP_SD
B0F2HYY7JF,415.48,25,4383,1006.03,1,AM-W21,Audio Array,9,SP_SD
B0FF9R3GKK,1698.41,127,45800,4998.3,2,AM-C47,Audio Array,9,SP_SD
B0FFB6YJM1,18.86,10,1501,0.0,0,SB-01,Audio Array,9,SP_SD
B0FG88HVQ8,28581.49,1679,192902,95184.81999999999,56,AH-50,Audio Array,9,SP_SD
B0FJ2HZCVN,190.07999999999998,46,9607,0.0,0,PB-01 (AM-C11 + AI-04),Audio Array,9,SP_SD
B0FJ2JJZL3,0.0,0,20,0.0,0,"UB-01 (AI-04, AM-S1, AA-21, AM-C2)",Audio Array,9,SP_SD
B0FJ2K95XT,360.58,43,17234,0.0,0,GB-01 (AM-C43 +AI-10),Audio Array,9,SP_SD
B0FJ8S53GW,1095.73,138,25417,3727.11,2,GB-05 (AM-C43 + AI-06),Audio Array,9,SP_SD
B0FJ8S5XJ8,341.51,88,18774,0.0,0,PB-03 (AI-04 RED + AM-C11 X 2),Audio Array,9,SP_SD
B0FJ8T4WXM,261.84,35,14618,3981.36,1,PB-05 (AA-05 + AM-C11 + AI-04),Audio Array,9,SP_SD
B0FJ8TSQK1,443.07,53,15704,5845.77,2,GB-03 (AI-12 + AM-C43),Audio Array,9,SP_SD
B0FJ8TWCQZ,543.28,68,26855,0.0,0,PB-06 (AA-05 + AM-C44 + AI-04),Audio Array,9,SP_SD
B0FJS7JZ4V,406.78999999999996,145,18100,0.0,0,SB-01,Audio Array,9,SP_SD
B0FLYJFC22,73.78,11,1791,1355.08,1,AM-C42,Audio Array,9,SP_SD
B0FN7B3KWS,75.63,14,778,0.0,0,UB-02 (AM-S1 + AA-21),Audio Array,9,SP_SD
B0FPR7VFCH,529.61,97,18872,1693.22,1,AM-W19,Audio Array,9,SP_SD
B0FPR962YS,1963.68,151,31480,5938.38,2,AM-W22,Audio Array,9,SP_SD
B0FQBTRM28,3239.89,209,44374,9289.85,6,AH-60 BL,Audio Array,9,SP_SD
B0FQBWV1ST,1993.48,147,17140,11679.68,7,AH-60 RD,Audio Array,9,SP_SD
B0FQBX8J17,9789.81,766,156953,16173.710000000001,15,AH-40 SL,Audio Array,9,SP_SD
B0FQBXS6Y2,8543.99,595,120102,29005.9,22,AH-45 BK,Audio Array,9,SP_SD
B0FTVQQVDC,555.69,21,2214,2202.54,1,PB-10 (AM-C2+AI-04+AH-60-BL),Audio Array,9,SP_SD
B0FTVSH458,942.6899999999999,35,4145,0.0,0,PB-11 (AM-C44+AA-05+AH-45-BK),Audio Array,9,SP_SD
B0FTVVLNS9,963.14,85,13942,0.0,0,PB-12 (AM-C11+AA-05+AI-04+AH-60-RD),Audio Array,9,SP_SD
B0FVM17Q4W,381.39,27,3199,0.0,0,AM-W20,Audio Array,9,SP_SD
B0G2C2RCXN,776.65,58,23282,0.0,0,AM-W19,Audio Array,9,SP_SD
B0G39ZHDYP,1533.8999999999999,100,26895,1016.1,1,AM-W47 WIRED,Audio Array,9,SP_SD
B0G3B152FR,2454.2599999999998,180,46169,1694.07,1,AM-W47 WIRELESS,Audio Array,9,SP_SD
B0G3B677Z5,51.84,12,776,9829.66,1,UB-03 (AM-S1 + AA-22),Audio Array,9,SP_SD
B0G3Q517Y2,1248.6399999999999,89,15217,7031.360000000001,3,AM-W23,Audio Array,9,SP_SD
B0G3Q59X8C,4292.09,292,80406,14781.36,8,AM-W24,Audio Array,9,SP_SD
B0G4DNF8RZ,3387.8,306,77703,14989.091250000001,5,AM-C48,Audio Array,9,SP_SD
B0G53CB72D,5181.57,821,106488,0.0,0,AM-MIX8,Audio Array,9,SP_SD
B0G53H49BS,17444.27,2670,179035,80478.86,35,AI-13,Audio Array,9,SP_SD
B0G53KWRVW,859.22,206,9143,0.0,0,AM-MIX10,Audio Array,9,SP_SD
B0G53KWRWH,6390.45,1078,117886,0.0,0,AM-PRO12,Audio Array,9,SP_SD
B0G53LZNY3,61.14,13,1975,0.0,0,AM-MIX4 OTG,Audio Array,9,SP_SD
B0G53M9258,2620.8700000000003,507,46368,2287.29,1,AI-14,Audio Array,9,SP_SD
B0G53PRM34,777.15,171,16927,5507.63,1,AM-MIX6,Audio Array,9,SP_SD
B0GCP1J2HC,2877.07,590,40874,16268.64,3,M8,Audio Array,9,SP_SD
B0GD8JSPB1,2914.57,470,53045,6778.81,1,AM-S1,Audio Array,9,SP_SD
B0GKPXQ8G3,1264.41,85,27354,2795.76,1,NAN,Audio Array,9,SP_SD
B0BF4S7V8C,300.87,10,6229,0.0,0,WM-MH05P-WH,White Mulberry,4,SP_SD
B0BF4T7SWK,484.74,19,9873,6194.07,1,WM-MH05P-BK,White Mulberry,4,SP_SD
B0BFVMDJ2K,658.35,67,20291,20980.510000000002,3,WM-LOD-WH,White Mulberry,4,SP_SD
B0BFVNS8HS,5914.36,366,102806,41853.4,6,WM-LOD-IN,White Mulberry,4,SP_SD
B0BFW59TRG,464.81,28,10917,6677.12,1,WM-LOD-BK,White Mulberry,4,SP_SD
B0BFWD6SNF,10024.81,653,169336,74577.13,11,WM-LOD-CF,White Mulberry,4,SP_SD
B0BMQQQ7YD,39.85,2,297,0.0,0,WM-SEH04P-CF,White Mulberry,4,SP_SD
B0CPFN27Z2,1262.23,17,4297,0.0,0,WM-USE06-BK,White Mulberry,4,SP_SD
B0CPFS24ML,46163.9,3397,371126,340838.99,55,WM-GD07-CB,White Mulberry,4,SP_SD
B0CPT2NY5M,741.76,50,9028,0.0,0,WM-SE08-WH,White Mulberry,4,SP_SD
B0CPT34B2L,115.55,11,3593,0.0,0,WM-SE08-BK,White Mulberry,4,SP_SD
B0CPT3Q25C,5851.42,291,35748,45642.36,4,WM-SE08-CF,White Mulberry,4,SP_SD
B0DB5VG39T,12682.7,555,90922,50419.46,25,WM-GS1M-BK,White Mulberry,4,SP_SD
B0DB5W4TCP,5610.41,310,38627,8993.240000000002,7,WM-HA1M-BK,White Mulberry,4,SP_SD
B0DB5YTQZV,0.0,0,1597,0.0,0,WM-HA2M-BK,White Mulberry,4,SP_SD
B0DP2VVRND,17988.03,948,90227,64936.44,39,MS1ML,White Mulberry,4,SP_SD
B0DP2WC5VW,15106.75,748,48878,21340.71,9,WM1ML,White Mulberry,4,SP_SD
B0DP2Z5DQ9,722.8,62,12877,6709.32,3,VLMS1ML,White Mulberry,4,SP_SD
B0DP3194QN,704.79,31,11858,0.0,0,HD1ML,White Mulberry,4,SP_SD
B0DP32F346,4880.9,195,45414,15321.2,6,HDWF1ML,White Mulberry,4,SP_SD
B0DQ1NV8D2,1529.56,69,27317,12388.14,2,WM-MDL-BK,White Mulberry,4,SP_SD
B0DQ1PKNSP,2406.55,117,33961,0.0,0,WM-MDL-WH,White Mulberry,4,SP_SD
B0DQ4YWSMC,860.36,38,10013,0.0,0,WM-MODL-WH,White Mulberry,4,SP_SD
B0DQ4ZK2WQ,82.7,4,2383,0.0,0,WM-MODL-BBW,White Mulberry,4,SP_SD
B0DQ51R95T,198.86999999999998,8,3242,0.0,0,WM-MODL-BK,White Mulberry,4,SP_SD
B0FN4D3C89,10119.19,675,91924,19018.64,40,TVCT1ML,White Mulberry,4,SP_SD
B0FN4DSQ6P,1155.8600000000001,100,21948,3216.11,5,TVMF1ML,White Mulberry,4,SP_SD
B0FN4FPJ83,482.44,42,1424,7644.049999999999,5,POSS-01,White Mulberry,4,SP_SD
B0FN4GQ9HT,2645.46,227,41028,5483.9,9,TVCF1ML,White Mulberry,4,SP_SD
B0FN4HDM6Z,2547.0,176,30993,7284.75,5,TVFM1ML,White Mulberry,4,SP_SD
B0FN4JG97R,702.02,39,7523,4575.42,1,HDMSP1ML,White Mulberry,4,SP_SD
B0FN81FD8M,62.349999999999994,5,1018,6355.08,1,HDGS1ML,White Mulberry,4,SP_SD
B0BF4S7V8C,119.13,4,3955,0.0,0,WM-MH05P-WH,White Mulberry,5,SP_SD
B0BF4T7SWK,877.21,32,29253,0.0,0,WM-MH05P-BK,White Mulberry,5,SP_SD
B0BFVMDJ2K,1080.3,88,20792,0.0,0,WM-LOD-WH,White Mulberry,5,SP_SD
B0BFVNS8HS,5397.97,278,70643,63721.21,10,WM-LOD-IN,White Mulberry,5,SP_SD
B0BFW59TRG,913.06,64,19327,7117.8,1,WM-LOD-BK,White Mulberry,5,SP_SD
B0BFWD6SNF,9020.41,518,152044,28005.09,4,WM-LOD-CF,White Mulberry,5,SP_SD
B0BMQQQ7YD,61.269999999999996,4,348,0.0,0,WM-SEH04P-CF,White Mulberry,5,SP_SD
B0CPFN27Z2,55.04,1,416,0.0,0,WM-USE06-BK,White Mulberry,5,SP_SD
B0CPFS24ML,41330.3,2740,420054,215227.06,37,WM-GD07-CB,White Mulberry,5,SP_SD
B0CPT2NY5M,1117.29,46,8856,0.0,0,WM-SE08-WH,White Mulberry,5,SP_SD
B0CPT34B2L,97.44,8,4021,0.0,0,WM-SE08-BK,White Mulberry,5,SP_SD
B0CPT3Q25C,4515.6,230,21080,13558.47,1,WM-SE08-CF,White Mulberry,5,SP_SD
B0DB5VG39T,13325.53,536,59278,48455.88,22,WM-GS1M-BK,White Mulberry,5,SP_SD
B0DB5W4TCP,3621.9900000000002,231,31078,11254.25,7,WM-HA1M-BK,White Mulberry,5,SP_SD
B0DB5YTQZV,0.0,0,2769,0.0,0,WM-HA2M-BK,White Mulberry,5,SP_SD
B0DP2VVRND,11616.23,750,77681,55455.05,30,MS1ML,White Mulberry,5,SP_SD
B0DP2WC5VW,4470.71,264,17621,10318.64,4,WM1ML,White Mulberry,5,SP_SD
B0DP2Z5DQ9,522.56,48,9259,4199.99,2,VLMS1ML,White Mulberry,5,SP_SD
B0DP3194QN,484.34000000000003,21,13582,6438.99,2,HD1ML,White Mulberry,5,SP_SD
B0DP32F346,4848.71,172,41156,10737.279999999999,4,HDWF1ML,White Mulberry,5,SP_SD
B0DQ1NV8D2,2634.2999999999997,91,35606,19364.409999999996,2,WM-MDL-BK,White Mulberry,5,SP_SD
B0DQ1PKNSP,4318.83,156,59367,25425.42,2,WM-MDL-WH,White Mulberry,5,SP_SD
B0DQ4YWSMC,2192.36,119,34727,13558.47,1,WM-MODL-WH,White Mulberry,5,SP_SD
B0DQ4ZK2WQ,109.22,7,3006,0.0,0,WM-MODL-BBW,White Mulberry,5,SP_SD
B0DQ51R95T,387.96000000000004,11,1904,13558.47,1,WM-MODL-BK,White Mulberry,5,SP_SD
B0FN4D3C89,6732.5599999999995,379,41972,16286.470000000001,28,TVCT1ML,White Mulberry,5,SP_SD
B0FN4DSQ6P,153.72,16,5204,0.0,0,TVMF1ML,White Mulberry,5,SP_SD
B0FN4FPJ83,135.99,13,354,3489.83,2,POSS-01,White Mulberry,5,SP_SD
B0FN4GQ9HT,2293.16,200,41346,2666.1,4,TVCF1ML,White Mulberry,5,SP_SD
B0FN4HDM6Z,3154.31,192,42197,7793.24,4,TVFM1ML,White Mulberry,5,SP_SD
B0FN4JG97R,740.86,52,9739,0.0,0,HDMSP1ML,White Mulberry,5,SP_SD
B0FN81FD8M,145.04999999999998,8,1852,0.0,0,HDGS1ML,White Mulberry,5,SP_SD
B0BF4S7V8C,214.55,8,3463,0.0,0,WM-MH05P-WH,White Mulberry,6,SP_SD
B0BF4T7SWK,1509.1499999999999,60,33684,17667.79,2,WM-MH05P-BK,White Mulberry,6,SP_SD
B0BFVMDJ2K,1415.17,81,44148,7117.8,1,WM-LOD-WH,White Mulberry,6,SP_SD
B0BFVNS8HS,4408.44,168,101810,14235.6,2,WM-LOD-IN,White Mulberry,6,SP_SD
B0BFW59TRG,1687.9,86,25246,7117.8,1,WM-LOD-BK,White Mulberry,6,SP_SD
B0BFWD6SNF,4395.4,207,95054,49358.5,8,WM-LOD-CF,White Mulberry,6,SP_SD
B0BMQQQ7YD,15.68,1,987,0.0,0,WM-SEH04P-CF,White Mulberry,6,SP_SD
B0CPFS24ML,32582.62,1991,276222,160403.32,28,WM-GD07-CB,White Mulberry,6,SP_SD
B0CPT2NY5M,1011.46,66,11229,26269.5,2,WM-SE08-WH,White Mulberry,6,SP_SD
B0CPT34B2L,140.12,10,2963,0.0,0,WM-SE08-BK,White Mulberry,6,SP_SD
B0CPT3Q25C,2258.21,125,26662,6651.69,1,WM-SE08-CF,White Mulberry,6,SP_SD
B0DB5VG39T,7811.9800000000005,344,38378,26540.65,14,WM-GS1M-BK,White Mulberry,6,SP_SD
B0DB5W4TCP,3175.51,176,19183,5589.84,6,WM-HA1M-BK,White Mulberry,6,SP_SD
B0DB5YTQZV,0.0,0,3727,0.0,0,WM-HA2M-BK,White Mulberry,6,SP_SD
B0DP2VVRND,11230.42,632,71803,37355.09,24,MS1ML,White Mulberry,6,SP_SD
B0DP2WC5VW,1681.33,118,6447,2795.76,1,WM1ML,White Mulberry,6,SP_SD
B0DP2Z5DQ9,172.3,16,3468,0.0,0,VLMS1ML,White Mulberry,6,SP_SD
B0DP3194QN,52.260000000000005,2,865,3372.04,1,HD1ML,White Mulberry,6,SP_SD
B0DP32F346,2166.7599999999998,93,15900,5368.639999999999,2,HDWF1ML,White Mulberry,6,SP_SD
B0DQ1NV8D2,1412.24,68,44072,0.0,0,WM-MDL-BK,White Mulberry,6,SP_SD
B0DQ1PKNSP,1580.73,74,28241,0.0,0,WM-MDL-WH,White Mulberry,6,SP_SD
B0DQ4YWSMC,1345.0900000000001,68,36234,37285.6,3,WM-MODL-WH,White Mulberry,6,SP_SD
B0DQ4ZK2WQ,309.51,24,6237,0.0,0,WM-MODL-BBW,White Mulberry,6,SP_SD
B0DQ51R95T,284.05,15,1385,6651.69,2,WM-MODL-BK,White Mulberry,6,SP_SD
B0FN4D3C89,4295.13,227,31080,6515.28,12,TVCT1ML,White Mulberry,6,SP_SD
B0FN4DSQ6P,0.0,0,1,0.0,0,TVMF1ML,White Mulberry,6,SP_SD
B0FN4GQ9HT,2113.54,164,32486,1438.98,2,TVCF1ML,White Mulberry,6,SP_SD
B0FN4HDM6Z,1684.15,74,20252,3896.62,2,TVFM1ML,White Mulberry,6,SP_SD
B0FN4JG97R,588.27,51,7479,0.0,0,HDMSP1ML,White Mulberry,6,SP_SD
B0FN81FD8M,0.0,0,1,0.0,0,HDGS1ML,White Mulberry,6,SP_SD
B0BF4S7V8C,1075.02,34,8417,10905.94,1,WM-MH05P-WH,White Mulberry,7,SP_SD
B0BF4T7SWK,2959.39,93,60912,0.0,0,WM-MH05P-BK,White Mulberry,7,SP_SD
B0BFVMDJ2K,2687.61,135,63276,7046.61,1,WM-LOD-WH,White Mulberry,7,SP_SD
B0BFVNS8HS,3767.86,133,75859,28132.22,4,WM-LOD-IN,White Mulberry,7,SP_SD
B0BFW59TRG,5168.7,175,48803,7117.8,1,WM-LOD-BK,White Mulberry,7,SP_SD
B0BFWD6SNF,4385.02,161,68300,28471.2,4,WM-LOD-CF,White Mulberry,7,SP_SD
B0BMQQQ7YD,27.67,2,282,0.0,0,WM-SEH04P-CF,White Mulberry,7,SP_SD
B0CPFPT6DZ,1674.01,65,16496,0.0,0,WM-USE06-WH,White Mulberry,7,SP_SD
B0CPFS24ML,26407.38,1695,233444,88124.53,14,WM-GD07-CB,White Mulberry,7,SP_SD
B0CPT2NY5M,1602.71,71,10108,0.0,0,WM-SE08-WH,White Mulberry,7,SP_SD
B0CPT34B2L,99.55000000000001,6,4305,0.0,0,WM-SE08-BK,White Mulberry,7,SP_SD
B0CPT3Q25C,7873.66,327,99306,13003.39,1,WM-SE08-CF,White Mulberry,7,SP_SD
B0DB5VG39T,13467.01,607,60856,27999.13,11,WM-GS1M-BK,White Mulberry,7,SP_SD
B0DB5W4TCP,3288.51,175,26281,8681.37,6,WM-HA1M-BK,White Mulberry,7,SP_SD
B0DB5YTQZV,0.0,0,165,0.0,0,WM-HA2M-BK,White Mulberry,7,SP_SD
B0DP2VVRND,17057.05,904,141056,58566.72,35,MS1ML,White Mulberry,7,SP_SD
B0DP2WC5VW,1201.12,99,10008,7955.08,3,WM1ML,White Mulberry,7,SP_SD
B0DP2Z5DQ9,385.68000000000006,32,3734,2372.03,1,VLMS1ML,White Mulberry,7,SP_SD
B0DP3194QN,176.56,16,3278,3219.49,1,HD1ML,White Mulberry,7,SP_SD
B0DP32F346,1102.8799999999999,55,11366,4821.18,2,HDWF1ML,White Mulberry,7,SP_SD
B0DQ1NV8D2,2856.68,114,54141,6778.81,1,WM-MDL-BK,White Mulberry,7,SP_SD
B0DQ1PKNSP,1407.93,69,20899,0.0,0,WM-MDL-WH,White Mulberry,7,SP_SD
B0DQ4YWSMC,2212.03,84,50258,18981.36,2,WM-MODL-WH,White Mulberry,7,SP_SD
B0DQ4ZK2WQ,1337.74,58,11839,0.0,0,WM-MODL-BBW,White Mulberry,7,SP_SD
B0DQ51R95T,506.06,19,2468,17794.91,2,WM-MODL-BK,White Mulberry,7,SP_SD
B0FN4D3C89,3779.04,239,32610,10111.91,18,TVCT1ML,White Mulberry,7,SP_SD
B0FN4DSQ6P,141.56,11,2672,0.0,0,TVMF1ML,White Mulberry,7,SP_SD
B0FN4FPJ83,45.14,3,207,0.0,0,POSS-01,White Mulberry,7,SP_SD
B0FN4GQ9HT,507.15,44,6797,2454.25,4,TVCF1ML,White Mulberry,7,SP_SD
B0FN4HDM6Z,737.24,44,11195,1438.98,2,TVFM1ML,White Mulberry,7,SP_SD
B0FN4JG97R,39.46,5,1789,0.0,0,HDMSP1ML,White Mulberry,7,SP_SD
B0BF4S7V8C,690.16,31,19406,0.0,0,WM-MH05P-WH,White Mulberry,8,SP_SD
B0BF4T7SWK,0.0,0,0,0.0,0,WM-MH05P-BK,White Mulberry,8,SP_SD
B0BFVMDJ2K,3611.81,154,69332,25760.17,3,WM-LOD-WH,White Mulberry,8,SP_SD
B0BFVNS8HS,2965.3,96,46440,14235.6,2,WM-LOD-IN,White Mulberry,8,SP_SD
B0BFW59TRG,5187.27,169,59370,7046.62,1,WM-LOD-BK,White Mulberry,8,SP_SD
B0BFWD6SNF,9952.69,354,183622,42635.62,6,WM-LOD-CF,White Mulberry,8,SP_SD
B0BMQQQ7YD,208.97,15,990,0.0,0,WM-SEH04P-CF,White Mulberry,8,SP_SD
B0CPFPT6DZ,862.53,41,9865,18643.22,1,WM-USE06-WH,White Mulberry,8,SP_SD
B0CPFS24ML,13694.960000000001,664,90535,54569.47,8,WM-GD07-CB,White Mulberry,8,SP_SD
B0CPT2YJX2,357.05,21,3705,0.0,0,WM-LODN-BK,White Mulberry,8,SP_SD
B0CPT3Q25C,9908.75,366,87275,46183.06,4,WM-SE08-CF,White Mulberry,8,SP_SD
B0DB5VG39T,9515.539999999999,512,64456,40019.479999999996,18,WM-GS1M-BK,White Mulberry,8,SP_SD
B0DB5W4TCP,2151.06,97,11507,3600.0,2,WM-HA1M-BK,White Mulberry,8,SP_SD
B0DP2VVRND,8127.900000000001,488,56083,23176.26,12,MS1ML,White Mulberry,8,SP_SD
B0DP2WC5VW,5438.91,395,25795,36851.700000000004,15,WM1ML,White Mulberry,8,SP_SD
B0DP2Z5DQ9,745.91,70,7507,3388.12,2,VLMS1ML,White Mulberry,8,SP_SD
B0DP313R77,0.0,0,4,0.0,0,MS2ML,White Mulberry,8,SP_SD
B0DP3194QN,2015.15,64,11381,0.0,0,HD1ML,White Mulberry,8,SP_SD
B0DP32F346,3670.87,113,15133,20949.12,8,HDWF1ML,White Mulberry,8,SP_SD
B0DQ1NV8D2,5939.900000000001,218,84668,17794.91,2,WM-MDL-BK,White Mulberry,8,SP_SD
B0DQ1PKNSP,2555.0,106,48834,11016.1,1,WM-MDL-WH,White Mulberry,8,SP_SD
B0DQ4YWSMC,2938.15,88,47691,0.0,0,WM-MODL-WH,White Mulberry,8,SP_SD
B0DQ4ZK2WQ,196.55,8,1558,0.0,0,WM-MODL-BBW,White Mulberry,8,SP_SD
B0DQPK7MFH,1443.22,67,15156,0.0,0,WM-LODN-WH,White Mulberry,8,SP_SD
B0FN4D3C89,4515.46,249,30068,6558.49,11,TVCT1ML,White Mulberry,8,SP_SD
B0FN4DSQ6P,0.0,0,0,0.0,0,TVMF1ML,White Mulberry,8,SP_SD
B0FN4FPJ83,448.59,38,1173,1677.72,1,POSS-01,White Mulberry,8,SP_SD
B0FN4GQ9HT,486.13,40,8078,2877.97,4,TVCF1ML,White Mulberry,8,SP_SD
B0FN4HDM6Z,19.1,2,490,0.0,0,TVFM1ML,White Mulberry,8,SP_SD
B0BF4S7V8C,1094.35,46,19648,0.0,0,WM-MH05P-WH,White Mulberry,9,SP_SD
B0BFVMDJ2K,4394.32,185,74520,0.0,0,WM-LOD-WH,White Mulberry,9,SP_SD
B0BFVNS8HS,1602.01,69,63191,7117.8,1,WM-LOD-IN,White Mulberry,9,SP_SD
B0BFW59TRG,4703.06,179,100414,14235.6,2,WM-LOD-BK,White Mulberry,9,SP_SD
B0BFWD6SNF,8136.52,283,68417,35122.89,5,WM-LOD-CF,White Mulberry,9,SP_SD
B0BMQQQ7YD,2076.3865766666668,135,9688,16309.466666666665,2,WM-SEH04P-CF,White Mulberry,9,SP_SD
B0CPFPT6DZ,124.39,6,1115,10905.94,1,WM-USE06-WH,White Mulberry,9,SP_SD
B0CPFS24ML,37353.17,2455,334268,287557.17,46,WM-GD07-CB,White Mulberry,9,SP_SD
B0CPT2YJX2,1355.81,73,13273,0.0,0,WM-LODN-BK,White Mulberry,9,SP_SD
B0CPT3Q25C,8935.88,453,129729,26650.0,3,WM-SE08-CF,White Mulberry,9,SP_SD
B0DB5VG39T,8286.84,433,83973,23000.01,11,WM-GS1M-BK,White Mulberry,9,SP_SD
B0DB5VVPSB,1093.25,73,9201,5845.76,2,WM-GS2M-BK,White Mulberry,9,SP_SD
B0DB5W4TCP,1705.7,80,9108,0.0,1,WM-HA1M-BK,White Mulberry,9,SP_SD
B0DP2VVRND,7423.27,464,52860,32527.14,18,MS1ML,White Mulberry,9,SP_SD
B0DP2WC5VW,8326.72,479,33488,12283.900000000001,5,WM1ML,White Mulberry,9,SP_SD
B0DP2Z5DQ9,1946.26,168,23418,13696.59,6,VLMS1ML,White Mulberry,9,SP_SD
B0DP313R77,0.0,0,75,0.0,0,MS2ML,White Mulberry,9,SP_SD
B0DP3194QN,3097.47,75,14631,3219.49,1,HD1ML,White Mulberry,9,SP_SD
B0DP32F346,5795.21,151,20543,10143.2,4,HDWF1ML,White Mulberry,9,SP_SD
B0DQ1NV8D2,6972.896576666667,311,160706,80372.17666666667,9,WM-MDL-BK,White Mulberry,9,SP_SD
B0DQ1PKNSP,5955.34,237,146289,66096.6,6,WM-MDL-WH,White Mulberry,9,SP_SD
B0DQ4YWSMC,2117.806576666667,116,37522,16309.466666666665,2,WM-MODL-WH,White Mulberry,9,SP_SD
B0DQ51R95T,0.0,0,0,0.0,0,WM-MODL-BK,White Mulberry,9,SP_SD
B0DQPK7MFH,2094.71,86,19483,0.0,0,WM-LODN-WH,White Mulberry,9,SP_SD
B0FN4D3C89,3052.56,176,30167,4272.89,8,TVCT1ML,White Mulberry,9,SP_SD
B0FN4DSQ6P,502.83000000000004,39,7492,0.0,0,TVMF1ML,White Mulberry,9,SP_SD
B0FN4FPJ83,477.77,30,2378,23537.13,14,POSS-01,White Mulberry,9,SP_SD
B0FN4GQ9HT,3055.75,168,33289,1227.12,3,TVCF1ML,White Mulberry,9,SP_SD
B0FN4HDM6Z,363.65,20,6235,3896.62,2,TVFM1ML,White Mulberry,9,SP_SD
B01ISNU3X4,5633.68,588,96472,26283.82,20,K1,Tonor,4,SP_SD
B078WNW4YW,1227.68,81,6798,2083.9,1,S20,Tonor,4,SP_SD
B07GVGMW59,744.5600000000001,74,12162,4616.110000000001,2,G11,Tonor,4,SP_SD
B07TSN2H9D,267.97,95,8825,7032.2,2,TC-2030,Tonor,4,SP_SD
B07WLWN2ZT,1380.73,189,18472,0.0,0,TC-777,Tonor,4,SP_SD
B082W4B7SX,919.22,57,11526,6312.72,3,T20,Tonor,4,SP_SD
B089FVQD3Z,869.97,41,12642,0.0,0,T30,Tonor,4,SP_SD
B08CVP2HXP,1207.85,132,11709,5150.0,3,TC30,Tonor,4,SP_SD
B08NDB5NWP,959.76,98,26079,5136.5,2,TM20,Tonor,4,SP_SD
B08V1JS3NY,31.89,8,1706,0.0,0,TC40,Tonor,4,SP_SD
B09Z5Q194D,428.46,40,6554,0.0,0,ORCA001,Tonor,4,SP_SD
B0B4WTHLX5,220.53,32,3763,0.0,0,TC30S,Tonor,4,SP_SD
B0BBL47VR5,45.94,9,1513,0.0,0,TC40S,Tonor,4,SP_SD
B0BRCR2QQ7,10.879999999999999,2,215,0.0,0,TC30S+,Tonor,4,SP_SD
B0BRKDLXCD,875.32,75,12786,6523.73,2,T90,Tonor,4,SP_SD
B0BRKFP94K,1112.41,158,33387,8004.19,3,TD510,Tonor,4,SP_SD
B0BTCXQQ6M,13203.06,1135,148107,43184.75,22,TC310,Tonor,4,SP_SD
B0BYHHSLPC,1061.65,195,16259,4988.98,3,TC-777 PRO,Tonor,4,SP_SD
B0C8JDHLX9,0.0,0,3,0.0,0,T10,Tonor,4,SP_SD
B0CCV74CL7,986.98,50,5903,0.0,0,TC310+,Tonor,4,SP_SD
B0CCVBQRFX,0.0,0,6,0.0,0,TD510+,Tonor,4,SP_SD
B0CFKHCQ8W,2269.69,153,23367,5590.68,3,T20LP,Tonor,4,SP_SD
B0CQX3VB1R,1367.11,131,29908,14782.2,10,TD310+,Tonor,4,SP_SD
B0CQX4K9P5,3814.04,330,46642,21672.86,16,TD310,Tonor,4,SP_SD
B0CSCT63BL,914.1,87,17213,0.0,0,TM310,Tonor,4,SP_SD
B01ISNU3X4,4609.45,484,81277,27509.34,20,K1,Tonor,5,SP_SD
B078WNW4YW,1191.05,81,6661,4405.08,2,S20,Tonor,5,SP_SD
B07GVGMW59,1287.25,92,18456,9022.04,4,G11,Tonor,5,SP_SD
B07TSN2H9D,1144.15,244,58054,3643.22,1,TC-2030,Tonor,5,SP_SD
B07WLWN2ZT,1885.79,240,34455,3557.63,3,TC-777,Tonor,5,SP_SD
B082W4B7SX,2682.58,136,31082,8132.2,4,T20,Tonor,5,SP_SD
B089FVQD3Z,1029.82,42,10034,2033.06,1,T30,Tonor,5,SP_SD
B08CVP2HXP,1083.8,117,16817,3896.62,2,TC30,Tonor,5,SP_SD
B08NDB5NWP,969.83,89,25996,2541.53,1,TM20,Tonor,5,SP_SD
B08V1JS3NY,49.0,11,2335,0.0,0,TC40,Tonor,5,SP_SD
B09Z5Q194D,86.3,7,4103,0.0,0,ORCA001,Tonor,5,SP_SD
B0B4WTHLX5,59.89,13,2034,0.0,0,TC30S,Tonor,5,SP_SD
B0BBL47VR5,41.82,8,1777,0.0,0,TC40S,Tonor,5,SP_SD
B0BRCR2QQ7,10.18,4,487,0.0,0,TC30S+,Tonor,5,SP_SD
B0BRKDLXCD,0.0,0,14,0.0,0,T90,Tonor,5,SP_SD
B0BRKFP94K,1771.55,227,63583,6777.96,2,TD510,Tonor,5,SP_SD
B0BTCXQQ6M,8854.81,715,79388,25073.74,13,TC310,Tonor,5,SP_SD
B0BYHHSLPC,1826.48,267,26126,8385.6,5,TC-777 PRO,Tonor,5,SP_SD
B0C8JDHLX9,0.0,0,8,0.0,0,T10,Tonor,5,SP_SD
B0CCV74CL7,979.52,58,4617,7624.59,3,TC310+,Tonor,5,SP_SD
B0CCVBQRFX,0.0,0,5,0.0,0,TD510+,Tonor,5,SP_SD
B0CFKHCQ8W,3957.05,207,32083,11774.58,6,T20LP,Tonor,5,SP_SD
B0CQX3VB1R,2994.85,201,42434,12041.539999999999,8,TD310+,Tonor,5,SP_SD
B0CQX4K9P5,7043.58,526,66118,37434.659999999996,29,TD310,Tonor,5,SP_SD
B0CSCT63BL,973.01,79,13650,2160.17,2,TM310,Tonor,5,SP_SD
B01ISNU3X4,5828.55,568,90652,35372.94,24,K1,Tonor,6,SP_SD
B078WNW4YW,1108.3,68,6632,6607.62,3,S20,Tonor,6,SP_SD
B07GVGMW59,2335.79,145,29474,6861.86,3,G11,Tonor,6,SP_SD
B07TSN2H9D,2012.1000000000001,296,75959,3558.47,2,TC-2030,Tonor,6,SP_SD
B07WLWN2ZT,1650.09,193,20628,3727.12,2,TC-777,Tonor,6,SP_SD
B082W4B7SX,3584.69,156,31669,7666.9400000000005,3,T20,Tonor,6,SP_SD
B089FVQD3Z,457.62,21,7206,0.0,0,T30,Tonor,6,SP_SD
B08CVP2HXP,1680.04,151,16966,1905.93,1,TC30,Tonor,6,SP_SD
B08NDB5NWP,964.4399999999999,71,14481,2287.29,1,TM20,Tonor,6,SP_SD
B08V1JS3NY,59.790000000000006,12,2739,0.0,0,TC40,Tonor,6,SP_SD
B09Z5Q194D,91.27,9,1599,0.0,0,ORCA001,Tonor,6,SP_SD
B0B4WTHLX5,174.01,25,3042,2117.8,1,TC30S,Tonor,6,SP_SD
B0BBL47VR5,31.15,8,2679,0.0,0,TC40S,Tonor,6,SP_SD
B0BRCR2QQ7,5.36,2,935,0.0,0,TC30S+,Tonor,6,SP_SD
B0BRKDLXCD,0.0,0,14,0.0,0,T90,Tonor,6,SP_SD
B0BRKFP94K,2876.88,336,77730,9911.86,4,TD510,Tonor,6,SP_SD
B0BTCXQQ6M,7152.43,522,71449,20816.98,10,TC310,Tonor,6,SP_SD
B0BYHHSLPC,4628.31,515,47267,29857.62,18,TC-777 PRO,Tonor,6,SP_SD
B0C8JDHLX9,0.0,0,8,0.0,0,T10,Tonor,6,SP_SD
B0CCV74CL7,1056.68,62,8549,0.0,0,TC310+,Tonor,6,SP_SD
B0CCVBQRFX,0.0,0,3,0.0,0,TD510+,Tonor,6,SP_SD
B0CQX3VB1R,3140.7,183,32494,15838.98,10,TD310+,Tonor,6,SP_SD
B0CQX4K9P5,1459.1,105,11656,9316.94,7,TD310,Tonor,6,SP_SD
B0CSCT63BL,808.42,58,9512,1905.93,1,TM310,Tonor,6,SP_SD
B01ISNU3X4,5148.05,423,64002,21386.489999999998,14,K1,Tonor,7,SP_SD
B078WNW4YW,882.73,68,3597,4405.08,2,S20,Tonor,7,SP_SD
B07GVGMW59,2970.28,150,35078,9149.16,5,G11,Tonor,7,SP_SD
B07TSN2H9D,1316.37,227,52687,3558.47,1,TC-2030,Tonor,7,SP_SD
B07WLWN2ZT,1436.86,123,13824,1905.93,1,TC-777,Tonor,7,SP_SD
B082W4B7SX,2291.6,109,23770,2075.42,1,T20,Tonor,7,SP_SD
B089FVQD3Z,279.14,18,8280,2456.78,1,T30,Tonor,7,SP_SD
B08CVP2HXP,1157.52,127,11599,3811.86,2,TC30,Tonor,7,SP_SD
B08NDB5NWP,902.48,50,5641,5083.06,2,TM20,Tonor,7,SP_SD
B08V1JS3NY,61.910000000000004,14,2438,0.0,0,TC40,Tonor,7,SP_SD
B09Z5Q194D,39.81,5,994,0.0,0,ORCA001,Tonor,7,SP_SD
B0B4WTHLX5,19.25,5,894,0.0,0,TC30S,Tonor,7,SP_SD
B0BBL47VR5,20.78,5,1304,0.0,0,TC40S,Tonor,7,SP_SD
B0BRCR2QQ7,2.68,1,737,0.0,0,TC30S+,Tonor,7,SP_SD
B0BRKDLXCD,204.59,11,1683,3473.73,1,T90,Tonor,7,SP_SD
B0BRKFP94K,1456.07,200,35411,14317.779999999999,5,TD510,Tonor,7,SP_SD
B0BTCXQQ6M,3112.45,237,38247,10038.14,5,TC310,Tonor,7,SP_SD
B0BYHHSLPC,4307.88,428,35179,9394.91,6,TC-777 PRO,Tonor,7,SP_SD
B0C8JDHLX9,0.0,0,14,0.0,0,T10,Tonor,7,SP_SD
B0CCV74CL7,1018.68,66,6466,0.0,0,TC310+,Tonor,7,SP_SD
B0CCVBQRFX,0.0,0,8,0.0,0,TD510+,Tonor,7,SP_SD
B0CFKHCQ8W,0.0,0,0,0.0,0,T20LP,Tonor,7,SP_SD
B0CQX3VB1R,5334.68,307,44869,16093.199999999999,10,TD310+,Tonor,7,SP_SD
B0CQX4K9P5,710.4300000000001,54,5864,9656.78,6,TD310,Tonor,7,SP_SD
B0CSCT63BL,775.15,39,5960,0.0,0,TM310,Tonor,7,SP_SD
B01ISNU3X4,4361.63,352,55722,16982.22,11,K1,Tonor,8,SP_SD
B078WNW4YW,986.96,54,3587,4405.08,2,S20,Tonor,8,SP_SD
B07GVGMW59,1035.9099999999999,55,14418,2541.53,1,G11,Tonor,8,SP_SD
B07JMYG6LF,0.0,0,0,0.0,0,Q9,Tonor,8,SP_SD
B07TSN2H9D,765.55,172,36244,3388.98,1,TC-2030,Tonor,8,SP_SD
B07WLWN2ZT,425.03,60,5801,1778.81,1,TC-777,Tonor,8,SP_SD
B082W4B7SX,2470.53,78,22262,8683.04,4,T20,Tonor,8,SP_SD
B089FVQD3Z,87.47,3,643,0.0,0,T30,Tonor,8,SP_SD
B089SJGQBH,0.0,0,0,0.0,0,TC20,Tonor,8,SP_SD
B08CVP2HXP,1050.56,93,12114,7962.71,4,TC30,Tonor,8,SP_SD
B08NDB5NWP,394.01,33,4339,2541.53,1,TM20,Tonor,8,SP_SD
B08V1JS3NY,37.17,8,2078,0.0,0,TC40,Tonor,8,SP_SD
B09Z5Q194D,57.43000000000001,7,995,0.0,0,ORCA001,Tonor,8,SP_SD
B0B4WTHLX5,37.54,9,931,0.0,0,TC30S,Tonor,8,SP_SD
B0BBL47VR5,21.04,4,929,0.0,0,TC40S,Tonor,8,SP_SD
B0BRCR2QQ7,0.0,0,312,0.0,0,TC30S+,Tonor,8,SP_SD
B0BRKDLXCD,106.25999999999999,7,550,0.0,0,T90,Tonor,8,SP_SD
B0BRKFP94K,959.42,139,24151,10166.94,3,TD510,Tonor,8,SP_SD
B0BTCXQQ6M,2387.29,136,21333,6014.41,3,TC310,Tonor,8,SP_SD
B0BYHHSLPC,2709.39,320,24301,10122.02,6,TC-777 PRO,Tonor,8,SP_SD
B0C8JDHLX9,0.0,0,17,0.0,0,T10,Tonor,8,SP_SD
B0CCV74CL7,14.15,2,617,0.0,0,TC310+,Tonor,8,SP_SD
B0CCVBQRFX,0.0,0,7,0.0,0,TD510+,Tonor,8,SP_SD
B0CQX3VB1R,3035.12,203,34417,19269.47,13,TD310+,Tonor,8,SP_SD
B0CQX4K9P5,11.45,2,181,1482.2,1,TD310,Tonor,8,SP_SD
B0CSCT63BL,325.52,31,5005,0.0,0,TM310,Tonor,8,SP_SD
B01ISNU3X4,3311.4,269,42346,13933.07,9,K1,Tonor,9,SP_SD
B078WNW4YW,632.77,43,4154,0.0,0,S20,Tonor,9,SP_SD
B07GVGMW59,49.67,3,426,0.0,0,G11,Tonor,9,SP_SD
B07TSN2H9D,737.78,147,35105,0.0,0,TC-2030,Tonor,9,SP_SD
B07WLWN2ZT,641.78,84,10413,1609.32,1,TC-777,Tonor,9,SP_SD
B082W4B7SX,2047.78,86,18847,4150.84,2,T20,Tonor,9,SP_SD
B089FVQD3Z,0.0,0,1,0.0,0,T30,Tonor,9,SP_SD
B08CVP2HXP,1932.3400000000001,113,19306,0.0,0,TC30,Tonor,9,SP_SD
B08NDB5NWP,701.32,48,4228,2541.53,1,TM20,Tonor,9,SP_SD
B08V1JS3NY,43.63,11,1883,0.0,0,TC40,Tonor,9,SP_SD
B09Z5Q194D,37.65,4,815,0.0,0,ORCA001,Tonor,9,SP_SD
B0B4WTHLX5,210.37,34,3871,0.0,0,TC30S,Tonor,9,SP_SD
B0BBL47VR5,19.549999999999997,5,1346,0.0,0,TC40S,Tonor,9,SP_SD
B0BRCR2QQ7,15.219999999999999,2,228,0.0,0,TC30S+,Tonor,9,SP_SD
B0BRKDLXCD,0.0,0,9,0.0,0,T90,Tonor,9,SP_SD
B0BRKFP94K,1937.2,239,44477,13555.92,4,TD510,Tonor,9,SP_SD
B0BTCXQQ6M,3949.06,146,19915,6811.87,3,TC310,Tonor,9,SP_SD
B0BYHHSLPC,2768.8599999999997,322,24799,8046.599999999999,5,TC-777 PRO,Tonor,9,SP_SD
B0C8JDHLX9,0.0,0,12,0.0,0,T10,Tonor,9,SP_SD
B0CCV74CL7,27.71,3,890,0.0,0,TC310+,Tonor,9,SP_SD
B0CCVBQRFX,0.0,0,9,0.0,0,TD510+,Tonor,9,SP_SD
B0CQX3VB1R,3086.61,212,36738,16093.199999999999,10,TD310+,Tonor,9,SP_SD
B0CQX4K9P5,0.0,0,31,0.0,0,TD310,Tonor,9,SP_SD
B0CSCT63BL,380.74,33,4483,2117.8,1,TM310,Tonor,9,SP_SD
